event_id,timestamp,campaign_id,campaign_name,format,event_type,cost,revenue
EVT_886030,2026-07-30 10:31:38,CMP_102,Tech Gadgets Launch,CTV,q1_25,0.0,0.0
EVT_321692,2026-07-29 17:51:23,CMP_101,Summer Apparel,OLV,q1_25,0.0,0.0
EVT_481196,2026-07-28 23:12:21,CMP_101,Summer Apparel,OLV,impression,0.0046,0.0
EVT_175746,2026-07-29 08:17:25,CMP_103,B2B SaaS Trial,Display,impression,0.0139,0.0
EVT_239086,2026-07-30 00:52:41,CMP_102,Tech Gadgets Launch,CTV,q2_50,0.0,0.0
EVT_871134,2026-07-30 19:26:41,CMP_101,Summer Apparel,OLV,impression,0.0098,0.0
EVT_343606,2026-07-31 14:39:18,CMP_101,Summer Apparel,OLV,q3_75,0.0,0.0
EVT_323919,2026-07-31 09:05:21,CMP_103,B2B SaaS Trial,Display,impression,0.0135,0.0
EVT_130252,2026-07-29 19:37:30,CMP_103,B2B SaaS Trial,Display,impression,0.0041,0.0
EVT_608469,2026-07-30 01:12:55,CMP_101,Summer Apparel,OLV,conversion,0.0,46.51
EVT_689714,2026-07-29 23:56:15,CMP_101,Summer Apparel,OLV,q1_25,0.0,0.0
EVT_236331,2026-07-29 16:33:59,CMP_101,Summer Apparel,OLV,impression,0.0114,0.0
EVT_400240,2026-07-31 05:49:18,CMP_101,Summer Apparel,OLV,q3_75,0.0,0.0
EVT_273710,2026-07-31 17:18:15,CMP_103,B2B SaaS Trial,Display,q2_50,0.0,0.0
EVT_419767,2026-07-30 06:32:15,CMP_102,Tech Gadgets Launch,CTV,impression,0.0053,0.0
EVT_763697,2026-07-29 10:06:03,CMP_102,Tech Gadgets Launch,CTV,impression,0.0026,0.0
EVT_209092,2026-07-30 09:59:33,CMP_103,B2B SaaS Trial,Display,q1_25,0.0,0.0
EVT_666063,2026-07-31 03:15:59,CMP_101,Summer Apparel,OLV,q1_25,0.0,0.0
EVT_815838,2026-07-31 05:01:40,CMP_101,Summer Apparel,OLV,impression,0.0035,0.0
EVT_295911,2026-07-30 08:59:00,CMP_102,Tech Gadgets Launch,CTV,q1_25,0.0,0.0
EVT_520962,2026-07-31 19:05:09,CMP_101,Summer Apparel,OLV,impression,0.0059,0.0
EVT_975882,2026-07-30 12:36:59,CMP_101,Summer Apparel,OLV,impression,0.0056,0.0
EVT_718060,2026-07-31 04:10:42,CMP_102,Tech Gadgets Launch,CTV,q1_25,0.0,0.0
EVT_733576,2026-07-31 00:11:41,CMP_103,B2B SaaS Trial,Display,q1_25,0.0,0.0
EVT_798143,2026-07-28 21:34:23,CMP_102,Tech Gadgets Launch,CTV,impression,0.0122,0.0
EVT_772729,2026-07-30 07:34:39,CMP_103,B2B SaaS Trial,Display,q1_25,0.0,0.0
EVT_883303,2026-07-30 02:48:24,CMP_101,Summer Apparel,OLV,q3_75,0.0,0.0
EVT_112754,2026-07-31 07:47:32,CMP_103,B2B SaaS Trial,Display,impression,0.0097,0.0
EVT_906701,2026-07-31 00:03:56,CMP_101,Summer Apparel,OLV,impression,0.01,0.0
EVT_115402,2026-07-30 17:41:00,CMP_103,B2B SaaS Trial,Display,q3_75,0.0,0.0
EVT_341829,2026-07-29 02:35:04,CMP_101,Summer Apparel,OLV,impression,0.0078,0.0
EVT_998406,2026-07-29 14:26:53,CMP_102,Tech Gadgets Launch,CTV,impression,0.014,0.0
EVT_148192,2026-07-29 17:59:55,CMP_103,B2B SaaS Trial,Display,q3_75,0.0,0.0
EVT_471210,2026-07-30 00:52:50,CMP_103,B2B SaaS Trial,Display,impression,0.0047,0.0
EVT_472005,2026-07-29 23:51:06,CMP_102,Tech Gadgets Launch,CTV,impression,0.0114,0.0
EVT_821556,2026-07-30 02:45:14,CMP_102,Tech Gadgets Launch,CTV,impression,0.0051,0.0
EVT_303938,2026-07-31 11:17:41,CMP_101,Summer Apparel,OLV,impression,0.0067,0.0
EVT_926583,2026-07-30 06:30:01,CMP_101,Summer Apparel,OLV,q1_25,0.0,0.0
EVT_337885,2026-07-29 23:46:59,CMP_101,Summer Apparel,OLV,impression,0.0064,0.0
EVT_332387,2026-07-29 04:35:02,CMP_103,B2B SaaS Trial,Display,click,0.0,0.0
EVT_310201,2026-07-31 02:50:35,CMP_101,Summer Apparel,OLV,q2_50,0.0,0.0
EVT_714254,2026-07-31 17:34:46,CMP_102,Tech Gadgets Launch,CTV,q4_100,0.0,0.0
EVT_535585,2026-07-31 08:26:46,CMP_102,Tech Gadgets Launch,CTV,impression,0.0076,0.0
EVT_138236,2026-07-30 21:50:15,CMP_102,Tech Gadgets Launch,CTV,q1_25,0.0,0.0
EVT_226217,2026-07-29 16:34:49,CMP_102,Tech Gadgets Launch,CTV,q1_25,0.0,0.0
EVT_662085,2026-07-29 03:20:03,CMP_102,Tech Gadgets Launch,CTV,impression,0.0078,0.0
EVT_947781,2026-07-29 10:04:22,CMP_103,B2B SaaS Trial,Display,impression,0.0064,0.0
EVT_459219,2026-07-30 04:56:06,CMP_103,B2B SaaS Trial,Display,impression,0.0024,0.0
EVT_621799,2026-07-30 02:30:55,CMP_103,B2B SaaS Trial,Display,impression,0.0124,0.0
EVT_595811,2026-07-29 16:27:40,CMP_101,Summer Apparel,OLV,q3_75,0.0,0.0
EVT_734880,2026-07-28 22:34:46,CMP_101,Summer Apparel,OLV,q1_25,0.0,0.0
EVT_403621,2026-07-30 12:50:49,CMP_102,Tech Gadgets Launch,CTV,q1_25,0.0,0.0
EVT_789530,2026-07-30 09:17:15,CMP_102,Tech Gadgets Launch,CTV,impression,0.0137,0.0
EVT_806909,2026-07-30 00:19:14,CMP_102,Tech Gadgets Launch,CTV,impression,0.0149,0.0
EVT_559450,2026-07-31 14:57:36,CMP_101,Summer Apparel,OLV,impression,0.0101,0.0
EVT_933559,2026-07-29 01:27:00,CMP_103,B2B SaaS Trial,Display,q2_50,0.0,0.0
EVT_920537,2026-07-29 02:55:55,CMP_101,Summer Apparel,OLV,q1_25,0.0,0.0
EVT_491852,2026-07-30 13:16:16,CMP_103,B2B SaaS Trial,Display,q1_25,0.0,0.0
EVT_131178,2026-07-30 19:08:59,CMP_102,Tech Gadgets Launch,CTV,impression,0.0053,0.0
EVT_600097,2026-07-29 15:26:22,CMP_103,B2B SaaS Trial,Display,impression,0.0145,0.0
EVT_569160,2026-07-30 10:53:08,CMP_103,B2B SaaS Trial,Display,impression,0.005,0.0
EVT_555530,2026-07-30 23:21:29,CMP_102,Tech Gadgets Launch,CTV,impression,0.0128,0.0
EVT_983247,2026-07-29 13:22:21,CMP_101,Summer Apparel,OLV,impression,0.0126,0.0
EVT_539893,2026-07-30 06:28:06,CMP_101,Summer Apparel,OLV,impression,0.0089,0.0
EVT_334803,2026-07-30 06:16:13,CMP_101,Summer Apparel,OLV,q2_50,0.0,0.0
EVT_635993,2026-07-29 05:53:51,CMP_102,Tech Gadgets Launch,CTV,q1_25,0.0,0.0
EVT_492285,2026-07-30 23:57:19,CMP_103,B2B SaaS Trial,Display,q1_25,0.0,0.0
EVT_499106,2026-07-29 05:15:13,CMP_103,B2B SaaS Trial,Display,q4_100,0.0,0.0
EVT_234390,2026-07-29 22:23:45,CMP_102,Tech Gadgets Launch,CTV,impression,0.0082,0.0
EVT_696728,2026-07-30 18:59:43,CMP_103,B2B SaaS Trial,Display,impression,0.0104,0.0
EVT_533300,2026-07-29 16:52:55,CMP_102,Tech Gadgets Launch,CTV,q1_25,0.0,0.0
EVT_719400,2026-07-30 00:37:47,CMP_103,B2B SaaS Trial,Display,impression,0.0068,0.0
EVT_127796,2026-07-30 13:08:34,CMP_103,B2B SaaS Trial,Display,q1_25,0.0,0.0
EVT_701661,2026-07-29 18:05:53,CMP_103,B2B SaaS Trial,Display,q1_25,0.0,0.0
EVT_411645,2026-07-29 06:39:16,CMP_101,Summer Apparel,OLV,q1_25,0.0,0.0
EVT_621482,2026-07-29 19:30:47,CMP_103,B2B SaaS Trial,Display,impression,0.0071,0.0
EVT_936816,2026-07-31 19:53:54,CMP_101,Summer Apparel,OLV,impression,0.0065,0.0
EVT_104531,2026-07-30 19:06:22,CMP_103,B2B SaaS Trial,Display,impression,0.0031,0.0
EVT_151526,2026-07-30 23:18:34,CMP_103,B2B SaaS Trial,Display,q1_25,0.0,0.0
EVT_439577,2026-07-28 23:26:59,CMP_102,Tech Gadgets Launch,CTV,q4_100,0.0,0.0
EVT_472211,2026-07-31 18:06:51,CMP_103,B2B SaaS Trial,Display,impression,0.0037,0.0
EVT_704787,2026-07-30 16:04:20,CMP_101,Summer Apparel,OLV,impression,0.0125,0.0
EVT_444155,2026-07-30 03:58:42,CMP_103,B2B SaaS Trial,Display,impression,0.0081,0.0
EVT_350747,2026-07-31 16:19:17,CMP_102,Tech Gadgets Launch,CTV,q3_75,0.0,0.0
EVT_577969,2026-07-29 21:09:40,CMP_103,B2B SaaS Trial,Display,impression,0.0034,0.0
EVT_144413,2026-07-30 23:13:28,CMP_101,Summer Apparel,OLV,q3_75,0.0,0.0
EVT_475284,2026-07-30 04:26:55,CMP_101,Summer Apparel,OLV,impression,0.0063,0.0
EVT_635807,2026-07-30 16:36:54,CMP_101,Summer Apparel,OLV,q1_25,0.0,0.0
EVT_847517,2026-07-29 19:58:54,CMP_102,Tech Gadgets Launch,CTV,impression,0.0051,0.0
EVT_889180,2026-07-29 11:53:08,CMP_102,Tech Gadgets Launch,CTV,impression,0.0045,0.0
EVT_498825,2026-07-31 13:11:28,CMP_103,B2B SaaS Trial,Display,click,0.0,0.0
EVT_807626,2026-07-29 11:28:48,CMP_101,Summer Apparel,OLV,q1_25,0.0,0.0
EVT_463489,2026-07-29 13:33:26,CMP_101,Summer Apparel,OLV,q2_50,0.0,0.0
EVT_176253,2026-07-28 22:15:15,CMP_102,Tech Gadgets Launch,CTV,impression,0.0077,0.0
EVT_169783,2026-07-28 23:07:14,CMP_102,Tech Gadgets Launch,CTV,impression,0.0035,0.0
EVT_146954,2026-07-29 23:03:38,CMP_102,Tech Gadgets Launch,CTV,q1_25,0.0,0.0
EVT_310072,2026-07-30 03:18:09,CMP_101,Summer Apparel,OLV,impression,0.007,0.0
EVT_852545,2026-07-29 07:10:46,CMP_101,Summer Apparel,OLV,q3_75,0.0,0.0
EVT_539570,2026-07-30 17:32:52,CMP_102,Tech Gadgets Launch,CTV,q1_25,0.0,0.0
EVT_318444,2026-07-31 13:03:42,CMP_102,Tech Gadgets Launch,CTV,impression,0.0023,0.0
EVT_173753,2026-07-30 00:44:07,CMP_103,B2B SaaS Trial,Display,impression,0.0136,0.0
EVT_290178,2026-07-29 08:44:50,CMP_103,B2B SaaS Trial,Display,impression,0.0109,0.0
EVT_318588,2026-07-30 22:52:41,CMP_103,B2B SaaS Trial,Display,impression,0.0022,0.0
EVT_750710,2026-07-30 20:12:39,CMP_102,Tech Gadgets Launch,CTV,q1_25,0.0,0.0
EVT_221505,2026-07-29 09:00:29,CMP_102,Tech Gadgets Launch,CTV,impression,0.0065,0.0
EVT_910194,2026-07-29 18:45:30,CMP_101,Summer Apparel,OLV,impression,0.0073,0.0
EVT_127318,2026-07-29 06:50:42,CMP_102,Tech Gadgets Launch,CTV,impression,0.0091,0.0
EVT_532639,2026-07-30 16:25:14,CMP_103,B2B SaaS Trial,Display,q2_50,0.0,0.0
EVT_621383,2026-07-30 03:46:46,CMP_102,Tech Gadgets Launch,CTV,q1_25,0.0,0.0
EVT_554203,2026-07-29 03:19:22,CMP_102,Tech Gadgets Launch,CTV,impression,0.0134,0.0
EVT_823945,2026-07-31 16:02:40,CMP_101,Summer Apparel,OLV,impression,0.004,0.0
EVT_996044,2026-07-31 01:00:34,CMP_102,Tech Gadgets Launch,CTV,q4_100,0.0,0.0
EVT_126707,2026-07-30 08:29:12,CMP_103,B2B SaaS Trial,Display,impression,0.0109,0.0
EVT_207921,2026-07-29 03:31:17,CMP_103,B2B SaaS Trial,Display,impression,0.0148,0.0
EVT_442794,2026-07-28 23:40:08,CMP_103,B2B SaaS Trial,Display,impression,0.0099,0.0
EVT_274347,2026-07-30 16:26:44,CMP_103,B2B SaaS Trial,Display,impression,0.005,0.0
EVT_308984,2026-07-30 02:42:31,CMP_101,Summer Apparel,OLV,q1_25,0.0,0.0
EVT_808548,2026-07-31 02:18:10,CMP_103,B2B SaaS Trial,Display,impression,0.0046,0.0
EVT_538037,2026-07-29 03:52:25,CMP_103,B2B SaaS Trial,Display,q3_75,0.0,0.0
EVT_278533,2026-07-29 20:53:10,CMP_103,B2B SaaS Trial,Display,impression,0.005,0.0
EVT_592379,2026-07-30 14:46:52,CMP_103,B2B SaaS Trial,Display,q3_75,0.0,0.0
EVT_621528,2026-07-30 19:25:20,CMP_101,Summer Apparel,OLV,impression,0.0107,0.0
EVT_597082,2026-07-31 08:25:06,CMP_101,Summer Apparel,OLV,impression,0.0022,0.0
EVT_719143,2026-07-31 17:26:22,CMP_102,Tech Gadgets Launch,CTV,q3_75,0.0,0.0
EVT_120901,2026-07-30 13:39:31,CMP_101,Summer Apparel,OLV,impression,0.0025,0.0
EVT_562988,2026-07-31 05:27:28,CMP_103,B2B SaaS Trial,Display,click,0.0,0.0
EVT_261413,2026-07-30 17:54:01,CMP_103,B2B SaaS Trial,Display,impression,0.0148,0.0
EVT_254561,2026-07-31 13:45:54,CMP_103,B2B SaaS Trial,Display,q4_100,0.0,0.0
EVT_781829,2026-07-31 09:52:26,CMP_102,Tech Gadgets Launch,CTV,q1_25,0.0,0.0
EVT_665274,2026-07-31 18:57:02,CMP_103,B2B SaaS Trial,Display,q2_50,0.0,0.0
EVT_516002,2026-07-29 13:09:34,CMP_103,B2B SaaS Trial,Display,q2_50,0.0,0.0
EVT_445920,2026-07-30 20:34:14,CMP_102,Tech Gadgets Launch,CTV,impression,0.0146,0.0
EVT_898769,2026-07-30 14:27:04,CMP_101,Summer Apparel,OLV,q2_50,0.0,0.0
EVT_435229,2026-07-28 21:15:38,CMP_102,Tech Gadgets Launch,CTV,impression,0.0076,0.0
EVT_194330,2026-07-29 21:45:53,CMP_103,B2B SaaS Trial,Display,impression,0.0057,0.0
EVT_974187,2026-07-30 07:37:03,CMP_102,Tech Gadgets Launch,CTV,impression,0.0087,0.0
EVT_417674,2026-07-30 15:04:40,CMP_101,Summer Apparel,OLV,impression,0.0054,0.0
EVT_631757,2026-07-29 07:39:43,CMP_102,Tech Gadgets Launch,CTV,q2_50,0.0,0.0
EVT_711646,2026-07-29 18:35:07,CMP_101,Summer Apparel,OLV,impression,0.0056,0.0
EVT_427888,2026-07-29 10:24:46,CMP_101,Summer Apparel,OLV,impression,0.0066,0.0
EVT_678132,2026-07-29 14:34:09,CMP_103,B2B SaaS Trial,Display,impression,0.011,0.0
EVT_247980,2026-07-29 08:40:58,CMP_102,Tech Gadgets Launch,CTV,q3_75,0.0,0.0
EVT_381761,2026-07-29 23:07:47,CMP_102,Tech Gadgets Launch,CTV,impression,0.0069,0.0
EVT_867054,2026-07-29 11:42:01,CMP_102,Tech Gadgets Launch,CTV,impression,0.0023,0.0
EVT_105601,2026-07-30 00:44:49,CMP_103,B2B SaaS Trial,Display,q1_25,0.0,0.0
EVT_724703,2026-07-30 17:15:16,CMP_101,Summer Apparel,OLV,impression,0.0031,0.0
EVT_519373,2026-07-29 06:56:23,CMP_101,Summer Apparel,OLV,impression,0.0089,0.0
EVT_838767,2026-07-30 12:51:56,CMP_102,Tech Gadgets Launch,CTV,impression,0.0101,0.0
EVT_403017,2026-07-31 15:34:43,CMP_101,Summer Apparel,OLV,q1_25,0.0,0.0
EVT_533743,2026-07-29 06:49:53,CMP_103,B2B SaaS Trial,Display,impression,0.0085,0.0
EVT_130555,2026-07-29 06:14:51,CMP_101,Summer Apparel,OLV,q1_25,0.0,0.0
EVT_438322,2026-07-31 15:56:24,CMP_103,B2B SaaS Trial,Display,q1_25,0.0,0.0
EVT_212896,2026-07-29 12:21:06,CMP_103,B2B SaaS Trial,Display,q1_25,0.0,0.0
EVT_757252,2026-07-31 11:02:11,CMP_103,B2B SaaS Trial,Display,q3_75,0.0,0.0
EVT_406120,2026-07-30 12:56:38,CMP_102,Tech Gadgets Launch,CTV,impression,0.0128,0.0
EVT_574916,2026-07-29 16:26:07,CMP_102,Tech Gadgets Launch,CTV,q1_25,0.0,0.0
EVT_972495,2026-07-30 18:01:02,CMP_101,Summer Apparel,OLV,q1_25,0.0,0.0
EVT_414474,2026-07-31 05:49:07,CMP_102,Tech Gadgets Launch,CTV,impression,0.0061,0.0
EVT_663167,2026-07-31 15:27:47,CMP_103,B2B SaaS Trial,Display,q2_50,0.0,0.0
EVT_986396,2026-07-31 10:02:20,CMP_102,Tech Gadgets Launch,CTV,q3_75,0.0,0.0
EVT_672013,2026-07-29 16:32:47,CMP_101,Summer Apparel,OLV,impression,0.005,0.0
EVT_151247,2026-07-30 17:20:30,CMP_103,B2B SaaS Trial,Display,impression,0.0115,0.0
EVT_486662,2026-07-30 03:01:08,CMP_103,B2B SaaS Trial,Display,q1_25,0.0,0.0
EVT_168266,2026-07-29 02:02:25,CMP_103,B2B SaaS Trial,Display,impression,0.0133,0.0
EVT_585476,2026-07-31 19:21:13,CMP_102,Tech Gadgets Launch,CTV,q3_75,0.0,0.0
EVT_988843,2026-07-30 07:39:50,CMP_102,Tech Gadgets Launch,CTV,impression,0.0083,0.0
EVT_973467,2026-07-30 17:16:03,CMP_101,Summer Apparel,OLV,impression,0.0129,0.0
EVT_892216,2026-07-29 13:45:54,CMP_101,Summer Apparel,OLV,q1_25,0.0,0.0
EVT_896428,2026-07-31 11:36:44,CMP_101,Summer Apparel,OLV,impression,0.0114,0.0
EVT_703223,2026-07-30 01:45:13,CMP_101,Summer Apparel,OLV,impression,0.0053,0.0
EVT_618196,2026-07-29 13:19:17,CMP_101,Summer Apparel,OLV,q2_50,0.0,0.0
EVT_206273,2026-07-31 09:21:44,CMP_103,B2B SaaS Trial,Display,q2_50,0.0,0.0
EVT_909378,2026-07-28 21:50:37,CMP_101,Summer Apparel,OLV,q3_75,0.0,0.0
EVT_820934,2026-07-29 18:38:02,CMP_103,B2B SaaS Trial,Display,impression,0.0042,0.0
EVT_422409,2026-07-29 01:04:03,CMP_103,B2B SaaS Trial,Display,impression,0.0022,0.0
EVT_138449,2026-07-31 20:30:33,CMP_101,Summer Apparel,OLV,impression,0.0114,0.0
EVT_981357,2026-07-30 04:14:12,CMP_101,Summer Apparel,OLV,impression,0.0094,0.0
EVT_965833,2026-07-31 03:43:18,CMP_103,B2B SaaS Trial,Display,impression,0.0148,0.0
EVT_484796,2026-07-31 00:27:02,CMP_102,Tech Gadgets Launch,CTV,q1_25,0.0,0.0
EVT_513503,2026-07-31 15:02:08,CMP_102,Tech Gadgets Launch,CTV,q2_50,0.0,0.0
EVT_881927,2026-07-29 08:58:23,CMP_102,Tech Gadgets Launch,CTV,q3_75,0.0,0.0
EVT_885029,2026-07-31 01:23:39,CMP_101,Summer Apparel,OLV,impression,0.0111,0.0
EVT_437434,2026-07-30 08:29:48,CMP_102,Tech Gadgets Launch,CTV,q1_25,0.0,0.0
EVT_347847,2026-07-29 04:26:20,CMP_103,B2B SaaS Trial,Display,q1_25,0.0,0.0
EVT_527037,2026-07-29 05:39:03,CMP_101,Summer Apparel,OLV,q4_100,0.0,0.0
EVT_380797,2026-07-30 16:52:53,CMP_101,Summer Apparel,OLV,impression,0.0147,0.0
EVT_958352,2026-07-29 02:37:21,CMP_101,Summer Apparel,OLV,impression,0.002,0.0
EVT_562258,2026-07-29 14:56:26,CMP_102,Tech Gadgets Launch,CTV,q3_75,0.0,0.0
EVT_789669,2026-07-29 05:23:56,CMP_103,B2B SaaS Trial,Display,q1_25,0.0,0.0
EVT_887021,2026-07-31 13:32:01,CMP_101,Summer Apparel,OLV,impression,0.014,0.0
EVT_986858,2026-07-29 00:58:04,CMP_101,Summer Apparel,OLV,impression,0.0085,0.0
EVT_633191,2026-07-31 14:37:42,CMP_101,Summer Apparel,OLV,impression,0.0138,0.0
EVT_232302,2026-07-31 03:00:32,CMP_103,B2B SaaS Trial,Display,impression,0.0081,0.0
EVT_437307,2026-07-30 03:25:45,CMP_101,Summer Apparel,OLV,q4_100,0.0,0.0
EVT_201124,2026-07-31 00:49:18,CMP_101,Summer Apparel,OLV,q3_75,0.0,0.0
EVT_375066,2026-07-30 14:19:04,CMP_101,Summer Apparel,OLV,impression,0.0075,0.0
EVT_628114,2026-07-31 14:37:34,CMP_102,Tech Gadgets Launch,CTV,impression,0.0146,0.0
EVT_333440,2026-07-29 17:30:59,CMP_101,Summer Apparel,OLV,impression,0.0102,0.0
EVT_738899,2026-07-30 14:28:35,CMP_102,Tech Gadgets Launch,CTV,impression,0.0109,0.0
EVT_810155,2026-07-29 00:20:17,CMP_101,Summer Apparel,OLV,impression,0.0118,0.0
EVT_256906,2026-07-28 22:25:04,CMP_101,Summer Apparel,OLV,impression,0.0112,0.0
EVT_321540,2026-07-30 07:27:35,CMP_101,Summer Apparel,OLV,impression,0.0097,0.0
EVT_496516,2026-07-31 12:20:40,CMP_102,Tech Gadgets Launch,CTV,impression,0.0046,0.0
EVT_696368,2026-07-30 05:17:36,CMP_102,Tech Gadgets Launch,CTV,q2_50,0.0,0.0
EVT_147264,2026-07-30 20:41:45,CMP_102,Tech Gadgets Launch,CTV,impression,0.0086,0.0
EVT_900097,2026-07-29 16:21:03,CMP_103,B2B SaaS Trial,Display,q3_75,0.0,0.0
EVT_280874,2026-07-31 09:12:29,CMP_102,Tech Gadgets Launch,CTV,q1_25,0.0,0.0
EVT_962982,2026-07-30 23:27:40,CMP_102,Tech Gadgets Launch,CTV,q3_75,0.0,0.0
EVT_461172,2026-07-30 04:27:13,CMP_101,Summer Apparel,OLV,q2_50,0.0,0.0
EVT_526706,2026-07-30 07:13:57,CMP_102,Tech Gadgets Launch,CTV,impression,0.0033,0.0
EVT_448039,2026-07-30 17:52:33,CMP_103,B2B SaaS Trial,Display,impression,0.0083,0.0
EVT_700846,2026-07-31 03:23:53,CMP_101,Summer Apparel,OLV,impression,0.0041,0.0
EVT_453794,2026-07-30 14:08:27,CMP_102,Tech Gadgets Launch,CTV,q2_50,0.0,0.0
EVT_922422,2026-07-30 08:28:16,CMP_103,B2B SaaS Trial,Display,q1_25,0.0,0.0
EVT_665022,2026-07-30 14:36:09,CMP_102,Tech Gadgets Launch,CTV,impression,0.0128,0.0
EVT_697595,2026-07-29 00:24:35,CMP_101,Summer Apparel,OLV,impression,0.0022,0.0
EVT_740556,2026-07-30 10:57:17,CMP_101,Summer Apparel,OLV,impression,0.0089,0.0
EVT_770928,2026-07-29 13:39:37,CMP_101,Summer Apparel,OLV,impression,0.0048,0.0
EVT_499326,2026-07-29 03:50:00,CMP_103,B2B SaaS Trial,Display,impression,0.0115,0.0
EVT_394818,2026-07-30 12:00:35,CMP_103,B2B SaaS Trial,Display,q2_50,0.0,0.0
EVT_828604,2026-07-30 08:03:56,CMP_103,B2B SaaS Trial,Display,q2_50,0.0,0.0
EVT_645397,2026-07-30 20:31:26,CMP_102,Tech Gadgets Launch,CTV,impression,0.0079,0.0
EVT_837469,2026-07-29 12:26:59,CMP_103,B2B SaaS Trial,Display,impression,0.0086,0.0
EVT_820130,2026-07-30 05:26:00,CMP_103,B2B SaaS Trial,Display,q2_50,0.0,0.0
EVT_707662,2026-07-31 00:00:39,CMP_101,Summer Apparel,OLV,click,0.0,0.0
EVT_242292,2026-07-31 02:10:47,CMP_103,B2B SaaS Trial,Display,impression,0.0035,0.0
EVT_368096,2026-07-30 02:53:45,CMP_103,B2B SaaS Trial,Display,impression,0.0087,0.0
EVT_132394,2026-07-30 17:29:20,CMP_102,Tech Gadgets Launch,CTV,impression,0.0106,0.0
EVT_661463,2026-07-31 11:05:45,CMP_103,B2B SaaS Trial,Display,q4_100,0.0,0.0
EVT_445453,2026-07-30 12:47:31,CMP_103,B2B SaaS Trial,Display,q2_50,0.0,0.0
EVT_977958,2026-07-30 12:41:27,CMP_103,B2B SaaS Trial,Display,q1_25,0.0,0.0
EVT_859445,2026-07-29 16:13:22,CMP_103,B2B SaaS Trial,Display,q2_50,0.0,0.0
EVT_746748,2026-07-30 01:52:45,CMP_103,B2B SaaS Trial,Display,impression,0.0034,0.0
EVT_372960,2026-07-30 01:22:40,CMP_101,Summer Apparel,OLV,impression,0.0039,0.0
EVT_549705,2026-07-30 07:55:45,CMP_101,Summer Apparel,OLV,impression,0.0028,0.0
EVT_734497,2026-07-30 20:06:01,CMP_101,Summer Apparel,OLV,q1_25,0.0,0.0
EVT_742437,2026-07-30 09:46:46,CMP_101,Summer Apparel,OLV,q1_25,0.0,0.0
EVT_442347,2026-07-29 05:14:56,CMP_101,Summer Apparel,OLV,impression,0.0148,0.0
EVT_731692,2026-07-30 08:50:00,CMP_103,B2B SaaS Trial,Display,impression,0.0087,0.0
EVT_655170,2026-07-31 14:58:27,CMP_101,Summer Apparel,OLV,q2_50,0.0,0.0
EVT_832663,2026-07-30 21:31:38,CMP_101,Summer Apparel,OLV,impression,0.0046,0.0
EVT_735711,2026-07-31 19:08:29,CMP_101,Summer Apparel,OLV,q1_25,0.0,0.0
EVT_714739,2026-07-29 03:09:03,CMP_101,Summer Apparel,OLV,impression,0.0042,0.0
EVT_864701,2026-07-29 10:23:15,CMP_103,B2B SaaS Trial,Display,q2_50,0.0,0.0
EVT_613842,2026-07-29 17:04:45,CMP_101,Summer Apparel,OLV,impression,0.0102,0.0
EVT_600899,2026-07-30 05:47:33,CMP_102,Tech Gadgets Launch,CTV,q2_50,0.0,0.0
EVT_869607,2026-07-31 01:56:06,CMP_101,Summer Apparel,OLV,impression,0.0148,0.0
EVT_452414,2026-07-30 16:08:36,CMP_101,Summer Apparel,OLV,impression,0.011,0.0
EVT_487437,2026-07-29 05:58:00,CMP_102,Tech Gadgets Launch,CTV,impression,0.0111,0.0
EVT_140548,2026-07-30 22:50:34,CMP_101,Summer Apparel,OLV,q2_50,0.0,0.0
EVT_400946,2026-07-31 09:21:33,CMP_102,Tech Gadgets Launch,CTV,impression,0.0122,0.0
EVT_267573,2026-07-30 00:49:39,CMP_101,Summer Apparel,OLV,impression,0.0072,0.0
EVT_151255,2026-07-31 20:14:46,CMP_103,B2B SaaS Trial,Display,q1_25,0.0,0.0
EVT_132622,2026-07-31 05:08:02,CMP_103,B2B SaaS Trial,Display,q3_75,0.0,0.0
EVT_997812,2026-07-31 00:47:55,CMP_103,B2B SaaS Trial,Display,impression,0.0085,0.0
EVT_332408,2026-07-29 19:10:47,CMP_101,Summer Apparel,OLV,q3_75,0.0,0.0
EVT_761099,2026-07-29 16:52:01,CMP_101,Summer Apparel,OLV,q1_25,0.0,0.0
EVT_376528,2026-07-30 02:16:14,CMP_103,B2B SaaS Trial,Display,impression,0.0092,0.0
EVT_848245,2026-07-31 08:32:47,CMP_103,B2B SaaS Trial,Display,impression,0.0103,0.0
EVT_111157,2026-07-30 02:04:29,CMP_103,B2B SaaS Trial,Display,impression,0.0078,0.0
EVT_301043,2026-07-29 06:12:33,CMP_103,B2B SaaS Trial,Display,q2_50,0.0,0.0
EVT_120308,2026-07-29 09:20:06,CMP_101,Summer Apparel,OLV,impression,0.0081,0.0
EVT_139467,2026-07-29 10:38:24,CMP_101,Summer Apparel,OLV,q2_50,0.0,0.0
EVT_431815,2026-07-29 22:33:51,CMP_103,B2B SaaS Trial,Display,impression,0.0056,0.0
EVT_131735,2026-07-29 13:41:09,CMP_103,B2B SaaS Trial,Display,q3_75,0.0,0.0
EVT_522237,2026-07-29 13:11:41,CMP_101,Summer Apparel,OLV,impression,0.0131,0.0
EVT_130003,2026-07-30 20:25:17,CMP_102,Tech Gadgets Launch,CTV,impression,0.0044,0.0
EVT_213954,2026-07-31 16:24:34,CMP_101,Summer Apparel,OLV,q2_50,0.0,0.0
EVT_115814,2026-07-31 15:02:17,CMP_102,Tech Gadgets Launch,CTV,q4_100,0.0,0.0
EVT_971877,2026-07-31 20:13:13,CMP_103,B2B SaaS Trial,Display,q2_50,0.0,0.0
EVT_927417,2026-07-30 10:27:45,CMP_103,B2B SaaS Trial,Display,impression,0.0094,0.0
EVT_239354,2026-07-30 03:03:43,CMP_103,B2B SaaS Trial,Display,q2_50,0.0,0.0
EVT_193703,2026-07-30 22:55:27,CMP_103,B2B SaaS Trial,Display,impression,0.0144,0.0
EVT_599219,2026-07-28 23:34:52,CMP_103,B2B SaaS Trial,Display,q2_50,0.0,0.0
EVT_660609,2026-07-30 04:58:19,CMP_102,Tech Gadgets Launch,CTV,q1_25,0.0,0.0
EVT_183890,2026-07-28 22:26:49,CMP_103,B2B SaaS Trial,Display,q1_25,0.0,0.0
EVT_264662,2026-07-31 14:18:59,CMP_103,B2B SaaS Trial,Display,q1_25,0.0,0.0
EVT_749866,2026-07-31 08:25:31,CMP_102,Tech Gadgets Launch,CTV,q1_25,0.0,0.0
EVT_389515,2026-07-30 04:58:41,CMP_102,Tech Gadgets Launch,CTV,impression,0.0096,0.0
EVT_252254,2026-07-30 08:45:38,CMP_102,Tech Gadgets Launch,CTV,q1_25,0.0,0.0
EVT_914083,2026-07-30 08:11:40,CMP_103,B2B SaaS Trial,Display,impression,0.0138,0.0
EVT_429890,2026-07-29 19:27:00,CMP_102,Tech Gadgets Launch,CTV,impression,0.0099,0.0
EVT_852208,2026-07-28 22:31:50,CMP_103,B2B SaaS Trial,Display,impression,0.003,0.0
EVT_402306,2026-07-31 15:04:41,CMP_101,Summer Apparel,OLV,q3_75,0.0,0.0
EVT_219314,2026-07-29 05:22:57,CMP_102,Tech Gadgets Launch,CTV,impression,0.0054,0.0
EVT_343630,2026-07-31 17:27:22,CMP_103,B2B SaaS Trial,Display,q1_25,0.0,0.0
EVT_776288,2026-07-29 10:38:52,CMP_102,Tech Gadgets Launch,CTV,impression,0.0035,0.0
EVT_892644,2026-07-29 16:34:15,CMP_101,Summer Apparel,OLV,impression,0.0063,0.0
EVT_801491,2026-07-29 05:20:31,CMP_102,Tech Gadgets Launch,CTV,q1_25,0.0,0.0
EVT_387114,2026-07-31 09:11:27,CMP_101,Summer Apparel,OLV,q1_25,0.0,0.0
EVT_152539,2026-07-29 04:11:02,CMP_103,B2B SaaS Trial,Display,impression,0.0098,0.0
EVT_429046,2026-07-30 16:26:28,CMP_102,Tech Gadgets Launch,CTV,q1_25,0.0,0.0
EVT_464342,2026-07-30 23:54:46,CMP_101,Summer Apparel,OLV,q4_100,0.0,0.0
EVT_769326,2026-07-28 23:30:11,CMP_103,B2B SaaS Trial,Display,impression,0.0102,0.0
EVT_902337,2026-07-30 15:22:06,CMP_103,B2B SaaS Trial,Display,q1_25,0.0,0.0
EVT_300610,2026-07-29 21:50:24,CMP_102,Tech Gadgets Launch,CTV,q1_25,0.0,0.0
EVT_982363,2026-07-30 05:33:12,CMP_101,Summer Apparel,OLV,q2_50,0.0,0.0
EVT_745554,2026-07-30 22:33:12,CMP_103,B2B SaaS Trial,Display,impression,0.014,0.0
EVT_275861,2026-07-29 19:01:56,CMP_101,Summer Apparel,OLV,q2_50,0.0,0.0
EVT_559845,2026-07-30 13:51:09,CMP_101,Summer Apparel,OLV,impression,0.0115,0.0
EVT_651436,2026-07-31 09:20:24,CMP_103,B2B SaaS Trial,Display,impression,0.0048,0.0
EVT_407077,2026-07-30 17:59:30,CMP_103,B2B SaaS Trial,Display,impression,0.0029,0.0
EVT_577948,2026-07-29 21:56:29,CMP_101,Summer Apparel,OLV,impression,0.0074,0.0
EVT_862434,2026-07-29 06:50:11,CMP_102,Tech Gadgets Launch,CTV,impression,0.013,0.0
EVT_353029,2026-07-30 14:58:00,CMP_103,B2B SaaS Trial,Display,q2_50,0.0,0.0
EVT_864734,2026-07-31 07:18:14,CMP_102,Tech Gadgets Launch,CTV,q1_25,0.0,0.0
EVT_820828,2026-07-31 04:57:53,CMP_101,Summer Apparel,OLV,impression,0.0086,0.0
EVT_922365,2026-07-29 03:28:18,CMP_101,Summer Apparel,OLV,q1_25,0.0,0.0
EVT_712881,2026-07-31 13:42:30,CMP_101,Summer Apparel,OLV,q1_25,0.0,0.0
EVT_690199,2026-07-29 22:20:40,CMP_102,Tech Gadgets Launch,CTV,q1_25,0.0,0.0
EVT_784890,2026-07-31 15:22:36,CMP_103,B2B SaaS Trial,Display,q2_50,0.0,0.0
EVT_419963,2026-07-31 08:57:34,CMP_101,Summer Apparel,OLV,impression,0.0102,0.0
EVT_600827,2026-07-29 05:49:59,CMP_102,Tech Gadgets Launch,CTV,impression,0.0033,0.0
EVT_868437,2026-07-31 03:41:30,CMP_101,Summer Apparel,OLV,impression,0.0143,0.0
EVT_138936,2026-07-31 06:39:07,CMP_101,Summer Apparel,OLV,impression,0.0074,0.0
EVT_960627,2026-07-30 17:56:07,CMP_102,Tech Gadgets Launch,CTV,impression,0.006,0.0
EVT_759439,2026-07-30 16:36:20,CMP_103,B2B SaaS Trial,Display,impression,0.0108,0.0
EVT_616849,2026-07-30 04:07:56,CMP_101,Summer Apparel,OLV,click,0.0,0.0
EVT_265100,2026-07-29 21:36:07,CMP_103,B2B SaaS Trial,Display,impression,0.0082,0.0
EVT_409463,2026-07-30 17:40:55,CMP_101,Summer Apparel,OLV,impression,0.0022,0.0
EVT_182515,2026-07-30 19:37:22,CMP_103,B2B SaaS Trial,Display,q3_75,0.0,0.0
EVT_693216,2026-07-31 06:35:42,CMP_103,B2B SaaS Trial,Display,impression,0.0144,0.0
EVT_931099,2026-07-30 12:04:53,CMP_103,B2B SaaS Trial,Display,impression,0.0106,0.0
EVT_162518,2026-07-31 12:31:19,CMP_102,Tech Gadgets Launch,CTV,impression,0.0077,0.0
EVT_908531,2026-07-30 04:38:58,CMP_103,B2B SaaS Trial,Display,q4_100,0.0,0.0
EVT_854633,2026-07-29 13:08:14,CMP_101,Summer Apparel,OLV,impression,0.0041,0.0
EVT_342366,2026-07-30 05:34:00,CMP_101,Summer Apparel,OLV,q1_25,0.0,0.0
EVT_451529,2026-07-30 21:57:50,CMP_103,B2B SaaS Trial,Display,impression,0.0025,0.0
EVT_373597,2026-07-29 07:23:12,CMP_103,B2B SaaS Trial,Display,q1_25,0.0,0.0
EVT_681580,2026-07-29 22:38:18,CMP_103,B2B SaaS Trial,Display,q1_25,0.0,0.0
EVT_533394,2026-07-31 10:52:42,CMP_102,Tech Gadgets Launch,CTV,impression,0.006,0.0
EVT_890366,2026-07-29 06:49:13,CMP_103,B2B SaaS Trial,Display,q3_75,0.0,0.0
EVT_923339,2026-07-29 04:47:10,CMP_102,Tech Gadgets Launch,CTV,q1_25,0.0,0.0
EVT_601681,2026-07-29 17:41:57,CMP_103,B2B SaaS Trial,Display,q2_50,0.0,0.0
EVT_492747,2026-07-29 14:36:58,CMP_102,Tech Gadgets Launch,CTV,impression,0.0076,0.0
EVT_879474,2026-07-29 09:39:20,CMP_103,B2B SaaS Trial,Display,click,0.0,0.0
EVT_118773,2026-07-31 09:12:33,CMP_102,Tech Gadgets Launch,CTV,q1_25,0.0,0.0
EVT_747954,2026-07-29 19:30:04,CMP_101,Summer Apparel,OLV,q2_50,0.0,0.0
EVT_528478,2026-07-30 19:59:01,CMP_103,B2B SaaS Trial,Display,impression,0.0106,0.0
EVT_931286,2026-07-30 20:17:51,CMP_103,B2B SaaS Trial,Display,impression,0.0071,0.0
EVT_568742,2026-07-30 23:31:26,CMP_103,B2B SaaS Trial,Display,q2_50,0.0,0.0
EVT_852851,2026-07-30 05:28:10,CMP_101,Summer Apparel,OLV,q1_25,0.0,0.0
EVT_124555,2026-07-30 04:42:16,CMP_102,Tech Gadgets Launch,CTV,q1_25,0.0,0.0
EVT_501265,2026-07-30 01:39:18,CMP_101,Summer Apparel,OLV,impression,0.0095,0.0
EVT_303320,2026-07-30 03:41:07,CMP_103,B2B SaaS Trial,Display,q3_75,0.0,0.0
EVT_419577,2026-07-31 02:36:33,CMP_103,B2B SaaS Trial,Display,q3_75,0.0,0.0
EVT_974229,2026-07-29 04:46:21,CMP_102,Tech Gadgets Launch,CTV,q1_25,0.0,0.0
EVT_561375,2026-07-29 20:21:05,CMP_102,Tech Gadgets Launch,CTV,impression,0.006,0.0
EVT_705620,2026-07-30 01:35:10,CMP_102,Tech Gadgets Launch,CTV,impression,0.0089,0.0
EVT_841692,2026-07-30 01:39:49,CMP_103,B2B SaaS Trial,Display,q2_50,0.0,0.0
EVT_693230,2026-07-30 18:03:23,CMP_102,Tech Gadgets Launch,CTV,q2_50,0.0,0.0
EVT_732527,2026-07-30 05:42:53,CMP_103,B2B SaaS Trial,Display,impression,0.0071,0.0
EVT_794373,2026-07-29 04:59:19,CMP_101,Summer Apparel,OLV,impression,0.0082,0.0
EVT_699351,2026-07-31 01:47:58,CMP_103,B2B SaaS Trial,Display,impression,0.015,0.0
EVT_289415,2026-07-30 08:32:40,CMP_102,Tech Gadgets Launch,CTV,q1_25,0.0,0.0
EVT_556708,2026-07-30 22:07:50,CMP_102,Tech Gadgets Launch,CTV,impression,0.0087,0.0
EVT_831568,2026-07-31 10:27:18,CMP_103,B2B SaaS Trial,Display,impression,0.005,0.0
EVT_979030,2026-07-30 09:32:08,CMP_102,Tech Gadgets Launch,CTV,q1_25,0.0,0.0
EVT_397878,2026-07-30 03:17:40,CMP_101,Summer Apparel,OLV,impression,0.007,0.0
EVT_864882,2026-07-30 02:04:48,CMP_101,Summer Apparel,OLV,q1_25,0.0,0.0
EVT_603705,2026-07-29 03:45:03,CMP_103,B2B SaaS Trial,Display,q3_75,0.0,0.0
EVT_448126,2026-07-31 11:41:04,CMP_101,Summer Apparel,OLV,impression,0.0068,0.0
EVT_208318,2026-07-30 16:20:05,CMP_101,Summer Apparel,OLV,q1_25,0.0,0.0
EVT_101276,2026-07-29 04:07:47,CMP_103,B2B SaaS Trial,Display,impression,0.0082,0.0
EVT_926019,2026-07-31 08:30:23,CMP_103,B2B SaaS Trial,Display,q1_25,0.0,0.0
EVT_934112,2026-07-30 08:03:06,CMP_101,Summer Apparel,OLV,impression,0.0112,0.0
EVT_323126,2026-07-30 03:57:35,CMP_101,Summer Apparel,OLV,impression,0.0121,0.0
EVT_304466,2026-07-29 16:05:49,CMP_103,B2B SaaS Trial,Display,q1_25,0.0,0.0
EVT_409162,2026-07-31 00:04:07,CMP_102,Tech Gadgets Launch,CTV,q1_25,0.0,0.0
EVT_184162,2026-07-28 21:33:20,CMP_101,Summer Apparel,OLV,q4_100,0.0,0.0
EVT_152708,2026-07-30 21:46:46,CMP_101,Summer Apparel,OLV,impression,0.0036,0.0
EVT_765088,2026-07-29 17:24:54,CMP_103,B2B SaaS Trial,Display,impression,0.0112,0.0
EVT_786513,2026-07-29 05:32:34,CMP_102,Tech Gadgets Launch,CTV,q1_25,0.0,0.0
EVT_512351,2026-07-31 09:03:33,CMP_103,B2B SaaS Trial,Display,q1_25,0.0,0.0
EVT_296473,2026-07-31 19:34:01,CMP_102,Tech Gadgets Launch,CTV,impression,0.0146,0.0
EVT_496971,2026-07-30 23:44:59,CMP_103,B2B SaaS Trial,Display,q1_25,0.0,0.0
EVT_190648,2026-07-29 16:10:50,CMP_102,Tech Gadgets Launch,CTV,q2_50,0.0,0.0
EVT_974385,2026-07-29 05:08:40,CMP_102,Tech Gadgets Launch,CTV,impression,0.0115,0.0
EVT_890104,2026-07-29 07:03:44,CMP_103,B2B SaaS Trial,Display,q4_100,0.0,0.0
EVT_534407,2026-07-30 00:39:45,CMP_101,Summer Apparel,OLV,q1_25,0.0,0.0
EVT_137022,2026-07-29 14:08:36,CMP_102,Tech Gadgets Launch,CTV,impression,0.0061,0.0
EVT_830842,2026-07-31 13:44:43,CMP_101,Summer Apparel,OLV,impression,0.0082,0.0
EVT_913635,2026-07-29 06:35:02,CMP_103,B2B SaaS Trial,Display,q2_50,0.0,0.0
EVT_406817,2026-07-31 15:59:25,CMP_102,Tech Gadgets Launch,CTV,q1_25,0.0,0.0
EVT_940033,2026-07-30 07:17:15,CMP_101,Summer Apparel,OLV,impression,0.012,0.0
EVT_964379,2026-07-29 03:27:47,CMP_101,Summer Apparel,OLV,q2_50,0.0,0.0
EVT_285621,2026-07-30 06:11:01,CMP_103,B2B SaaS Trial,Display,q3_75,0.0,0.0
EVT_150762,2026-07-31 19:27:56,CMP_102,Tech Gadgets Launch,CTV,q2_50,0.0,0.0
EVT_132869,2026-07-29 22:18:22,CMP_101,Summer Apparel,OLV,impression,0.0124,0.0
EVT_918510,2026-07-28 21:19:34,CMP_101,Summer Apparel,OLV,impression,0.0147,0.0
EVT_458283,2026-07-29 22:52:42,CMP_103,B2B SaaS Trial,Display,impression,0.005,0.0
EVT_477262,2026-07-30 04:38:58,CMP_103,B2B SaaS Trial,Display,impression,0.0145,0.0
EVT_550313,2026-07-29 10:51:51,CMP_103,B2B SaaS Trial,Display,impression,0.0103,0.0
EVT_923775,2026-07-29 11:39:26,CMP_102,Tech Gadgets Launch,CTV,impression,0.0092,0.0
EVT_449887,2026-07-31 18:25:34,CMP_101,Summer Apparel,OLV,q1_25,0.0,0.0
EVT_661502,2026-07-31 09:59:40,CMP_103,B2B SaaS Trial,Display,impression,0.0044,0.0
EVT_375586,2026-07-31 08:28:05,CMP_103,B2B SaaS Trial,Display,impression,0.0053,0.0
EVT_438957,2026-07-31 10:54:59,CMP_103,B2B SaaS Trial,Display,q2_50,0.0,0.0
EVT_252986,2026-07-31 00:11:41,CMP_103,B2B SaaS Trial,Display,q3_75,0.0,0.0
EVT_231485,2026-07-31 11:53:42,CMP_102,Tech Gadgets Launch,CTV,q1_25,0.0,0.0
EVT_373986,2026-07-29 15:55:13,CMP_102,Tech Gadgets Launch,CTV,impression,0.0049,0.0
EVT_520106,2026-07-31 13:00:33,CMP_103,B2B SaaS Trial,Display,q2_50,0.0,0.0
EVT_237634,2026-07-30 07:08:30,CMP_103,B2B SaaS Trial,Display,impression,0.007,0.0
EVT_806484,2026-07-30 20:56:52,CMP_103,B2B SaaS Trial,Display,impression,0.0146,0.0
EVT_331538,2026-07-30 15:35:08,CMP_102,Tech Gadgets Launch,CTV,impression,0.008,0.0
EVT_162879,2026-07-31 19:23:44,CMP_103,B2B SaaS Trial,Display,q1_25,0.0,0.0
EVT_560486,2026-07-29 15:33:15,CMP_102,Tech Gadgets Launch,CTV,impression,0.0137,0.0
EVT_362198,2026-07-29 17:32:21,CMP_103,B2B SaaS Trial,Display,impression,0.0085,0.0
EVT_674783,2026-07-30 11:56:29,CMP_101,Summer Apparel,OLV,impression,0.0041,0.0
EVT_903134,2026-07-31 04:39:45,CMP_102,Tech Gadgets Launch,CTV,impression,0.0099,0.0
EVT_731397,2026-07-29 12:17:23,CMP_103,B2B SaaS Trial,Display,impression,0.0022,0.0
EVT_135237,2026-07-31 13:19:45,CMP_103,B2B SaaS Trial,Display,q2_50,0.0,0.0
EVT_130877,2026-07-28 20:37:54,CMP_102,Tech Gadgets Launch,CTV,q4_100,0.0,0.0
EVT_142555,2026-07-29 06:21:43,CMP_101,Summer Apparel,OLV,impression,0.0021,0.0
EVT_878133,2026-07-31 01:34:21,CMP_103,B2B SaaS Trial,Display,impression,0.0065,0.0
EVT_715859,2026-07-29 00:59:14,CMP_103,B2B SaaS Trial,Display,impression,0.0025,0.0
EVT_721649,2026-07-29 12:52:38,CMP_103,B2B SaaS Trial,Display,q1_25,0.0,0.0
EVT_556528,2026-07-30 18:04:18,CMP_103,B2B SaaS Trial,Display,q3_75,0.0,0.0
EVT_120622,2026-07-30 14:22:31,CMP_102,Tech Gadgets Launch,CTV,q1_25,0.0,0.0
EVT_148415,2026-07-29 14:08:02,CMP_102,Tech Gadgets Launch,CTV,impression,0.0146,0.0
EVT_699926,2026-07-28 22:37:34,CMP_103,B2B SaaS Trial,Display,q3_75,0.0,0.0
EVT_900958,2026-07-30 05:59:45,CMP_102,Tech Gadgets Launch,CTV,impression,0.0092,0.0
EVT_660097,2026-07-29 11:54:31,CMP_103,B2B SaaS Trial,Display,impression,0.0071,0.0
EVT_891986,2026-07-30 06:30:41,CMP_102,Tech Gadgets Launch,CTV,impression,0.0051,0.0
EVT_180559,2026-07-31 05:17:44,CMP_101,Summer Apparel,OLV,q1_25,0.0,0.0
EVT_328176,2026-07-31 14:30:40,CMP_102,Tech Gadgets Launch,CTV,q1_25,0.0,0.0
EVT_318385,2026-07-30 16:51:29,CMP_103,B2B SaaS Trial,Display,q3_75,0.0,0.0
EVT_725786,2026-07-30 05:45:49,CMP_103,B2B SaaS Trial,Display,q1_25,0.0,0.0
EVT_794106,2026-07-28 20:56:12,CMP_103,B2B SaaS Trial,Display,conversion,0.0,107.43
EVT_607378,2026-07-30 07:47:04,CMP_101,Summer Apparel,OLV,q1_25,0.0,0.0
EVT_851542,2026-07-29 08:00:26,CMP_103,B2B SaaS Trial,Display,impression,0.0079,0.0
EVT_400210,2026-07-31 09:34:38,CMP_103,B2B SaaS Trial,Display,impression,0.0064,0.0
EVT_736797,2026-07-30 10:58:18,CMP_103,B2B SaaS Trial,Display,impression,0.0089,0.0
EVT_362967,2026-07-30 17:42:42,CMP_102,Tech Gadgets Launch,CTV,impression,0.0034,0.0
EVT_111789,2026-07-30 23:07:52,CMP_102,Tech Gadgets Launch,CTV,impression,0.0138,0.0
EVT_304482,2026-07-29 18:04:31,CMP_102,Tech Gadgets Launch,CTV,impression,0.0094,0.0
EVT_269959,2026-07-29 21:25:21,CMP_101,Summer Apparel,OLV,impression,0.0101,0.0
EVT_339684,2026-07-31 18:54:46,CMP_103,B2B SaaS Trial,Display,q1_25,0.0,0.0
EVT_483419,2026-07-29 12:52:49,CMP_103,B2B SaaS Trial,Display,impression,0.0135,0.0
EVT_948645,2026-07-29 07:34:05,CMP_102,Tech Gadgets Launch,CTV,q1_25,0.0,0.0
EVT_396104,2026-07-30 03:12:58,CMP_101,Summer Apparel,OLV,q2_50,0.0,0.0
EVT_250536,2026-07-30 08:22:15,CMP_103,B2B SaaS Trial,Display,q1_25,0.0,0.0
EVT_643401,2026-07-29 18:46:12,CMP_101,Summer Apparel,OLV,q2_50,0.0,0.0
EVT_277908,2026-07-30 22:56:45,CMP_103,B2B SaaS Trial,Display,q1_25,0.0,0.0
EVT_378982,2026-07-29 18:19:28,CMP_102,Tech Gadgets Launch,CTV,q1_25,0.0,0.0
EVT_512650,2026-07-31 06:58:50,CMP_103,B2B SaaS Trial,Display,impression,0.009,0.0
EVT_417086,2026-07-30 01:54:44,CMP_103,B2B SaaS Trial,Display,q4_100,0.0,0.0
EVT_805850,2026-07-31 19:54:58,CMP_101,Summer Apparel,OLV,impression,0.0036,0.0
EVT_617700,2026-07-29 14:19:20,CMP_103,B2B SaaS Trial,Display,impression,0.0113,0.0
EVT_831433,2026-07-29 13:07:45,CMP_103,B2B SaaS Trial,Display,q1_25,0.0,0.0
EVT_202875,2026-07-30 10:27:34,CMP_101,Summer Apparel,OLV,q2_50,0.0,0.0
EVT_287646,2026-07-29 07:18:47,CMP_103,B2B SaaS Trial,Display,impression,0.0138,0.0
EVT_983880,2026-07-29 01:08:09,CMP_103,B2B SaaS Trial,Display,impression,0.0141,0.0
EVT_862343,2026-07-29 09:23:11,CMP_101,Summer Apparel,OLV,q2_50,0.0,0.0
EVT_764314,2026-07-30 02:52:16,CMP_101,Summer Apparel,OLV,impression,0.007,0.0
EVT_251867,2026-07-31 01:13:10,CMP_102,Tech Gadgets Launch,CTV,impression,0.0116,0.0
EVT_275109,2026-07-30 05:56:43,CMP_103,B2B SaaS Trial,Display,q2_50,0.0,0.0
EVT_656869,2026-07-31 15:32:03,CMP_101,Summer Apparel,OLV,impression,0.0103,0.0
EVT_484790,2026-07-30 06:38:27,CMP_102,Tech Gadgets Launch,CTV,impression,0.0039,0.0
EVT_159017,2026-07-31 02:25:50,CMP_101,Summer Apparel,OLV,q1_25,0.0,0.0
EVT_330051,2026-07-31 11:58:45,CMP_103,B2B SaaS Trial,Display,q2_50,0.0,0.0
EVT_148241,2026-07-31 12:03:59,CMP_101,Summer Apparel,OLV,impression,0.0024,0.0
EVT_970534,2026-07-31 11:18:05,CMP_101,Summer Apparel,OLV,impression,0.0127,0.0
EVT_667437,2026-07-29 10:53:11,CMP_101,Summer Apparel,OLV,q3_75,0.0,0.0
EVT_559428,2026-07-29 16:28:51,CMP_101,Summer Apparel,OLV,impression,0.0109,0.0
EVT_826294,2026-07-29 05:57:05,CMP_103,B2B SaaS Trial,Display,impression,0.0082,0.0
EVT_127069,2026-07-29 08:02:26,CMP_103,B2B SaaS Trial,Display,q3_75,0.0,0.0
EVT_308318,2026-07-29 10:05:41,CMP_102,Tech Gadgets Launch,CTV,q3_75,0.0,0.0
EVT_530091,2026-07-30 07:45:36,CMP_101,Summer Apparel,OLV,impression,0.0082,0.0
EVT_257981,2026-07-29 11:15:51,CMP_103,B2B SaaS Trial,Display,impression,0.0036,0.0
EVT_204104,2026-07-30 08:21:09,CMP_101,Summer Apparel,OLV,q1_25,0.0,0.0
EVT_703063,2026-07-31 14:33:28,CMP_102,Tech Gadgets Launch,CTV,impression,0.0044,0.0
EVT_141432,2026-07-30 07:01:48,CMP_101,Summer Apparel,OLV,impression,0.0047,0.0
EVT_215458,2026-07-30 19:38:38,CMP_102,Tech Gadgets Launch,CTV,impression,0.0087,0.0
EVT_945991,2026-07-31 20:07:08,CMP_101,Summer Apparel,OLV,impression,0.0076,0.0
EVT_963002,2026-07-29 16:53:34,CMP_102,Tech Gadgets Launch,CTV,impression,0.0023,0.0
EVT_144738,2026-07-29 01:44:07,CMP_103,B2B SaaS Trial,Display,impression,0.0035,0.0
EVT_374871,2026-07-30 23:17:50,CMP_102,Tech Gadgets Launch,CTV,impression,0.0084,0.0
EVT_848419,2026-07-30 17:51:55,CMP_102,Tech Gadgets Launch,CTV,impression,0.0074,0.0
EVT_720482,2026-07-30 19:26:25,CMP_101,Summer Apparel,OLV,q2_50,0.0,0.0
EVT_529327,2026-07-29 11:57:24,CMP_102,Tech Gadgets Launch,CTV,q2_50,0.0,0.0
EVT_835181,2026-07-29 12:55:40,CMP_103,B2B SaaS Trial,Display,impression,0.0028,0.0
EVT_281646,2026-07-31 00:30:10,CMP_101,Summer Apparel,OLV,q3_75,0.0,0.0
EVT_553570,2026-07-30 20:55:34,CMP_101,Summer Apparel,OLV,impression,0.0049,0.0
EVT_273218,2026-07-29 15:26:21,CMP_101,Summer Apparel,OLV,impression,0.0044,0.0
EVT_766000,2026-07-29 20:32:55,CMP_103,B2B SaaS Trial,Display,impression,0.0066,0.0
EVT_772366,2026-07-30 01:29:01,CMP_103,B2B SaaS Trial,Display,q4_100,0.0,0.0
EVT_164135,2026-07-29 16:04:45,CMP_101,Summer Apparel,OLV,q1_25,0.0,0.0
EVT_944701,2026-07-31 09:25:03,CMP_102,Tech Gadgets Launch,CTV,impression,0.0071,0.0
EVT_881810,2026-07-30 04:39:24,CMP_102,Tech Gadgets Launch,CTV,impression,0.0102,0.0
EVT_476582,2026-07-31 13:43:48,CMP_102,Tech Gadgets Launch,CTV,impression,0.0066,0.0
EVT_339475,2026-07-30 09:26:43,CMP_103,B2B SaaS Trial,Display,q2_50,0.0,0.0
EVT_740790,2026-07-29 01:09:30,CMP_102,Tech Gadgets Launch,CTV,q1_25,0.0,0.0
EVT_547645,2026-07-31 09:30:50,CMP_101,Summer Apparel,OLV,impression,0.0057,0.0
EVT_367770,2026-07-29 07:23:22,CMP_101,Summer Apparel,OLV,impression,0.0063,0.0
EVT_778540,2026-07-31 12:25:24,CMP_102,Tech Gadgets Launch,CTV,impression,0.0077,0.0
EVT_667220,2026-07-31 05:32:15,CMP_102,Tech Gadgets Launch,CTV,q1_25,0.0,0.0
EVT_278937,2026-07-30 02:53:48,CMP_103,B2B SaaS Trial,Display,impression,0.0099,0.0
EVT_800754,2026-07-29 00:02:10,CMP_103,B2B SaaS Trial,Display,q4_100,0.0,0.0
EVT_974972,2026-07-31 03:06:25,CMP_101,Summer Apparel,OLV,impression,0.009,0.0
EVT_761108,2026-07-30 14:05:07,CMP_101,Summer Apparel,OLV,q1_25,0.0,0.0
EVT_983842,2026-07-29 14:59:29,CMP_101,Summer Apparel,OLV,q1_25,0.0,0.0
EVT_903524,2026-07-31 08:17:35,CMP_101,Summer Apparel,OLV,impression,0.0133,0.0
EVT_939718,2026-07-31 03:05:44,CMP_101,Summer Apparel,OLV,q1_25,0.0,0.0
EVT_707875,2026-07-30 02:55:29,CMP_103,B2B SaaS Trial,Display,impression,0.0098,0.0
EVT_469323,2026-07-29 11:14:08,CMP_103,B2B SaaS Trial,Display,q1_25,0.0,0.0
EVT_589190,2026-07-29 19:16:40,CMP_103,B2B SaaS Trial,Display,impression,0.0033,0.0
EVT_133682,2026-07-31 02:33:01,CMP_101,Summer Apparel,OLV,q1_25,0.0,0.0
EVT_449636,2026-07-29 14:24:12,CMP_102,Tech Gadgets Launch,CTV,impression,0.0078,0.0
EVT_338321,2026-07-29 01:46:03,CMP_103,B2B SaaS Trial,Display,click,0.0,0.0
EVT_418169,2026-07-28 21:15:19,CMP_103,B2B SaaS Trial,Display,impression,0.0038,0.0
EVT_100897,2026-07-29 22:20:18,CMP_102,Tech Gadgets Launch,CTV,q2_50,0.0,0.0
EVT_307131,2026-07-30 20:52:17,CMP_102,Tech Gadgets Launch,CTV,q1_25,0.0,0.0
EVT_346376,2026-07-29 19:04:32,CMP_101,Summer Apparel,OLV,q4_100,0.0,0.0
EVT_574047,2026-07-30 00:22:30,CMP_102,Tech Gadgets Launch,CTV,impression,0.0036,0.0
EVT_506371,2026-07-29 20:49:06,CMP_103,B2B SaaS Trial,Display,impression,0.0027,0.0
EVT_395593,2026-07-31 03:25:46,CMP_101,Summer Apparel,OLV,impression,0.0052,0.0
EVT_534496,2026-07-30 08:05:37,CMP_103,B2B SaaS Trial,Display,impression,0.0104,0.0
EVT_180509,2026-07-31 11:09:16,CMP_103,B2B SaaS Trial,Display,impression,0.0147,0.0
EVT_366625,2026-07-31 17:55:26,CMP_103,B2B SaaS Trial,Display,impression,0.01,0.0
EVT_585264,2026-07-29 01:52:36,CMP_103,B2B SaaS Trial,Display,impression,0.0139,0.0
EVT_406631,2026-07-31 15:53:52,CMP_101,Summer Apparel,OLV,impression,0.0049,0.0
EVT_964384,2026-07-29 11:12:55,CMP_103,B2B SaaS Trial,Display,q1_25,0.0,0.0
EVT_676579,2026-07-29 07:15:13,CMP_101,Summer Apparel,OLV,q1_25,0.0,0.0
EVT_383112,2026-07-28 21:51:32,CMP_101,Summer Apparel,OLV,q2_50,0.0,0.0
EVT_741311,2026-07-29 06:01:03,CMP_102,Tech Gadgets Launch,CTV,impression,0.0036,0.0
EVT_865871,2026-07-31 03:44:11,CMP_102,Tech Gadgets Launch,CTV,q1_25,0.0,0.0
EVT_371898,2026-07-29 19:31:15,CMP_102,Tech Gadgets Launch,CTV,impression,0.0021,0.0
EVT_356619,2026-07-30 11:37:21,CMP_101,Summer Apparel,OLV,q1_25,0.0,0.0
EVT_651324,2026-07-30 04:08:59,CMP_101,Summer Apparel,OLV,impression,0.0032,0.0
EVT_993322,2026-07-31 18:36:33,CMP_102,Tech Gadgets Launch,CTV,impression,0.0097,0.0
EVT_191187,2026-07-29 18:07:42,CMP_103,B2B SaaS Trial,Display,impression,0.0123,0.0
EVT_485621,2026-07-30 23:11:11,CMP_103,B2B SaaS Trial,Display,q4_100,0.0,0.0
EVT_438014,2026-07-29 05:30:48,CMP_102,Tech Gadgets Launch,CTV,impression,0.0092,0.0
EVT_336072,2026-07-29 13:51:27,CMP_101,Summer Apparel,OLV,impression,0.0144,0.0
EVT_639140,2026-07-31 07:11:02,CMP_103,B2B SaaS Trial,Display,q2_50,0.0,0.0
EVT_409463,2026-07-31 08:01:27,CMP_101,Summer Apparel,OLV,q4_100,0.0,0.0
EVT_722904,2026-07-29 02:23:02,CMP_101,Summer Apparel,OLV,q4_100,0.0,0.0
EVT_107964,2026-07-29 13:50:30,CMP_103,B2B SaaS Trial,Display,q4_100,0.0,0.0
EVT_832869,2026-07-31 17:14:25,CMP_102,Tech Gadgets Launch,CTV,impression,0.0102,0.0
EVT_245448,2026-07-28 22:14:29,CMP_102,Tech Gadgets Launch,CTV,impression,0.0021,0.0
EVT_150584,2026-07-30 15:58:24,CMP_102,Tech Gadgets Launch,CTV,q1_25,0.0,0.0
EVT_442738,2026-07-28 21:29:05,CMP_103,B2B SaaS Trial,Display,q1_25,0.0,0.0
EVT_966076,2026-07-31 20:15:54,CMP_102,Tech Gadgets Launch,CTV,impression,0.0109,0.0
EVT_584374,2026-07-30 14:08:56,CMP_103,B2B SaaS Trial,Display,impression,0.0092,0.0
EVT_945850,2026-07-30 10:56:25,CMP_102,Tech Gadgets Launch,CTV,q1_25,0.0,0.0
EVT_681179,2026-07-29 15:05:46,CMP_101,Summer Apparel,OLV,q4_100,0.0,0.0
EVT_677724,2026-07-31 16:59:23,CMP_102,Tech Gadgets Launch,CTV,impression,0.003,0.0
EVT_387625,2026-07-30 18:40:35,CMP_101,Summer Apparel,OLV,q1_25,0.0,0.0
EVT_263556,2026-07-30 22:58:00,CMP_101,Summer Apparel,OLV,q1_25,0.0,0.0
EVT_417284,2026-07-30 00:46:37,CMP_103,B2B SaaS Trial,Display,impression,0.0085,0.0
EVT_953220,2026-07-31 18:06:52,CMP_101,Summer Apparel,OLV,q4_100,0.0,0.0
EVT_515428,2026-07-29 10:02:39,CMP_103,B2B SaaS Trial,Display,q3_75,0.0,0.0
EVT_439422,2026-07-31 05:03:00,CMP_103,B2B SaaS Trial,Display,impression,0.0113,0.0
EVT_835537,2026-07-30 05:35:51,CMP_103,B2B SaaS Trial,Display,q2_50,0.0,0.0
EVT_338353,2026-07-31 17:53:52,CMP_103,B2B SaaS Trial,Display,q2_50,0.0,0.0
EVT_263111,2026-07-29 14:26:13,CMP_103,B2B SaaS Trial,Display,impression,0.0057,0.0
EVT_596347,2026-07-29 12:38:58,CMP_101,Summer Apparel,OLV,impression,0.0118,0.0
EVT_721744,2026-07-31 05:07:24,CMP_103,B2B SaaS Trial,Display,q2_50,0.0,0.0
EVT_683692,2026-07-30 02:13:35,CMP_101,Summer Apparel,OLV,impression,0.0085,0.0
EVT_668757,2026-07-30 06:27:20,CMP_103,B2B SaaS Trial,Display,q2_50,0.0,0.0
EVT_942406,2026-07-28 22:10:36,CMP_103,B2B SaaS Trial,Display,impression,0.0028,0.0
EVT_994642,2026-07-29 17:05:08,CMP_102,Tech Gadgets Launch,CTV,impression,0.0085,0.0
EVT_557920,2026-07-29 01:27:31,CMP_102,Tech Gadgets Launch,CTV,q2_50,0.0,0.0
EVT_933430,2026-07-29 11:53:29,CMP_103,B2B SaaS Trial,Display,q2_50,0.0,0.0
EVT_826272,2026-07-28 23:43:13,CMP_101,Summer Apparel,OLV,impression,0.0047,0.0
EVT_601441,2026-07-28 21:34:20,CMP_103,B2B SaaS Trial,Display,q2_50,0.0,0.0
EVT_803966,2026-07-31 10:41:18,CMP_103,B2B SaaS Trial,Display,q2_50,0.0,0.0
EVT_269269,2026-07-31 08:46:06,CMP_102,Tech Gadgets Launch,CTV,impression,0.0034,0.0
EVT_915960,2026-07-31 19:33:05,CMP_103,B2B SaaS Trial,Display,impression,0.0106,0.0
EVT_302013,2026-07-30 21:55:05,CMP_102,Tech Gadgets Launch,CTV,q1_25,0.0,0.0
EVT_461730,2026-07-29 16:03:44,CMP_103,B2B SaaS Trial,Display,q2_50,0.0,0.0
EVT_352393,2026-07-31 16:24:24,CMP_103,B2B SaaS Trial,Display,impression,0.0061,0.0
EVT_527405,2026-07-30 12:52:19,CMP_101,Summer Apparel,OLV,q1_25,0.0,0.0
EVT_273961,2026-07-31 09:07:46,CMP_102,Tech Gadgets Launch,CTV,q3_75,0.0,0.0
EVT_902239,2026-07-30 02:21:12,CMP_103,B2B SaaS Trial,Display,impression,0.0054,0.0
EVT_489071,2026-07-30 14:04:32,CMP_101,Summer Apparel,OLV,impression,0.0065,0.0
EVT_614435,2026-07-30 08:46:46,CMP_103,B2B SaaS Trial,Display,click,0.0,0.0
EVT_252658,2026-07-29 08:41:47,CMP_102,Tech Gadgets Launch,CTV,impression,0.0138,0.0
EVT_212891,2026-07-30 22:05:18,CMP_101,Summer Apparel,OLV,q1_25,0.0,0.0
EVT_980121,2026-07-30 07:05:54,CMP_102,Tech Gadgets Launch,CTV,impression,0.0132,0.0
EVT_908723,2026-07-30 23:06:53,CMP_102,Tech Gadgets Launch,CTV,q1_25,0.0,0.0
EVT_918244,2026-07-30 17:38:25,CMP_103,B2B SaaS Trial,Display,q3_75,0.0,0.0
EVT_669058,2026-07-31 19:23:53,CMP_102,Tech Gadgets Launch,CTV,impression,0.0106,0.0
EVT_288397,2026-07-29 13:50:41,CMP_101,Summer Apparel,OLV,q3_75,0.0,0.0
EVT_763824,2026-07-30 17:02:42,CMP_103,B2B SaaS Trial,Display,impression,0.0101,0.0
EVT_508849,2026-07-30 18:13:52,CMP_101,Summer Apparel,OLV,impression,0.0113,0.0
EVT_529075,2026-07-30 08:28:25,CMP_101,Summer Apparel,OLV,impression,0.0075,0.0
EVT_867546,2026-07-30 18:36:59,CMP_101,Summer Apparel,OLV,q3_75,0.0,0.0
EVT_848009,2026-07-30 06:45:42,CMP_101,Summer Apparel,OLV,q4_100,0.0,0.0
EVT_221489,2026-07-30 16:29:09,CMP_102,Tech Gadgets Launch,CTV,click,0.0,0.0
EVT_796943,2026-07-30 01:05:25,CMP_102,Tech Gadgets Launch,CTV,q4_100,0.0,0.0
EVT_344332,2026-07-31 13:40:33,CMP_103,B2B SaaS Trial,Display,q2_50,0.0,0.0
EVT_846340,2026-07-31 06:28:44,CMP_103,B2B SaaS Trial,Display,q2_50,0.0,0.0
EVT_856672,2026-07-30 02:31:46,CMP_102,Tech Gadgets Launch,CTV,impression,0.0089,0.0
EVT_535155,2026-07-31 09:12:12,CMP_102,Tech Gadgets Launch,CTV,impression,0.0025,0.0
EVT_468453,2026-07-30 00:29:02,CMP_102,Tech Gadgets Launch,CTV,impression,0.0096,0.0
EVT_896899,2026-07-28 22:52:44,CMP_103,B2B SaaS Trial,Display,impression,0.0034,0.0
EVT_921540,2026-07-29 22:55:27,CMP_103,B2B SaaS Trial,Display,q2_50,0.0,0.0
EVT_587899,2026-07-28 21:31:28,CMP_103,B2B SaaS Trial,Display,impression,0.0107,0.0
EVT_309879,2026-07-30 21:05:35,CMP_101,Summer Apparel,OLV,impression,0.0033,0.0
EVT_449563,2026-07-31 01:01:51,CMP_102,Tech Gadgets Launch,CTV,impression,0.003,0.0
EVT_777858,2026-07-30 09:30:49,CMP_103,B2B SaaS Trial,Display,q2_50,0.0,0.0
EVT_971254,2026-07-31 04:29:07,CMP_103,B2B SaaS Trial,Display,q1_25,0.0,0.0
EVT_201728,2026-07-28 21:22:33,CMP_101,Summer Apparel,OLV,q2_50,0.0,0.0
EVT_422270,2026-07-30 13:49:30,CMP_103,B2B SaaS Trial,Display,impression,0.0074,0.0
EVT_308880,2026-07-28 23:12:10,CMP_101,Summer Apparel,OLV,q3_75,0.0,0.0
EVT_242089,2026-07-30 13:01:38,CMP_101,Summer Apparel,OLV,q2_50,0.0,0.0
EVT_634327,2026-07-29 16:13:18,CMP_102,Tech Gadgets Launch,CTV,impression,0.0117,0.0
EVT_365050,2026-07-30 15:52:52,CMP_103,B2B SaaS Trial,Display,impression,0.0117,0.0
EVT_655515,2026-07-31 09:24:38,CMP_102,Tech Gadgets Launch,CTV,q1_25,0.0,0.0
EVT_223709,2026-07-31 05:59:49,CMP_101,Summer Apparel,OLV,q3_75,0.0,0.0
EVT_384221,2026-07-29 14:57:53,CMP_101,Summer Apparel,OLV,impression,0.0116,0.0
EVT_775354,2026-07-29 13:59:45,CMP_101,Summer Apparel,OLV,q2_50,0.0,0.0
EVT_975409,2026-07-30 23:59:42,CMP_103,B2B SaaS Trial,Display,q1_25,0.0,0.0
EVT_845658,2026-07-29 03:01:22,CMP_102,Tech Gadgets Launch,CTV,impression,0.0134,0.0
EVT_204040,2026-07-29 03:52:43,CMP_103,B2B SaaS Trial,Display,q1_25,0.0,0.0
EVT_178304,2026-07-31 10:21:02,CMP_101,Summer Apparel,OLV,q1_25,0.0,0.0
EVT_181951,2026-07-31 11:39:06,CMP_103,B2B SaaS Trial,Display,q2_50,0.0,0.0
EVT_217704,2026-07-30 00:04:40,CMP_101,Summer Apparel,OLV,impression,0.0104,0.0
EVT_335439,2026-07-30 11:34:37,CMP_102,Tech Gadgets Launch,CTV,impression,0.0111,0.0
EVT_889330,2026-07-30 18:56:19,CMP_101,Summer Apparel,OLV,q2_50,0.0,0.0
EVT_145554,2026-07-30 23:15:43,CMP_102,Tech Gadgets Launch,CTV,q1_25,0.0,0.0
EVT_276280,2026-07-31 09:43:53,CMP_101,Summer Apparel,OLV,impression,0.0123,0.0
EVT_563210,2026-07-30 19:00:17,CMP_101,Summer Apparel,OLV,q1_25,0.0,0.0
EVT_338728,2026-07-31 18:34:59,CMP_101,Summer Apparel,OLV,impression,0.0033,0.0
EVT_660440,2026-07-29 11:24:40,CMP_101,Summer Apparel,OLV,q1_25,0.0,0.0
EVT_153503,2026-07-31 17:06:03,CMP_101,Summer Apparel,OLV,impression,0.0021,0.0
EVT_226928,2026-07-30 11:13:19,CMP_102,Tech Gadgets Launch,CTV,impression,0.007,0.0
EVT_864232,2026-07-29 20:58:17,CMP_103,B2B SaaS Trial,Display,q4_100,0.0,0.0
EVT_696395,2026-07-29 10:37:36,CMP_103,B2B SaaS Trial,Display,impression,0.0082,0.0
EVT_235153,2026-07-29 11:24:01,CMP_102,Tech Gadgets Launch,CTV,q4_100,0.0,0.0
EVT_355627,2026-07-31 11:24:58,CMP_103,B2B SaaS Trial,Display,impression,0.01,0.0
EVT_598660,2026-07-31 19:13:18,CMP_101,Summer Apparel,OLV,impression,0.0103,0.0
EVT_678243,2026-07-29 00:25:04,CMP_103,B2B SaaS Trial,Display,q1_25,0.0,0.0
EVT_611369,2026-07-31 15:12:23,CMP_101,Summer Apparel,OLV,q1_25,0.0,0.0
EVT_632859,2026-07-30 00:55:36,CMP_101,Summer Apparel,OLV,impression,0.0106,0.0
EVT_512080,2026-07-29 06:41:27,CMP_101,Summer Apparel,OLV,q3_75,0.0,0.0
EVT_111045,2026-07-30 10:51:29,CMP_101,Summer Apparel,OLV,q4_100,0.0,0.0
EVT_481716,2026-07-28 23:36:30,CMP_101,Summer Apparel,OLV,q1_25,0.0,0.0
EVT_883339,2026-07-30 21:00:56,CMP_103,B2B SaaS Trial,Display,q4_100,0.0,0.0
EVT_331180,2026-07-29 18:02:04,CMP_103,B2B SaaS Trial,Display,q1_25,0.0,0.0
EVT_558598,2026-07-31 02:45:22,CMP_103,B2B SaaS Trial,Display,impression,0.0135,0.0
EVT_739584,2026-07-29 15:17:54,CMP_103,B2B SaaS Trial,Display,impression,0.0124,0.0
EVT_184209,2026-07-29 10:07:42,CMP_103,B2B SaaS Trial,Display,q1_25,0.0,0.0
EVT_309646,2026-07-29 01:42:46,CMP_103,B2B SaaS Trial,Display,impression,0.008,0.0
EVT_787350,2026-07-31 02:25:21,CMP_102,Tech Gadgets Launch,CTV,impression,0.0063,0.0
EVT_387765,2026-07-29 00:40:05,CMP_103,B2B SaaS Trial,Display,q1_25,0.0,0.0
EVT_799352,2026-07-29 21:06:08,CMP_103,B2B SaaS Trial,Display,q1_25,0.0,0.0
EVT_646932,2026-07-30 12:15:57,CMP_103,B2B SaaS Trial,Display,q2_50,0.0,0.0
EVT_605212,2026-07-30 21:11:59,CMP_102,Tech Gadgets Launch,CTV,impression,0.0032,0.0
EVT_519015,2026-07-31 02:28:11,CMP_101,Summer Apparel,OLV,q1_25,0.0,0.0
EVT_476344,2026-07-29 03:11:35,CMP_101,Summer Apparel,OLV,impression,0.0092,0.0
EVT_112123,2026-07-30 17:48:13,CMP_101,Summer Apparel,OLV,impression,0.0051,0.0
EVT_364736,2026-07-31 06:57:54,CMP_101,Summer Apparel,OLV,impression,0.009,0.0
EVT_921572,2026-07-29 23:29:54,CMP_103,B2B SaaS Trial,Display,impression,0.0137,0.0
EVT_518147,2026-07-31 17:41:17,CMP_102,Tech Gadgets Launch,CTV,conversion,0.0,44.99
EVT_959613,2026-07-30 06:51:15,CMP_101,Summer Apparel,OLV,impression,0.0103,0.0
EVT_836649,2026-07-30 15:49:17,CMP_101,Summer Apparel,OLV,impression,0.0104,0.0
EVT_149469,2026-07-31 13:56:04,CMP_103,B2B SaaS Trial,Display,impression,0.0098,0.0
EVT_392124,2026-07-29 13:46:57,CMP_101,Summer Apparel,OLV,impression,0.0116,0.0
EVT_754295,2026-07-31 19:01:22,CMP_103,B2B SaaS Trial,Display,impression,0.009,0.0
EVT_285963,2026-07-29 11:09:21,CMP_103,B2B SaaS Trial,Display,impression,0.0104,0.0
EVT_705172,2026-07-29 20:24:37,CMP_102,Tech Gadgets Launch,CTV,impression,0.0066,0.0
EVT_323488,2026-07-29 03:48:03,CMP_103,B2B SaaS Trial,Display,q1_25,0.0,0.0
EVT_771442,2026-07-31 10:32:29,CMP_101,Summer Apparel,OLV,q1_25,0.0,0.0
EVT_125093,2026-07-29 17:47:14,CMP_103,B2B SaaS Trial,Display,q1_25,0.0,0.0
EVT_902510,2026-07-31 08:43:12,CMP_103,B2B SaaS Trial,Display,q3_75,0.0,0.0
EVT_243657,2026-07-29 02:12:39,CMP_101,Summer Apparel,OLV,impression,0.0109,0.0
EVT_568358,2026-07-29 18:29:44,CMP_103,B2B SaaS Trial,Display,q2_50,0.0,0.0
EVT_769366,2026-07-29 02:51:09,CMP_103,B2B SaaS Trial,Display,q2_50,0.0,0.0
EVT_194141,2026-07-31 05:23:42,CMP_103,B2B SaaS Trial,Display,impression,0.0142,0.0
EVT_377382,2026-07-31 17:24:43,CMP_101,Summer Apparel,OLV,impression,0.0025,0.0
EVT_391435,2026-07-28 21:02:30,CMP_101,Summer Apparel,OLV,q2_50,0.0,0.0
EVT_415337,2026-07-30 18:20:39,CMP_102,Tech Gadgets Launch,CTV,impression,0.0052,0.0
EVT_924663,2026-07-31 01:32:54,CMP_103,B2B SaaS Trial,Display,q2_50,0.0,0.0
EVT_107900,2026-07-28 20:56:35,CMP_101,Summer Apparel,OLV,impression,0.0074,0.0
EVT_892482,2026-07-31 17:38:42,CMP_101,Summer Apparel,OLV,q4_100,0.0,0.0
EVT_141210,2026-07-30 04:07:48,CMP_102,Tech Gadgets Launch,CTV,impression,0.0125,0.0
EVT_700616,2026-07-29 20:40:07,CMP_103,B2B SaaS Trial,Display,impression,0.0054,0.0
EVT_246476,2026-07-31 19:27:04,CMP_103,B2B SaaS Trial,Display,q4_100,0.0,0.0
EVT_773084,2026-07-30 23:37:54,CMP_101,Summer Apparel,OLV,q3_75,0.0,0.0
EVT_537687,2026-07-30 03:32:14,CMP_102,Tech Gadgets Launch,CTV,impression,0.0143,0.0
EVT_363789,2026-07-30 19:45:17,CMP_103,B2B SaaS Trial,Display,impression,0.0042,0.0
EVT_850566,2026-07-30 19:37:42,CMP_101,Summer Apparel,OLV,q2_50,0.0,0.0
EVT_111861,2026-07-31 09:26:05,CMP_101,Summer Apparel,OLV,impression,0.0043,0.0
EVT_343416,2026-07-30 18:41:18,CMP_101,Summer Apparel,OLV,q1_25,0.0,0.0
EVT_756422,2026-07-30 15:40:10,CMP_103,B2B SaaS Trial,Display,impression,0.0069,0.0
EVT_646190,2026-07-31 10:39:36,CMP_102,Tech Gadgets Launch,CTV,impression,0.0078,0.0
EVT_684326,2026-07-31 07:30:47,CMP_102,Tech Gadgets Launch,CTV,impression,0.0063,0.0
EVT_813572,2026-07-31 14:57:33,CMP_102,Tech Gadgets Launch,CTV,impression,0.0035,0.0
EVT_606265,2026-07-29 05:52:54,CMP_102,Tech Gadgets Launch,CTV,impression,0.0111,0.0
EVT_357942,2026-07-30 20:28:37,CMP_102,Tech Gadgets Launch,CTV,impression,0.0127,0.0
EVT_388578,2026-07-29 11:19:07,CMP_102,Tech Gadgets Launch,CTV,impression,0.0108,0.0
EVT_954830,2026-07-31 00:03:10,CMP_103,B2B SaaS Trial,Display,q3_75,0.0,0.0
EVT_324064,2026-07-30 07:07:29,CMP_102,Tech Gadgets Launch,CTV,impression,0.0071,0.0
EVT_560145,2026-07-31 04:51:22,CMP_102,Tech Gadgets Launch,CTV,q1_25,0.0,0.0
EVT_311154,2026-07-28 21:12:06,CMP_101,Summer Apparel,OLV,q1_25,0.0,0.0
EVT_339526,2026-07-31 10:53:10,CMP_103,B2B SaaS Trial,Display,q3_75,0.0,0.0
EVT_293745,2026-07-31 15:06:56,CMP_101,Summer Apparel,OLV,impression,0.0145,0.0
EVT_601955,2026-07-30 23:51:45,CMP_101,Summer Apparel,OLV,impression,0.0033,0.0
EVT_284424,2026-07-30 19:06:35,CMP_103,B2B SaaS Trial,Display,q1_25,0.0,0.0
EVT_452331,2026-07-29 21:25:49,CMP_101,Summer Apparel,OLV,q2_50,0.0,0.0
EVT_357192,2026-07-30 02:23:51,CMP_103,B2B SaaS Trial,Display,impression,0.0027,0.0
EVT_158709,2026-07-29 19:43:45,CMP_102,Tech Gadgets Launch,CTV,q3_75,0.0,0.0
EVT_836129,2026-07-30 22:03:42,CMP_102,Tech Gadgets Launch,CTV,impression,0.007,0.0
EVT_585756,2026-07-29 07:54:10,CMP_102,Tech Gadgets Launch,CTV,impression,0.0045,0.0
EVT_116692,2026-07-30 01:16:21,CMP_101,Summer Apparel,OLV,impression,0.0121,0.0
EVT_850435,2026-07-29 09:21:30,CMP_102,Tech Gadgets Launch,CTV,impression,0.0025,0.0
EVT_223793,2026-07-29 12:40:56,CMP_102,Tech Gadgets Launch,CTV,impression,0.0047,0.0
EVT_267767,2026-07-30 11:18:59,CMP_103,B2B SaaS Trial,Display,q4_100,0.0,0.0
EVT_101039,2026-07-29 21:38:56,CMP_101,Summer Apparel,OLV,impression,0.0095,0.0
EVT_430839,2026-07-31 01:25:38,CMP_102,Tech Gadgets Launch,CTV,impression,0.0125,0.0
EVT_804005,2026-07-31 20:00:29,CMP_101,Summer Apparel,OLV,q2_50,0.0,0.0
EVT_531789,2026-07-31 13:35:14,CMP_101,Summer Apparel,OLV,conversion,0.0,52.09
EVT_207014,2026-07-31 00:57:36,CMP_103,B2B SaaS Trial,Display,q2_50,0.0,0.0
EVT_905406,2026-07-31 15:57:57,CMP_102,Tech Gadgets Launch,CTV,q1_25,0.0,0.0
EVT_808428,2026-07-31 19:31:57,CMP_103,B2B SaaS Trial,Display,impression,0.0041,0.0
EVT_436750,2026-07-30 16:22:01,CMP_101,Summer Apparel,OLV,q2_50,0.0,0.0
EVT_341079,2026-07-31 03:09:19,CMP_103,B2B SaaS Trial,Display,q1_25,0.0,0.0
EVT_590213,2026-07-29 14:46:41,CMP_101,Summer Apparel,OLV,impression,0.0022,0.0
EVT_494036,2026-07-31 02:21:56,CMP_103,B2B SaaS Trial,Display,impression,0.0122,0.0
EVT_247899,2026-07-31 09:43:07,CMP_101,Summer Apparel,OLV,q1_25,0.0,0.0
EVT_856411,2026-07-29 22:35:18,CMP_102,Tech Gadgets Launch,CTV,q2_50,0.0,0.0
EVT_231021,2026-07-30 12:26:19,CMP_102,Tech Gadgets Launch,CTV,impression,0.0134,0.0
EVT_694384,2026-07-31 05:40:53,CMP_103,B2B SaaS Trial,Display,q1_25,0.0,0.0
EVT_573164,2026-07-31 02:57:06,CMP_101,Summer Apparel,OLV,impression,0.0122,0.0
EVT_674034,2026-07-30 14:46:04,CMP_103,B2B SaaS Trial,Display,impression,0.0023,0.0
EVT_646460,2026-07-31 16:27:08,CMP_102,Tech Gadgets Launch,CTV,impression,0.0059,0.0
EVT_280981,2026-07-30 19:10:32,CMP_103,B2B SaaS Trial,Display,impression,0.0094,0.0
EVT_420360,2026-07-30 18:37:02,CMP_102,Tech Gadgets Launch,CTV,impression,0.0061,0.0
EVT_370961,2026-07-31 05:23:23,CMP_102,Tech Gadgets Launch,CTV,impression,0.005,0.0
EVT_114144,2026-07-31 07:03:41,CMP_103,B2B SaaS Trial,Display,q1_25,0.0,0.0
EVT_300737,2026-07-31 02:12:45,CMP_101,Summer Apparel,OLV,impression,0.0028,0.0
EVT_986273,2026-07-30 01:19:34,CMP_103,B2B SaaS Trial,Display,q1_25,0.0,0.0
EVT_517509,2026-07-29 18:54:33,CMP_101,Summer Apparel,OLV,q1_25,0.0,0.0
EVT_168320,2026-07-29 09:40:56,CMP_102,Tech Gadgets Launch,CTV,click,0.0,0.0
EVT_683830,2026-07-30 08:14:08,CMP_101,Summer Apparel,OLV,impression,0.009,0.0
EVT_645747,2026-07-29 22:06:32,CMP_101,Summer Apparel,OLV,impression,0.0118,0.0
EVT_138117,2026-07-30 01:22:09,CMP_103,B2B SaaS Trial,Display,q1_25,0.0,0.0
EVT_444810,2026-07-29 15:21:32,CMP_102,Tech Gadgets Launch,CTV,q1_25,0.0,0.0
EVT_403926,2026-07-30 16:06:05,CMP_101,Summer Apparel,OLV,q4_100,0.0,0.0
EVT_487688,2026-07-28 23:10:35,CMP_102,Tech Gadgets Launch,CTV,q1_25,0.0,0.0
EVT_494292,2026-07-30 18:06:17,CMP_101,Summer Apparel,OLV,q1_25,0.0,0.0
EVT_700143,2026-07-30 13:08:56,CMP_103,B2B SaaS Trial,Display,q2_50,0.0,0.0
EVT_209672,2026-07-30 00:47:39,CMP_102,Tech Gadgets Launch,CTV,impression,0.0126,0.0
EVT_890137,2026-07-31 19:41:01,CMP_101,Summer Apparel,OLV,impression,0.009,0.0
EVT_791687,2026-07-31 18:50:40,CMP_102,Tech Gadgets Launch,CTV,impression,0.004,0.0
EVT_101744,2026-07-30 03:43:56,CMP_102,Tech Gadgets Launch,CTV,q2_50,0.0,0.0
EVT_767791,2026-07-31 20:25:41,CMP_102,Tech Gadgets Launch,CTV,impression,0.0029,0.0
EVT_781935,2026-07-30 06:28:52,CMP_102,Tech Gadgets Launch,CTV,impression,0.0111,0.0
EVT_573840,2026-07-29 02:20:17,CMP_102,Tech Gadgets Launch,CTV,q2_50,0.0,0.0
EVT_891508,2026-07-29 12:04:51,CMP_101,Summer Apparel,OLV,impression,0.0127,0.0
EVT_448315,2026-07-30 10:03:50,CMP_101,Summer Apparel,OLV,impression,0.0081,0.0
EVT_387454,2026-07-28 22:17:55,CMP_101,Summer Apparel,OLV,q4_100,0.0,0.0
EVT_120053,2026-07-31 03:50:21,CMP_101,Summer Apparel,OLV,impression,0.0044,0.0
EVT_825258,2026-07-28 20:49:44,CMP_103,B2B SaaS Trial,Display,impression,0.0049,0.0
EVT_666808,2026-07-31 08:45:53,CMP_103,B2B SaaS Trial,Display,impression,0.0069,0.0
EVT_630538,2026-07-29 04:38:05,CMP_101,Summer Apparel,OLV,click,0.0,0.0
EVT_426580,2026-07-29 18:06:02,CMP_103,B2B SaaS Trial,Display,q1_25,0.0,0.0
EVT_540991,2026-07-30 03:24:27,CMP_103,B2B SaaS Trial,Display,click,0.0,0.0
EVT_668053,2026-07-28 20:42:32,CMP_101,Summer Apparel,OLV,click,0.0,0.0
EVT_372525,2026-07-28 23:59:49,CMP_101,Summer Apparel,OLV,impression,0.0102,0.0
EVT_241378,2026-07-31 07:32:57,CMP_101,Summer Apparel,OLV,q1_25,0.0,0.0
EVT_573377,2026-07-29 00:04:27,CMP_102,Tech Gadgets Launch,CTV,q1_25,0.0,0.0
EVT_791272,2026-07-30 00:59:37,CMP_102,Tech Gadgets Launch,CTV,impression,0.0057,0.0
EVT_734880,2026-07-31 01:48:34,CMP_101,Summer Apparel,OLV,q3_75,0.0,0.0
EVT_614550,2026-07-30 03:10:12,CMP_102,Tech Gadgets Launch,CTV,impression,0.0083,0.0
EVT_252944,2026-07-31 02:23:00,CMP_101,Summer Apparel,OLV,q1_25,0.0,0.0
EVT_110545,2026-07-28 22:24:49,CMP_103,B2B SaaS Trial,Display,q2_50,0.0,0.0
EVT_653291,2026-07-28 22:41:14,CMP_103,B2B SaaS Trial,Display,q1_25,0.0,0.0
EVT_451295,2026-07-30 14:00:40,CMP_101,Summer Apparel,OLV,impression,0.0111,0.0
EVT_899894,2026-07-29 16:25:30,CMP_101,Summer Apparel,OLV,impression,0.0032,0.0
EVT_196206,2026-07-30 20:34:38,CMP_101,Summer Apparel,OLV,q1_25,0.0,0.0
EVT_951998,2026-07-30 00:18:00,CMP_101,Summer Apparel,OLV,impression,0.0114,0.0
EVT_818692,2026-07-29 11:43:03,CMP_102,Tech Gadgets Launch,CTV,impression,0.0145,0.0
EVT_551077,2026-07-29 01:30:34,CMP_103,B2B SaaS Trial,Display,impression,0.0056,0.0
EVT_320304,2026-07-31 08:28:32,CMP_102,Tech Gadgets Launch,CTV,q1_25,0.0,0.0
EVT_996033,2026-07-29 09:56:53,CMP_102,Tech Gadgets Launch,CTV,q1_25,0.0,0.0
EVT_918323,2026-07-31 04:45:25,CMP_103,B2B SaaS Trial,Display,impression,0.0111,0.0
EVT_478019,2026-07-30 21:24:16,CMP_101,Summer Apparel,OLV,impression,0.0051,0.0
EVT_304345,2026-07-31 12:01:59,CMP_101,Summer Apparel,OLV,impression,0.0034,0.0
EVT_784706,2026-07-30 23:53:37,CMP_101,Summer Apparel,OLV,q2_50,0.0,0.0
EVT_935659,2026-07-29 23:00:30,CMP_102,Tech Gadgets Launch,CTV,q1_25,0.0,0.0
EVT_981071,2026-07-29 19:14:08,CMP_102,Tech Gadgets Launch,CTV,impression,0.0064,0.0
EVT_865807,2026-07-29 23:51:52,CMP_103,B2B SaaS Trial,Display,q2_50,0.0,0.0
EVT_587442,2026-07-30 01:47:06,CMP_103,B2B SaaS Trial,Display,q4_100,0.0,0.0
EVT_794981,2026-07-29 23:23:33,CMP_103,B2B SaaS Trial,Display,impression,0.0043,0.0
EVT_413516,2026-07-29 17:33:40,CMP_103,B2B SaaS Trial,Display,impression,0.0091,0.0
EVT_626230,2026-07-30 01:16:09,CMP_101,Summer Apparel,OLV,q1_25,0.0,0.0
EVT_993667,2026-07-29 18:34:41,CMP_103,B2B SaaS Trial,Display,q1_25,0.0,0.0
EVT_961680,2026-07-30 05:27:51,CMP_101,Summer Apparel,OLV,q2_50,0.0,0.0
EVT_636966,2026-07-31 16:31:55,CMP_102,Tech Gadgets Launch,CTV,impression,0.0133,0.0
EVT_252669,2026-07-29 20:50:09,CMP_101,Summer Apparel,OLV,impression,0.0073,0.0
EVT_368624,2026-07-29 14:29:22,CMP_102,Tech Gadgets Launch,CTV,q2_50,0.0,0.0
EVT_108756,2026-07-31 15:23:20,CMP_101,Summer Apparel,OLV,impression,0.0105,0.0
EVT_871586,2026-07-29 11:01:24,CMP_103,B2B SaaS Trial,Display,q2_50,0.0,0.0
EVT_163189,2026-07-30 02:48:00,CMP_101,Summer Apparel,OLV,impression,0.0083,0.0
EVT_804980,2026-07-31 08:38:34,CMP_103,B2B SaaS Trial,Display,q2_50,0.0,0.0
EVT_491107,2026-07-28 22:31:01,CMP_101,Summer Apparel,OLV,impression,0.0035,0.0
EVT_953897,2026-07-31 17:02:29,CMP_103,B2B SaaS Trial,Display,impression,0.0087,0.0
EVT_116804,2026-07-31 09:59:17,CMP_101,Summer Apparel,OLV,q2_50,0.0,0.0
EVT_831015,2026-07-30 12:40:08,CMP_101,Summer Apparel,OLV,q2_50,0.0,0.0
EVT_998576,2026-07-30 20:21:24,CMP_102,Tech Gadgets Launch,CTV,impression,0.008,0.0
EVT_639181,2026-07-31 07:58:24,CMP_101,Summer Apparel,OLV,impression,0.0078,0.0
EVT_787662,2026-07-29 23:39:41,CMP_102,Tech Gadgets Launch,CTV,impression,0.011,0.0
EVT_661764,2026-07-29 19:59:45,CMP_101,Summer Apparel,OLV,q1_25,0.0,0.0
EVT_759134,2026-07-29 11:36:27,CMP_101,Summer Apparel,OLV,conversion,0.0,66.21
EVT_399745,2026-07-29 07:50:57,CMP_101,Summer Apparel,OLV,impression,0.0111,0.0
EVT_725757,2026-07-29 02:50:34,CMP_103,B2B SaaS Trial,Display,impression,0.0036,0.0
EVT_697066,2026-07-31 08:43:57,CMP_101,Summer Apparel,OLV,impression,0.006,0.0
EVT_425527,2026-07-30 09:15:10,CMP_103,B2B SaaS Trial,Display,impression,0.005,0.0
EVT_192283,2026-07-30 13:02:07,CMP_103,B2B SaaS Trial,Display,impression,0.0126,0.0
EVT_790071,2026-07-30 15:21:25,CMP_103,B2B SaaS Trial,Display,q1_25,0.0,0.0
EVT_425110,2026-07-31 17:29:59,CMP_101,Summer Apparel,OLV,q1_25,0.0,0.0
EVT_494519,2026-07-30 19:03:31,CMP_103,B2B SaaS Trial,Display,impression,0.0107,0.0
EVT_721632,2026-07-30 15:45:31,CMP_103,B2B SaaS Trial,Display,q1_25,0.0,0.0
EVT_489074,2026-07-30 14:15:09,CMP_101,Summer Apparel,OLV,impression,0.0118,0.0
EVT_478402,2026-07-28 20:58:35,CMP_102,Tech Gadgets Launch,CTV,impression,0.0126,0.0
EVT_587894,2026-07-29 11:33:36,CMP_103,B2B SaaS Trial,Display,q2_50,0.0,0.0
EVT_493966,2026-07-30 05:01:05,CMP_103,B2B SaaS Trial,Display,q1_25,0.0,0.0
EVT_180288,2026-07-30 15:07:37,CMP_103,B2B SaaS Trial,Display,impression,0.0072,0.0
EVT_149415,2026-07-30 01:53:05,CMP_103,B2B SaaS Trial,Display,impression,0.0083,0.0
EVT_155536,2026-07-29 02:46:21,CMP_103,B2B SaaS Trial,Display,impression,0.0116,0.0
EVT_337522,2026-07-31 20:32:37,CMP_102,Tech Gadgets Launch,CTV,impression,0.0059,0.0
EVT_508265,2026-07-29 23:23:10,CMP_101,Summer Apparel,OLV,q1_25,0.0,0.0
EVT_730794,2026-07-28 22:14:20,CMP_102,Tech Gadgets Launch,CTV,impression,0.0124,0.0
EVT_369874,2026-07-29 02:54:02,CMP_103,B2B SaaS Trial,Display,q3_75,0.0,0.0
EVT_278923,2026-07-30 00:07:21,CMP_103,B2B SaaS Trial,Display,q1_25,0.0,0.0
EVT_847303,2026-07-31 17:48:02,CMP_103,B2B SaaS Trial,Display,q1_25,0.0,0.0
EVT_484490,2026-07-30 11:35:14,CMP_101,Summer Apparel,OLV,impression,0.0132,0.0
EVT_373234,2026-07-30 01:40:05,CMP_103,B2B SaaS Trial,Display,q1_25,0.0,0.0
EVT_407028,2026-07-31 03:58:54,CMP_103,B2B SaaS Trial,Display,impression,0.0083,0.0
EVT_457742,2026-07-30 17:31:10,CMP_101,Summer Apparel,OLV,impression,0.005,0.0
EVT_305278,2026-07-31 01:23:01,CMP_101,Summer Apparel,OLV,q2_50,0.0,0.0
EVT_917142,2026-07-30 00:29:32,CMP_103,B2B SaaS Trial,Display,q2_50,0.0,0.0
EVT_618828,2026-07-30 04:49:48,CMP_103,B2B SaaS Trial,Display,impression,0.0121,0.0
EVT_293419,2026-07-29 16:07:37,CMP_101,Summer Apparel,OLV,q2_50,0.0,0.0
EVT_213061,2026-07-29 03:13:45,CMP_102,Tech Gadgets Launch,CTV,impression,0.0023,0.0
EVT_429239,2026-07-29 10:50:21,CMP_101,Summer Apparel,OLV,q1_25,0.0,0.0
EVT_382666,2026-07-30 05:56:50,CMP_102,Tech Gadgets Launch,CTV,impression,0.0077,0.0
EVT_138419,2026-07-29 13:49:23,CMP_103,B2B SaaS Trial,Display,impression,0.0095,0.0
EVT_837142,2026-07-30 16:25:36,CMP_102,Tech Gadgets Launch,CTV,impression,0.0061,0.0
EVT_939144,2026-07-28 21:24:25,CMP_103,B2B SaaS Trial,Display,impression,0.0063,0.0
EVT_333566,2026-07-30 17:55:32,CMP_103,B2B SaaS Trial,Display,q1_25,0.0,0.0
EVT_777691,2026-07-31 20:36:17,CMP_101,Summer Apparel,OLV,q1_25,0.0,0.0
EVT_498911,2026-07-29 12:29:21,CMP_102,Tech Gadgets Launch,CTV,impression,0.0118,0.0
EVT_430208,2026-07-31 08:40:47,CMP_101,Summer Apparel,OLV,impression,0.007,0.0
EVT_581613,2026-07-30 05:43:54,CMP_101,Summer Apparel,OLV,impression,0.0117,0.0
EVT_810641,2026-07-29 15:06:25,CMP_103,B2B SaaS Trial,Display,impression,0.0144,0.0
EVT_316405,2026-07-31 19:50:01,CMP_102,Tech Gadgets Launch,CTV,impression,0.0108,0.0
EVT_189959,2026-07-30 23:18:30,CMP_102,Tech Gadgets Launch,CTV,impression,0.0144,0.0
EVT_986610,2026-07-29 05:59:37,CMP_103,B2B SaaS Trial,Display,q4_100,0.0,0.0
EVT_329478,2026-07-29 21:08:44,CMP_102,Tech Gadgets Launch,CTV,impression,0.0033,0.0
EVT_411645,2026-07-30 13:04:06,CMP_101,Summer Apparel,OLV,impression,0.0031,0.0
EVT_155832,2026-07-29 04:48:09,CMP_103,B2B SaaS Trial,Display,impression,0.0028,0.0
EVT_920092,2026-07-30 03:50:58,CMP_103,B2B SaaS Trial,Display,impression,0.0119,0.0
EVT_259302,2026-07-31 11:33:48,CMP_101,Summer Apparel,OLV,q2_50,0.0,0.0
EVT_934847,2026-07-30 17:26:04,CMP_102,Tech Gadgets Launch,CTV,q2_50,0.0,0.0
EVT_632256,2026-07-30 11:08:20,CMP_101,Summer Apparel,OLV,q4_100,0.0,0.0
EVT_988363,2026-07-30 00:42:49,CMP_101,Summer Apparel,OLV,impression,0.0021,0.0
EVT_358638,2026-07-30 04:49:11,CMP_101,Summer Apparel,OLV,impression,0.0101,0.0
EVT_797130,2026-07-29 12:02:42,CMP_103,B2B SaaS Trial,Display,impression,0.0021,0.0
EVT_118157,2026-07-29 09:18:04,CMP_102,Tech Gadgets Launch,CTV,q1_25,0.0,0.0
EVT_371274,2026-07-31 15:59:05,CMP_102,Tech Gadgets Launch,CTV,q1_25,0.0,0.0
EVT_316401,2026-07-31 03:45:00,CMP_103,B2B SaaS Trial,Display,q3_75,0.0,0.0
EVT_418618,2026-07-31 00:44:13,CMP_102,Tech Gadgets Launch,CTV,q2_50,0.0,0.0
EVT_554584,2026-07-30 22:48:31,CMP_101,Summer Apparel,OLV,q3_75,0.0,0.0
EVT_763795,2026-07-30 07:46:12,CMP_101,Summer Apparel,OLV,q1_25,0.0,0.0
EVT_532575,2026-07-29 08:23:12,CMP_102,Tech Gadgets Launch,CTV,impression,0.011,0.0
EVT_857153,2026-07-30 12:01:09,CMP_103,B2B SaaS Trial,Display,impression,0.0093,0.0
EVT_574250,2026-07-30 05:24:48,CMP_103,B2B SaaS Trial,Display,q1_25,0.0,0.0
EVT_557778,2026-07-30 17:19:27,CMP_102,Tech Gadgets Launch,CTV,impression,0.0044,0.0
EVT_828423,2026-07-31 00:23:35,CMP_101,Summer Apparel,OLV,impression,0.0069,0.0
EVT_165420,2026-07-28 23:49:15,CMP_102,Tech Gadgets Launch,CTV,impression,0.0033,0.0
EVT_403591,2026-07-30 04:07:54,CMP_101,Summer Apparel,OLV,impression,0.0064,0.0
EVT_973667,2026-07-31 17:18:36,CMP_102,Tech Gadgets Launch,CTV,impression,0.0099,0.0
EVT_719480,2026-07-30 23:51:00,CMP_103,B2B SaaS Trial,Display,impression,0.004,0.0
EVT_786940,2026-07-28 21:39:40,CMP_101,Summer Apparel,OLV,q4_100,0.0,0.0
EVT_901675,2026-07-30 06:28:13,CMP_101,Summer Apparel,OLV,q2_50,0.0,0.0
EVT_549861,2026-07-31 00:03:15,CMP_102,Tech Gadgets Launch,CTV,impression,0.006,0.0
EVT_193967,2026-07-31 01:00:34,CMP_101,Summer Apparel,OLV,q3_75,0.0,0.0
EVT_470051,2026-07-31 04:01:47,CMP_103,B2B SaaS Trial,Display,impression,0.0069,0.0
EVT_538417,2026-07-30 12:50:39,CMP_103,B2B SaaS Trial,Display,impression,0.0076,0.0
EVT_432248,2026-07-29 17:25:55,CMP_103,B2B SaaS Trial,Display,impression,0.0024,0.0
EVT_700589,2026-07-31 02:27:40,CMP_102,Tech Gadgets Launch,CTV,q1_25,0.0,0.0
EVT_597467,2026-07-31 08:15:10,CMP_103,B2B SaaS Trial,Display,impression,0.004,0.0
EVT_204419,2026-07-29 22:11:57,CMP_102,Tech Gadgets Launch,CTV,impression,0.0021,0.0
EVT_304584,2026-07-30 16:31:45,CMP_102,Tech Gadgets Launch,CTV,impression,0.0101,0.0
EVT_295800,2026-07-31 13:27:37,CMP_102,Tech Gadgets Launch,CTV,impression,0.0149,0.0
EVT_662940,2026-07-30 06:26:05,CMP_101,Summer Apparel,OLV,q1_25,0.0,0.0
EVT_474726,2026-07-31 06:18:15,CMP_102,Tech Gadgets Launch,CTV,impression,0.0116,0.0
EVT_104368,2026-07-30 17:53:15,CMP_103,B2B SaaS Trial,Display,impression,0.0109,0.0
EVT_551202,2026-07-28 21:58:47,CMP_102,Tech Gadgets Launch,CTV,impression,0.0101,0.0
EVT_189920,2026-07-29 04:07:29,CMP_102,Tech Gadgets Launch,CTV,impression,0.0136,0.0
EVT_450270,2026-07-30 07:52:34,CMP_102,Tech Gadgets Launch,CTV,impression,0.0058,0.0
EVT_817435,2026-07-30 17:23:29,CMP_102,Tech Gadgets Launch,CTV,impression,0.0089,0.0
EVT_597509,2026-07-29 04:55:13,CMP_101,Summer Apparel,OLV,q1_25,0.0,0.0
EVT_412886,2026-07-31 06:16:15,CMP_101,Summer Apparel,OLV,impression,0.0028,0.0
EVT_937617,2026-07-30 10:49:06,CMP_101,Summer Apparel,OLV,impression,0.0112,0.0
EVT_905674,2026-07-30 04:04:22,CMP_102,Tech Gadgets Launch,CTV,q2_50,0.0,0.0
EVT_710256,2026-07-29 15:12:53,CMP_102,Tech Gadgets Launch,CTV,impression,0.0092,0.0
EVT_387829,2026-07-31 16:40:20,CMP_103,B2B SaaS Trial,Display,q3_75,0.0,0.0
EVT_459242,2026-07-30 09:42:36,CMP_103,B2B SaaS Trial,Display,impression,0.0097,0.0
EVT_895813,2026-07-30 18:35:10,CMP_102,Tech Gadgets Launch,CTV,impression,0.0098,0.0
EVT_503917,2026-07-30 06:07:27,CMP_101,Summer Apparel,OLV,impression,0.0108,0.0
EVT_777959,2026-07-31 11:48:35,CMP_103,B2B SaaS Trial,Display,q3_75,0.0,0.0
EVT_160091,2026-07-30 11:00:33,CMP_102,Tech Gadgets Launch,CTV,q1_25,0.0,0.0
EVT_775097,2026-07-29 01:26:47,CMP_102,Tech Gadgets Launch,CTV,impression,0.0145,0.0
EVT_288878,2026-07-28 22:23:18,CMP_102,Tech Gadgets Launch,CTV,impression,0.0133,0.0
EVT_195309,2026-07-30 06:51:19,CMP_103,B2B SaaS Trial,Display,impression,0.0051,0.0
EVT_785526,2026-07-31 07:16:22,CMP_103,B2B SaaS Trial,Display,q1_25,0.0,0.0
EVT_585670,2026-07-30 04:18:45,CMP_101,Summer Apparel,OLV,q4_100,0.0,0.0
EVT_676759,2026-07-30 01:55:04,CMP_101,Summer Apparel,OLV,q3_75,0.0,0.0
EVT_575303,2026-07-29 17:54:04,CMP_102,Tech Gadgets Launch,CTV,q1_25,0.0,0.0
EVT_200265,2026-07-29 14:04:00,CMP_101,Summer Apparel,OLV,impression,0.0102,0.0
EVT_100013,2026-07-30 01:30:16,CMP_103,B2B SaaS Trial,Display,q1_25,0.0,0.0
EVT_820726,2026-07-29 22:04:34,CMP_102,Tech Gadgets Launch,CTV,q1_25,0.0,0.0
EVT_516357,2026-07-29 13:15:57,CMP_101,Summer Apparel,OLV,impression,0.0138,0.0
EVT_457616,2026-07-30 07:26:59,CMP_101,Summer Apparel,OLV,impression,0.0042,0.0
EVT_155098,2026-07-30 19:19:34,CMP_101,Summer Apparel,OLV,impression,0.0094,0.0
EVT_817483,2026-07-30 17:54:22,CMP_102,Tech Gadgets Launch,CTV,q3_75,0.0,0.0
EVT_133456,2026-07-29 20:46:41,CMP_101,Summer Apparel,OLV,impression,0.0143,0.0
EVT_408050,2026-07-29 11:20:05,CMP_103,B2B SaaS Trial,Display,q3_75,0.0,0.0
EVT_136413,2026-07-31 09:08:48,CMP_103,B2B SaaS Trial,Display,q2_50,0.0,0.0
EVT_899176,2026-07-30 15:33:46,CMP_101,Summer Apparel,OLV,impression,0.0065,0.0
EVT_106813,2026-07-29 01:43:48,CMP_101,Summer Apparel,OLV,q1_25,0.0,0.0
EVT_218961,2026-07-30 19:35:03,CMP_103,B2B SaaS Trial,Display,q2_50,0.0,0.0
EVT_341565,2026-07-31 03:13:18,CMP_102,Tech Gadgets Launch,CTV,q4_100,0.0,0.0
EVT_358249,2026-07-31 04:19:20,CMP_103,B2B SaaS Trial,Display,q2_50,0.0,0.0
EVT_285940,2026-07-31 08:00:10,CMP_102,Tech Gadgets Launch,CTV,impression,0.0123,0.0
EVT_806629,2026-07-31 17:12:17,CMP_103,B2B SaaS Trial,Display,impression,0.0065,0.0
EVT_785386,2026-07-31 07:29:27,CMP_103,B2B SaaS Trial,Display,q2_50,0.0,0.0
EVT_777269,2026-07-31 10:36:21,CMP_103,B2B SaaS Trial,Display,impression,0.0086,0.0
EVT_959508,2026-07-29 23:34:49,CMP_102,Tech Gadgets Launch,CTV,q1_25,0.0,0.0
EVT_760608,2026-07-30 19:29:55,CMP_103,B2B SaaS Trial,Display,q1_25,0.0,0.0
EVT_866059,2026-07-31 07:55:55,CMP_102,Tech Gadgets Launch,CTV,q1_25,0.0,0.0
EVT_710289,2026-07-30 00:07:10,CMP_101,Summer Apparel,OLV,q1_25,0.0,0.0
EVT_460132,2026-07-29 01:35:41,CMP_103,B2B SaaS Trial,Display,impression,0.0132,0.0
EVT_685773,2026-07-30 23:01:41,CMP_102,Tech Gadgets Launch,CTV,impression,0.0111,0.0
EVT_172152,2026-07-31 06:09:29,CMP_101,Summer Apparel,OLV,impression,0.0071,0.0
EVT_955045,2026-07-28 23:46:40,CMP_102,Tech Gadgets Launch,CTV,q1_25,0.0,0.0
EVT_324143,2026-07-31 11:11:05,CMP_103,B2B SaaS Trial,Display,impression,0.0064,0.0
EVT_370548,2026-07-30 07:16:34,CMP_103,B2B SaaS Trial,Display,q1_25,0.0,0.0
EVT_284257,2026-07-31 03:04:53,CMP_103,B2B SaaS Trial,Display,q2_50,0.0,0.0
EVT_725340,2026-07-29 17:50:59,CMP_101,Summer Apparel,OLV,q1_25,0.0,0.0
EVT_141357,2026-07-31 14:42:11,CMP_101,Summer Apparel,OLV,impression,0.0124,0.0
EVT_955297,2026-07-29 02:07:19,CMP_103,B2B SaaS Trial,Display,q1_25,0.0,0.0
EVT_509328,2026-07-30 11:50:03,CMP_102,Tech Gadgets Launch,CTV,q1_25,0.0,0.0
EVT_540054,2026-07-31 06:36:55,CMP_101,Summer Apparel,OLV,q1_25,0.0,0.0
EVT_789334,2026-07-31 14:33:31,CMP_103,B2B SaaS Trial,Display,q1_25,0.0,0.0
EVT_157655,2026-07-29 19:56:11,CMP_102,Tech Gadgets Launch,CTV,impression,0.0095,0.0
EVT_562002,2026-07-30 13:03:38,CMP_102,Tech Gadgets Launch,CTV,conversion,0.0,42.97
EVT_714941,2026-07-29 03:17:42,CMP_103,B2B SaaS Trial,Display,impression,0.0084,0.0
EVT_409712,2026-07-30 00:57:15,CMP_103,B2B SaaS Trial,Display,impression,0.0118,0.0
EVT_252942,2026-07-31 04:13:00,CMP_103,B2B SaaS Trial,Display,q4_100,0.0,0.0
EVT_421792,2026-07-29 00:16:30,CMP_102,Tech Gadgets Launch,CTV,q1_25,0.0,0.0
EVT_694738,2026-07-30 18:43:38,CMP_101,Summer Apparel,OLV,impression,0.0115,0.0
EVT_751542,2026-07-31 04:48:42,CMP_102,Tech Gadgets Launch,CTV,impression,0.0116,0.0
EVT_912225,2026-07-30 04:46:58,CMP_102,Tech Gadgets Launch,CTV,q4_100,0.0,0.0
EVT_444879,2026-07-28 21:41:43,CMP_101,Summer Apparel,OLV,q1_25,0.0,0.0
EVT_947284,2026-07-29 18:57:56,CMP_101,Summer Apparel,OLV,q4_100,0.0,0.0
EVT_359598,2026-07-29 02:45:39,CMP_101,Summer Apparel,OLV,impression,0.0053,0.0
EVT_891219,2026-07-29 15:42:34,CMP_103,B2B SaaS Trial,Display,impression,0.0125,0.0
EVT_766786,2026-07-29 09:13:05,CMP_103,B2B SaaS Trial,Display,impression,0.0097,0.0
EVT_272423,2026-07-29 15:45:50,CMP_101,Summer Apparel,OLV,q2_50,0.0,0.0
EVT_680818,2026-07-30 04:55:36,CMP_102,Tech Gadgets Launch,CTV,impression,0.0065,0.0
EVT_329580,2026-07-29 01:16:19,CMP_103,B2B SaaS Trial,Display,impression,0.0111,0.0
EVT_312487,2026-07-30 11:44:59,CMP_101,Summer Apparel,OLV,impression,0.0055,0.0
EVT_513653,2026-07-28 20:37:44,CMP_102,Tech Gadgets Launch,CTV,impression,0.0057,0.0
EVT_844080,2026-07-31 11:05:35,CMP_102,Tech Gadgets Launch,CTV,q3_75,0.0,0.0
EVT_276151,2026-07-29 06:33:48,CMP_103,B2B SaaS Trial,Display,impression,0.0072,0.0
EVT_957477,2026-07-30 10:22:30,CMP_102,Tech Gadgets Launch,CTV,q1_25,0.0,0.0
EVT_884422,2026-07-31 18:50:31,CMP_102,Tech Gadgets Launch,CTV,impression,0.0059,0.0
EVT_623614,2026-07-30 19:31:01,CMP_101,Summer Apparel,OLV,impression,0.0081,0.0
EVT_205392,2026-07-29 17:00:14,CMP_103,B2B SaaS Trial,Display,conversion,0.0,47.31
EVT_740752,2026-07-31 07:44:54,CMP_103,B2B SaaS Trial,Display,impression,0.0098,0.0
EVT_783551,2026-07-30 13:53:41,CMP_101,Summer Apparel,OLV,impression,0.0049,0.0
EVT_517303,2026-07-31 07:51:24,CMP_103,B2B SaaS Trial,Display,q3_75,0.0,0.0
EVT_956497,2026-07-30 06:10:43,CMP_103,B2B SaaS Trial,Display,impression,0.0039,0.0
EVT_886314,2026-07-29 22:12:50,CMP_102,Tech Gadgets Launch,CTV,q1_25,0.0,0.0
EVT_680176,2026-07-30 22:09:54,CMP_102,Tech Gadgets Launch,CTV,impression,0.0119,0.0
EVT_347086,2026-07-30 20:01:25,CMP_103,B2B SaaS Trial,Display,q2_50,0.0,0.0
EVT_104928,2026-07-30 00:46:24,CMP_101,Summer Apparel,OLV,impression,0.0115,0.0
EVT_866874,2026-07-31 13:07:25,CMP_103,B2B SaaS Trial,Display,impression,0.003,0.0
EVT_186942,2026-07-30 15:38:22,CMP_102,Tech Gadgets Launch,CTV,impression,0.0127,0.0
EVT_119369,2026-07-31 05:41:08,CMP_103,B2B SaaS Trial,Display,q1_25,0.0,0.0
EVT_328271,2026-07-29 09:56:56,CMP_102,Tech Gadgets Launch,CTV,impression,0.0105,0.0
EVT_670909,2026-07-28 21:06:25,CMP_103,B2B SaaS Trial,Display,q3_75,0.0,0.0
EVT_177530,2026-07-31 07:35:14,CMP_102,Tech Gadgets Launch,CTV,q2_50,0.0,0.0
EVT_273057,2026-07-31 04:56:38,CMP_101,Summer Apparel,OLV,click,0.0,0.0
EVT_352408,2026-07-31 11:10:10,CMP_101,Summer Apparel,OLV,q1_25,0.0,0.0
EVT_916914,2026-07-31 09:18:14,CMP_101,Summer Apparel,OLV,impression,0.0143,0.0
EVT_482497,2026-07-30 19:59:36,CMP_102,Tech Gadgets Launch,CTV,q1_25,0.0,0.0
EVT_188263,2026-07-29 04:23:34,CMP_103,B2B SaaS Trial,Display,impression,0.0074,0.0
EVT_535852,2026-07-30 19:43:54,CMP_101,Summer Apparel,OLV,q2_50,0.0,0.0
EVT_928608,2026-07-29 11:11:06,CMP_103,B2B SaaS Trial,Display,q3_75,0.0,0.0
EVT_618799,2026-07-30 04:28:31,CMP_102,Tech Gadgets Launch,CTV,impression,0.011,0.0
EVT_772971,2026-07-29 15:23:16,CMP_103,B2B SaaS Trial,Display,impression,0.0139,0.0
EVT_300621,2026-07-29 02:04:49,CMP_102,Tech Gadgets Launch,CTV,impression,0.0042,0.0
EVT_993328,2026-07-29 08:45:28,CMP_103,B2B SaaS Trial,Display,impression,0.0092,0.0
EVT_846206,2026-07-30 15:57:33,CMP_103,B2B SaaS Trial,Display,q1_25,0.0,0.0
EVT_312359,2026-07-30 06:50:32,CMP_101,Summer Apparel,OLV,q2_50,0.0,0.0
EVT_535837,2026-07-31 11:33:47,CMP_103,B2B SaaS Trial,Display,q3_75,0.0,0.0
EVT_220033,2026-07-31 02:29:59,CMP_103,B2B SaaS Trial,Display,q3_75,0.0,0.0
EVT_981661,2026-07-29 10:12:50,CMP_103,B2B SaaS Trial,Display,q2_50,0.0,0.0
EVT_755112,2026-07-31 03:00:41,CMP_102,Tech Gadgets Launch,CTV,impression,0.0062,0.0
EVT_403640,2026-07-31 09:06:51,CMP_101,Summer Apparel,OLV,impression,0.0096,0.0
EVT_197058,2026-07-30 05:53:27,CMP_101,Summer Apparel,OLV,conversion,0.0,105.77
EVT_559892,2026-07-31 05:11:15,CMP_101,Summer Apparel,OLV,impression,0.0034,0.0
EVT_230742,2026-07-31 07:57:38,CMP_103,B2B SaaS Trial,Display,q1_25,0.0,0.0
EVT_975812,2026-07-29 01:03:30,CMP_101,Summer Apparel,OLV,q3_75,0.0,0.0
EVT_131111,2026-07-31 09:11:09,CMP_103,B2B SaaS Trial,Display,q2_50,0.0,0.0
EVT_913655,2026-07-31 15:46:35,CMP_102,Tech Gadgets Launch,CTV,impression,0.0112,0.0
EVT_930881,2026-07-29 13:58:31,CMP_103,B2B SaaS Trial,Display,impression,0.0115,0.0
EVT_436866,2026-07-31 09:00:49,CMP_102,Tech Gadgets Launch,CTV,q1_25,0.0,0.0
EVT_141824,2026-07-30 19:50:23,CMP_103,B2B SaaS Trial,Display,impression,0.0093,0.0
EVT_875031,2026-07-31 08:23:15,CMP_103,B2B SaaS Trial,Display,q3_75,0.0,0.0
EVT_408685,2026-07-30 07:20:10,CMP_102,Tech Gadgets Launch,CTV,impression,0.0023,0.0
EVT_836810,2026-07-31 13:26:52,CMP_102,Tech Gadgets Launch,CTV,impression,0.0129,0.0
EVT_734402,2026-07-29 04:50:58,CMP_102,Tech Gadgets Launch,CTV,impression,0.0089,0.0
EVT_451063,2026-07-30 10:43:17,CMP_101,Summer Apparel,OLV,q2_50,0.0,0.0
EVT_379539,2026-07-28 21:25:27,CMP_102,Tech Gadgets Launch,CTV,q4_100,0.0,0.0
EVT_832837,2026-07-30 12:20:10,CMP_102,Tech Gadgets Launch,CTV,q1_25,0.0,0.0
EVT_165737,2026-07-29 09:45:51,CMP_103,B2B SaaS Trial,Display,q2_50,0.0,0.0
EVT_544252,2026-07-31 14:56:08,CMP_103,B2B SaaS Trial,Display,impression,0.0094,0.0
EVT_734006,2026-07-28 22:09:27,CMP_101,Summer Apparel,OLV,impression,0.0116,0.0
EVT_314312,2026-07-28 21:08:21,CMP_102,Tech Gadgets Launch,CTV,impression,0.0023,0.0
EVT_163566,2026-07-30 17:55:23,CMP_101,Summer Apparel,OLV,q1_25,0.0,0.0
EVT_110150,2026-07-29 22:18:28,CMP_102,Tech Gadgets Launch,CTV,impression,0.0126,0.0
EVT_462113,2026-07-30 11:56:11,CMP_103,B2B SaaS Trial,Display,q2_50,0.0,0.0
EVT_565724,2026-07-29 10:15:12,CMP_101,Summer Apparel,OLV,impression,0.007,0.0
EVT_803975,2026-07-31 12:40:10,CMP_102,Tech Gadgets Launch,CTV,impression,0.0036,0.0
EVT_604966,2026-07-29 05:09:37,CMP_102,Tech Gadgets Launch,CTV,q1_25,0.0,0.0
EVT_817707,2026-07-30 15:32:47,CMP_102,Tech Gadgets Launch,CTV,impression,0.0055,0.0
EVT_237656,2026-07-29 12:55:23,CMP_101,Summer Apparel,OLV,q2_50,0.0,0.0
EVT_358042,2026-07-30 11:25:42,CMP_102,Tech Gadgets Launch,CTV,q3_75,0.0,0.0
EVT_782322,2026-07-30 13:48:30,CMP_102,Tech Gadgets Launch,CTV,impression,0.0144,0.0
EVT_632296,2026-07-31 07:51:01,CMP_103,B2B SaaS Trial,Display,impression,0.0144,0.0
EVT_988944,2026-07-29 19:59:02,CMP_101,Summer Apparel,OLV,impression,0.0053,0.0
EVT_872182,2026-07-31 04:15:57,CMP_102,Tech Gadgets Launch,CTV,impression,0.0061,0.0
EVT_861548,2026-07-31 11:46:37,CMP_103,B2B SaaS Trial,Display,q2_50,0.0,0.0
EVT_959071,2026-07-30 18:29:50,CMP_102,Tech Gadgets Launch,CTV,impression,0.0091,0.0
EVT_407798,2026-07-31 06:48:43,CMP_102,Tech Gadgets Launch,CTV,q2_50,0.0,0.0
EVT_779293,2026-07-31 15:10:21,CMP_101,Summer Apparel,OLV,click,0.0,0.0
EVT_507330,2026-07-31 10:38:52,CMP_101,Summer Apparel,OLV,q1_25,0.0,0.0
EVT_167541,2026-07-28 21:42:05,CMP_103,B2B SaaS Trial,Display,q4_100,0.0,0.0
EVT_204859,2026-07-28 23:16:57,CMP_102,Tech Gadgets Launch,CTV,impression,0.0059,0.0
EVT_829698,2026-07-28 23:23:56,CMP_102,Tech Gadgets Launch,CTV,impression,0.0042,0.0
EVT_462912,2026-07-29 22:43:34,CMP_102,Tech Gadgets Launch,CTV,q1_25,0.0,0.0
EVT_441328,2026-07-30 06:53:57,CMP_103,B2B SaaS Trial,Display,q1_25,0.0,0.0
EVT_750243,2026-07-30 10:24:36,CMP_102,Tech Gadgets Launch,CTV,impression,0.0101,0.0
EVT_643442,2026-07-30 03:31:08,CMP_103,B2B SaaS Trial,Display,q2_50,0.0,0.0
EVT_196046,2026-07-31 19:59:24,CMP_101,Summer Apparel,OLV,q1_25,0.0,0.0
EVT_404506,2026-07-29 21:16:32,CMP_103,B2B SaaS Trial,Display,q1_25,0.0,0.0
EVT_496019,2026-07-29 14:26:08,CMP_102,Tech Gadgets Launch,CTV,q1_25,0.0,0.0
EVT_278729,2026-07-31 06:12:16,CMP_101,Summer Apparel,OLV,q1_25,0.0,0.0
EVT_983930,2026-07-31 11:26:05,CMP_102,Tech Gadgets Launch,CTV,q1_25,0.0,0.0
EVT_958480,2026-07-31 01:46:42,CMP_103,B2B SaaS Trial,Display,q1_25,0.0,0.0
EVT_897515,2026-07-31 09:40:33,CMP_102,Tech Gadgets Launch,CTV,impression,0.0048,0.0
EVT_809899,2026-07-30 23:46:40,CMP_103,B2B SaaS Trial,Display,q3_75,0.0,0.0
EVT_511926,2026-07-28 22:28:54,CMP_102,Tech Gadgets Launch,CTV,q1_25,0.0,0.0
EVT_902180,2026-07-29 20:03:16,CMP_103,B2B SaaS Trial,Display,q1_25,0.0,0.0
EVT_525113,2026-07-31 14:06:03,CMP_101,Summer Apparel,OLV,impression,0.0127,0.0
EVT_536432,2026-07-29 17:11:56,CMP_101,Summer Apparel,OLV,impression,0.0081,0.0
EVT_278829,2026-07-31 06:04:08,CMP_101,Summer Apparel,OLV,impression,0.0076,0.0
EVT_431538,2026-07-29 04:06:43,CMP_101,Summer Apparel,OLV,q3_75,0.0,0.0
EVT_127974,2026-07-29 22:14:06,CMP_102,Tech Gadgets Launch,CTV,impression,0.0046,0.0
EVT_443525,2026-07-29 10:09:56,CMP_102,Tech Gadgets Launch,CTV,impression,0.0104,0.0
EVT_967010,2026-07-29 21:39:36,CMP_103,B2B SaaS Trial,Display,q1_25,0.0,0.0
EVT_620607,2026-07-31 13:43:11,CMP_102,Tech Gadgets Launch,CTV,impression,0.0055,0.0
EVT_840373,2026-07-31 16:49:22,CMP_102,Tech Gadgets Launch,CTV,impression,0.0111,0.0
EVT_244695,2026-07-30 07:02:12,CMP_101,Summer Apparel,OLV,conversion,0.0,116.31
EVT_976083,2026-07-29 16:18:50,CMP_103,B2B SaaS Trial,Display,impression,0.0087,0.0
EVT_965048,2026-07-31 16:40:28,CMP_101,Summer Apparel,OLV,q1_25,0.0,0.0
EVT_430749,2026-07-30 17:06:19,CMP_103,B2B SaaS Trial,Display,impression,0.0088,0.0
EVT_690344,2026-07-29 21:52:04,CMP_102,Tech Gadgets Launch,CTV,q1_25,0.0,0.0
EVT_166184,2026-07-30 06:05:22,CMP_103,B2B SaaS Trial,Display,conversion,0.0,34.89
EVT_665226,2026-07-29 04:46:21,CMP_103,B2B SaaS Trial,Display,q1_25,0.0,0.0
EVT_134562,2026-07-30 06:07:45,CMP_101,Summer Apparel,OLV,impression,0.0048,0.0
EVT_155303,2026-07-31 00:21:39,CMP_103,B2B SaaS Trial,Display,impression,0.0039,0.0
EVT_989729,2026-07-31 01:39:04,CMP_103,B2B SaaS Trial,Display,impression,0.0062,0.0
EVT_944935,2026-07-30 21:25:50,CMP_101,Summer Apparel,OLV,q2_50,0.0,0.0
EVT_770130,2026-07-31 18:51:02,CMP_103,B2B SaaS Trial,Display,impression,0.0082,0.0
EVT_403890,2026-07-30 13:24:03,CMP_101,Summer Apparel,OLV,impression,0.002,0.0
EVT_870173,2026-07-30 14:24:16,CMP_103,B2B SaaS Trial,Display,impression,0.0068,0.0
EVT_216340,2026-07-30 00:35:56,CMP_101,Summer Apparel,OLV,q3_75,0.0,0.0
EVT_648365,2026-07-30 17:45:11,CMP_101,Summer Apparel,OLV,q3_75,0.0,0.0
EVT_784149,2026-07-29 22:04:35,CMP_102,Tech Gadgets Launch,CTV,impression,0.0022,0.0
EVT_915180,2026-07-30 17:47:54,CMP_103,B2B SaaS Trial,Display,impression,0.0051,0.0
EVT_386023,2026-07-29 06:19:50,CMP_102,Tech Gadgets Launch,CTV,impression,0.0045,0.0
EVT_738305,2026-07-30 03:12:29,CMP_101,Summer Apparel,OLV,impression,0.0046,0.0
EVT_519791,2026-07-29 19:45:38,CMP_102,Tech Gadgets Launch,CTV,q1_25,0.0,0.0
EVT_825383,2026-07-29 18:32:52,CMP_101,Summer Apparel,OLV,q3_75,0.0,0.0
EVT_863587,2026-07-29 04:42:05,CMP_101,Summer Apparel,OLV,impression,0.006,0.0
EVT_817505,2026-07-30 20:59:35,CMP_101,Summer Apparel,OLV,impression,0.0139,0.0
EVT_860606,2026-07-31 03:32:12,CMP_102,Tech Gadgets Launch,CTV,impression,0.0064,0.0
EVT_195776,2026-07-29 13:48:41,CMP_103,B2B SaaS Trial,Display,impression,0.0135,0.0
EVT_808315,2026-07-31 19:47:27,CMP_103,B2B SaaS Trial,Display,impression,0.0123,0.0
EVT_262941,2026-07-29 08:23:17,CMP_103,B2B SaaS Trial,Display,impression,0.0061,0.0
EVT_428364,2026-07-31 01:03:06,CMP_101,Summer Apparel,OLV,click,0.0,0.0
EVT_843547,2026-07-31 10:09:42,CMP_103,B2B SaaS Trial,Display,impression,0.0132,0.0
EVT_176860,2026-07-30 13:29:11,CMP_103,B2B SaaS Trial,Display,q1_25,0.0,0.0
EVT_643238,2026-07-29 22:43:48,CMP_101,Summer Apparel,OLV,impression,0.0058,0.0
EVT_743687,2026-07-29 17:38:59,CMP_102,Tech Gadgets Launch,CTV,q1_25,0.0,0.0
EVT_777008,2026-07-31 19:54:55,CMP_102,Tech Gadgets Launch,CTV,impression,0.0109,0.0
EVT_551699,2026-07-30 09:17:27,CMP_101,Summer Apparel,OLV,q2_50,0.0,0.0
EVT_443094,2026-07-31 11:30:39,CMP_103,B2B SaaS Trial,Display,q2_50,0.0,0.0
EVT_439678,2026-07-28 23:38:02,CMP_103,B2B SaaS Trial,Display,impression,0.0119,0.0
EVT_235819,2026-07-31 10:55:11,CMP_103,B2B SaaS Trial,Display,q3_75,0.0,0.0
EVT_297307,2026-07-29 02:05:10,CMP_101,Summer Apparel,OLV,q3_75,0.0,0.0
EVT_454811,2026-07-30 21:22:14,CMP_102,Tech Gadgets Launch,CTV,q1_25,0.0,0.0
EVT_388986,2026-07-30 05:18:58,CMP_101,Summer Apparel,OLV,q2_50,0.0,0.0
EVT_960671,2026-07-31 01:29:36,CMP_102,Tech Gadgets Launch,CTV,impression,0.014,0.0
EVT_981642,2026-07-31 07:25:36,CMP_102,Tech Gadgets Launch,CTV,impression,0.0142,0.0
EVT_610378,2026-07-29 10:45:05,CMP_102,Tech Gadgets Launch,CTV,impression,0.0024,0.0
EVT_992303,2026-07-30 15:07:23,CMP_101,Summer Apparel,OLV,impression,0.0065,0.0
EVT_481205,2026-07-29 10:50:16,CMP_101,Summer Apparel,OLV,impression,0.0073,0.0
EVT_255961,2026-07-30 00:52:37,CMP_103,B2B SaaS Trial,Display,impression,0.0021,0.0
EVT_541123,2026-07-30 04:47:26,CMP_103,B2B SaaS Trial,Display,q3_75,0.0,0.0
EVT_454503,2026-07-29 22:15:51,CMP_101,Summer Apparel,OLV,q2_50,0.0,0.0
EVT_744034,2026-07-29 06:31:57,CMP_101,Summer Apparel,OLV,q4_100,0.0,0.0
EVT_350441,2026-07-30 05:54:40,CMP_103,B2B SaaS Trial,Display,q4_100,0.0,0.0
EVT_971923,2026-07-29 05:22:29,CMP_102,Tech Gadgets Launch,CTV,impression,0.007,0.0
EVT_738391,2026-07-29 22:13:27,CMP_101,Summer Apparel,OLV,q2_50,0.0,0.0
EVT_458532,2026-07-29 20:11:17,CMP_103,B2B SaaS Trial,Display,impression,0.0088,0.0
EVT_556388,2026-07-29 07:19:32,CMP_102,Tech Gadgets Launch,CTV,impression,0.0043,0.0
EVT_600959,2026-07-29 16:53:51,CMP_103,B2B SaaS Trial,Display,impression,0.0126,0.0
EVT_396448,2026-07-29 22:12:03,CMP_102,Tech Gadgets Launch,CTV,impression,0.0135,0.0
EVT_708453,2026-07-30 21:40:45,CMP_102,Tech Gadgets Launch,CTV,impression,0.0139,0.0
EVT_845582,2026-07-31 00:46:24,CMP_101,Summer Apparel,OLV,impression,0.0023,0.0
EVT_156132,2026-07-29 06:55:04,CMP_101,Summer Apparel,OLV,impression,0.0091,0.0
EVT_748775,2026-07-31 03:44:47,CMP_101,Summer Apparel,OLV,impression,0.0063,0.0
EVT_833951,2026-07-31 06:37:18,CMP_103,B2B SaaS Trial,Display,q1_25,0.0,0.0
EVT_374012,2026-07-31 03:19:04,CMP_103,B2B SaaS Trial,Display,impression,0.0136,0.0
EVT_136256,2026-07-29 02:46:19,CMP_103,B2B SaaS Trial,Display,impression,0.0048,0.0
EVT_179946,2026-07-30 06:12:19,CMP_101,Summer Apparel,OLV,q3_75,0.0,0.0
EVT_714225,2026-07-31 17:44:33,CMP_102,Tech Gadgets Launch,CTV,q2_50,0.0,0.0
EVT_737645,2026-07-30 20:39:57,CMP_102,Tech Gadgets Launch,CTV,impression,0.0045,0.0
EVT_101560,2026-07-31 12:45:04,CMP_103,B2B SaaS Trial,Display,impression,0.0133,0.0
EVT_562578,2026-07-29 03:43:45,CMP_102,Tech Gadgets Launch,CTV,impression,0.0073,0.0
EVT_914762,2026-07-28 23:46:41,CMP_103,B2B SaaS Trial,Display,q1_25,0.0,0.0
EVT_784498,2026-07-29 06:51:39,CMP_103,B2B SaaS Trial,Display,click,0.0,0.0
EVT_874810,2026-07-31 06:25:29,CMP_102,Tech Gadgets Launch,CTV,q1_25,0.0,0.0
EVT_776616,2026-07-29 19:36:53,CMP_103,B2B SaaS Trial,Display,q1_25,0.0,0.0
EVT_202053,2026-07-29 08:59:41,CMP_103,B2B SaaS Trial,Display,q2_50,0.0,0.0
EVT_164864,2026-07-29 06:08:35,CMP_103,B2B SaaS Trial,Display,q1_25,0.0,0.0
EVT_176556,2026-07-29 05:19:53,CMP_101,Summer Apparel,OLV,q2_50,0.0,0.0
EVT_896219,2026-07-29 12:11:42,CMP_102,Tech Gadgets Launch,CTV,q2_50,0.0,0.0
EVT_423385,2026-07-31 03:26:55,CMP_101,Summer Apparel,OLV,q2_50,0.0,0.0
EVT_333938,2026-07-30 18:37:41,CMP_102,Tech Gadgets Launch,CTV,impression,0.0076,0.0
EVT_908516,2026-07-30 17:43:21,CMP_101,Summer Apparel,OLV,impression,0.0024,0.0
EVT_934926,2026-07-30 06:56:47,CMP_102,Tech Gadgets Launch,CTV,q2_50,0.0,0.0
EVT_518404,2026-07-30 16:31:57,CMP_102,Tech Gadgets Launch,CTV,q2_50,0.0,0.0
EVT_421641,2026-07-29 02:03:54,CMP_102,Tech Gadgets Launch,CTV,impression,0.0036,0.0
EVT_956816,2026-07-29 06:19:35,CMP_102,Tech Gadgets Launch,CTV,q3_75,0.0,0.0
EVT_948134,2026-07-28 23:15:25,CMP_102,Tech Gadgets Launch,CTV,q3_75,0.0,0.0
EVT_805011,2026-07-30 23:22:18,CMP_103,B2B SaaS Trial,Display,impression,0.0097,0.0
EVT_205495,2026-07-29 21:53:13,CMP_101,Summer Apparel,OLV,impression,0.0061,0.0
EVT_299949,2026-07-29 11:18:12,CMP_101,Summer Apparel,OLV,impression,0.013,0.0
EVT_819886,2026-07-30 00:09:51,CMP_101,Summer Apparel,OLV,q1_25,0.0,0.0
EVT_990919,2026-07-29 05:27:49,CMP_102,Tech Gadgets Launch,CTV,impression,0.0121,0.0
EVT_371015,2026-07-31 08:07:13,CMP_102,Tech Gadgets Launch,CTV,impression,0.0107,0.0
EVT_399799,2026-07-30 19:11:02,CMP_101,Summer Apparel,OLV,q1_25,0.0,0.0
EVT_597852,2026-07-29 04:24:52,CMP_103,B2B SaaS Trial,Display,q3_75,0.0,0.0
EVT_474746,2026-07-29 11:08:35,CMP_102,Tech Gadgets Launch,CTV,impression,0.0146,0.0
EVT_971582,2026-07-28 23:11:50,CMP_101,Summer Apparel,OLV,q2_50,0.0,0.0
EVT_753586,2026-07-29 16:44:28,CMP_102,Tech Gadgets Launch,CTV,q3_75,0.0,0.0
EVT_496786,2026-07-29 21:12:33,CMP_103,B2B SaaS Trial,Display,q2_50,0.0,0.0
EVT_790918,2026-07-29 18:06:20,CMP_103,B2B SaaS Trial,Display,impression,0.0094,0.0
EVT_196275,2026-07-28 23:37:02,CMP_103,B2B SaaS Trial,Display,impression,0.0044,0.0
EVT_103268,2026-07-29 09:49:07,CMP_101,Summer Apparel,OLV,q1_25,0.0,0.0
EVT_605394,2026-07-30 10:43:20,CMP_103,B2B SaaS Trial,Display,q1_25,0.0,0.0
EVT_731953,2026-07-30 07:38:34,CMP_103,B2B SaaS Trial,Display,q3_75,0.0,0.0
EVT_790527,2026-07-29 01:46:46,CMP_103,B2B SaaS Trial,Display,q1_25,0.0,0.0
EVT_356559,2026-07-30 09:49:28,CMP_103,B2B SaaS Trial,Display,click,0.0,0.0
EVT_459305,2026-07-30 23:44:49,CMP_102,Tech Gadgets Launch,CTV,impression,0.0093,0.0
EVT_131338,2026-07-30 15:43:26,CMP_101,Summer Apparel,OLV,q3_75,0.0,0.0
EVT_125195,2026-07-28 21:47:37,CMP_102,Tech Gadgets Launch,CTV,impression,0.0041,0.0
EVT_644064,2026-07-30 04:57:14,CMP_101,Summer Apparel,OLV,impression,0.014,0.0
EVT_391747,2026-07-29 17:56:48,CMP_101,Summer Apparel,OLV,q1_25,0.0,0.0
EVT_821197,2026-07-29 01:26:53,CMP_101,Summer Apparel,OLV,q4_100,0.0,0.0
EVT_990358,2026-07-28 23:21:01,CMP_103,B2B SaaS Trial,Display,impression,0.006,0.0
EVT_310997,2026-07-30 00:58:44,CMP_102,Tech Gadgets Launch,CTV,impression,0.006,0.0
EVT_962443,2026-07-31 16:02:46,CMP_101,Summer Apparel,OLV,q3_75,0.0,0.0
EVT_628612,2026-07-30 22:49:25,CMP_101,Summer Apparel,OLV,q1_25,0.0,0.0
EVT_363966,2026-07-31 14:13:05,CMP_103,B2B SaaS Trial,Display,q1_25,0.0,0.0
EVT_619370,2026-07-30 17:13:12,CMP_102,Tech Gadgets Launch,CTV,q2_50,0.0,0.0
EVT_428164,2026-07-30 16:58:06,CMP_101,Summer Apparel,OLV,impression,0.0049,0.0
EVT_617554,2026-07-29 18:33:41,CMP_102,Tech Gadgets Launch,CTV,impression,0.0081,0.0
EVT_676831,2026-07-30 05:29:41,CMP_103,B2B SaaS Trial,Display,q3_75,0.0,0.0
EVT_199763,2026-07-29 07:42:03,CMP_102,Tech Gadgets Launch,CTV,impression,0.0088,0.0
EVT_138108,2026-07-30 10:41:18,CMP_101,Summer Apparel,OLV,impression,0.0139,0.0
EVT_514444,2026-07-29 19:09:46,CMP_101,Summer Apparel,OLV,impression,0.0081,0.0
EVT_652857,2026-07-31 09:58:37,CMP_102,Tech Gadgets Launch,CTV,q1_25,0.0,0.0
EVT_570381,2026-07-31 02:44:46,CMP_103,B2B SaaS Trial,Display,q2_50,0.0,0.0
EVT_988025,2026-07-29 11:15:28,CMP_103,B2B SaaS Trial,Display,q1_25,0.0,0.0
EVT_900152,2026-07-30 18:36:21,CMP_101,Summer Apparel,OLV,q1_25,0.0,0.0
EVT_822194,2026-07-29 23:06:40,CMP_102,Tech Gadgets Launch,CTV,impression,0.0135,0.0
EVT_351458,2026-07-30 08:11:07,CMP_103,B2B SaaS Trial,Display,impression,0.0083,0.0
EVT_763643,2026-07-31 12:01:37,CMP_101,Summer Apparel,OLV,q4_100,0.0,0.0
EVT_706807,2026-07-31 14:28:41,CMP_102,Tech Gadgets Launch,CTV,impression,0.0111,0.0
EVT_732562,2026-07-30 12:36:55,CMP_103,B2B SaaS Trial,Display,q1_25,0.0,0.0
EVT_143334,2026-07-31 11:32:32,CMP_103,B2B SaaS Trial,Display,impression,0.0042,0.0
EVT_963214,2026-07-31 19:31:02,CMP_103,B2B SaaS Trial,Display,q1_25,0.0,0.0
EVT_695495,2026-07-29 02:37:54,CMP_102,Tech Gadgets Launch,CTV,q1_25,0.0,0.0
EVT_410800,2026-07-30 11:46:28,CMP_101,Summer Apparel,OLV,impression,0.003,0.0
EVT_819506,2026-07-29 23:16:33,CMP_101,Summer Apparel,OLV,q3_75,0.0,0.0
EVT_833203,2026-07-29 23:08:04,CMP_103,B2B SaaS Trial,Display,impression,0.0112,0.0
EVT_252097,2026-07-31 19:57:50,CMP_101,Summer Apparel,OLV,q3_75,0.0,0.0
EVT_236662,2026-07-29 23:44:02,CMP_103,B2B SaaS Trial,Display,impression,0.0116,0.0
EVT_146235,2026-07-29 02:20:56,CMP_101,Summer Apparel,OLV,impression,0.0052,0.0
EVT_622423,2026-07-29 15:57:32,CMP_103,B2B SaaS Trial,Display,q1_25,0.0,0.0
EVT_775254,2026-07-30 07:04:40,CMP_101,Summer Apparel,OLV,impression,0.0099,0.0
EVT_101090,2026-07-29 23:08:54,CMP_102,Tech Gadgets Launch,CTV,impression,0.01,0.0
EVT_496250,2026-07-30 14:39:44,CMP_101,Summer Apparel,OLV,q3_75,0.0,0.0
EVT_370255,2026-07-31 02:33:36,CMP_103,B2B SaaS Trial,Display,impression,0.0033,0.0
EVT_681860,2026-07-31 19:43:43,CMP_102,Tech Gadgets Launch,CTV,impression,0.0104,0.0
EVT_107956,2026-07-30 03:50:02,CMP_102,Tech Gadgets Launch,CTV,impression,0.0091,0.0
EVT_415526,2026-07-29 18:37:02,CMP_103,B2B SaaS Trial,Display,q2_50,0.0,0.0
EVT_654614,2026-07-30 00:08:33,CMP_102,Tech Gadgets Launch,CTV,impression,0.0041,0.0
EVT_687068,2026-07-30 06:09:08,CMP_103,B2B SaaS Trial,Display,conversion,0.0,69.58
EVT_919418,2026-07-29 00:44:53,CMP_103,B2B SaaS Trial,Display,impression,0.0117,0.0
EVT_669998,2026-07-29 05:19:35,CMP_102,Tech Gadgets Launch,CTV,impression,0.0097,0.0
EVT_131046,2026-07-31 09:47:23,CMP_101,Summer Apparel,OLV,impression,0.0138,0.0
EVT_704279,2026-07-31 09:20:38,CMP_101,Summer Apparel,OLV,impression,0.0102,0.0
EVT_474923,2026-07-30 07:33:02,CMP_103,B2B SaaS Trial,Display,q2_50,0.0,0.0
EVT_569892,2026-07-29 01:26:05,CMP_101,Summer Apparel,OLV,q2_50,0.0,0.0
EVT_315691,2026-07-31 14:19:40,CMP_103,B2B SaaS Trial,Display,q1_25,0.0,0.0
EVT_650212,2026-07-31 04:09:35,CMP_101,Summer Apparel,OLV,impression,0.0035,0.0
EVT_250428,2026-07-30 12:15:45,CMP_101,Summer Apparel,OLV,q3_75,0.0,0.0
EVT_169708,2026-07-28 23:24:38,CMP_103,B2B SaaS Trial,Display,q2_50,0.0,0.0
EVT_668097,2026-07-31 08:53:00,CMP_101,Summer Apparel,OLV,q1_25,0.0,0.0
EVT_297459,2026-07-29 15:58:28,CMP_101,Summer Apparel,OLV,impression,0.0067,0.0
EVT_933310,2026-07-29 12:01:01,CMP_101,Summer Apparel,OLV,q2_50,0.0,0.0
EVT_901249,2026-07-30 23:14:15,CMP_103,B2B SaaS Trial,Display,impression,0.0091,0.0
EVT_197706,2026-07-29 21:10:33,CMP_101,Summer Apparel,OLV,impression,0.0112,0.0
EVT_330087,2026-07-31 12:31:33,CMP_103,B2B SaaS Trial,Display,q1_25,0.0,0.0
EVT_222700,2026-07-31 16:31:07,CMP_101,Summer Apparel,OLV,q3_75,0.0,0.0
EVT_716358,2026-07-30 09:47:02,CMP_103,B2B SaaS Trial,Display,q1_25,0.0,0.0
EVT_744824,2026-07-31 07:23:45,CMP_103,B2B SaaS Trial,Display,impression,0.0111,0.0
EVT_288619,2026-07-31 13:18:50,CMP_101,Summer Apparel,OLV,impression,0.0117,0.0
EVT_118718,2026-07-31 11:24:18,CMP_103,B2B SaaS Trial,Display,impression,0.0053,0.0
EVT_199454,2026-07-30 05:42:52,CMP_102,Tech Gadgets Launch,CTV,impression,0.012,0.0
EVT_630815,2026-07-29 13:14:01,CMP_102,Tech Gadgets Launch,CTV,impression,0.0071,0.0
EVT_830601,2026-07-31 19:12:36,CMP_102,Tech Gadgets Launch,CTV,q2_50,0.0,0.0
EVT_511737,2026-07-28 21:12:16,CMP_102,Tech Gadgets Launch,CTV,q1_25,0.0,0.0
EVT_325799,2026-07-30 22:01:37,CMP_101,Summer Apparel,OLV,q2_50,0.0,0.0
EVT_614250,2026-07-31 11:24:27,CMP_101,Summer Apparel,OLV,q3_75,0.0,0.0
EVT_825607,2026-07-29 01:41:32,CMP_103,B2B SaaS Trial,Display,impression,0.0136,0.0
EVT_691159,2026-07-30 11:48:57,CMP_102,Tech Gadgets Launch,CTV,impression,0.0073,0.0
EVT_729623,2026-07-31 04:13:43,CMP_103,B2B SaaS Trial,Display,impression,0.0135,0.0
EVT_628176,2026-07-31 12:58:09,CMP_102,Tech Gadgets Launch,CTV,q1_25,0.0,0.0
EVT_175092,2026-07-30 17:02:21,CMP_102,Tech Gadgets Launch,CTV,q1_25,0.0,0.0
EVT_547992,2026-07-30 19:18:37,CMP_103,B2B SaaS Trial,Display,conversion,0.0,87.05
EVT_793285,2026-07-30 16:12:17,CMP_101,Summer Apparel,OLV,impression,0.0025,0.0
EVT_780494,2026-07-30 01:13:19,CMP_103,B2B SaaS Trial,Display,impression,0.0057,0.0
EVT_665305,2026-07-30 19:45:40,CMP_103,B2B SaaS Trial,Display,q1_25,0.0,0.0
EVT_688530,2026-07-29 09:44:55,CMP_103,B2B SaaS Trial,Display,impression,0.0041,0.0
EVT_791545,2026-07-31 07:18:59,CMP_102,Tech Gadgets Launch,CTV,impression,0.0132,0.0
EVT_926554,2026-07-31 18:50:34,CMP_103,B2B SaaS Trial,Display,impression,0.0099,0.0
EVT_535049,2026-07-29 07:07:04,CMP_103,B2B SaaS Trial,Display,q1_25,0.0,0.0
EVT_487789,2026-07-31 13:35:37,CMP_101,Summer Apparel,OLV,q1_25,0.0,0.0
EVT_436820,2026-07-29 15:22:14,CMP_101,Summer Apparel,OLV,impression,0.0134,0.0
EVT_424219,2026-07-29 02:39:31,CMP_103,B2B SaaS Trial,Display,impression,0.0052,0.0
EVT_611803,2026-07-30 04:44:28,CMP_101,Summer Apparel,OLV,impression,0.0052,0.0
EVT_419370,2026-07-28 21:39:32,CMP_101,Summer Apparel,OLV,impression,0.0109,0.0
EVT_812243,2026-07-29 01:22:08,CMP_101,Summer Apparel,OLV,impression,0.0105,0.0
EVT_808971,2026-07-31 14:35:00,CMP_101,Summer Apparel,OLV,impression,0.0117,0.0
EVT_355203,2026-07-30 02:43:49,CMP_102,Tech Gadgets Launch,CTV,q1_25,0.0,0.0
EVT_541029,2026-07-31 05:05:38,CMP_102,Tech Gadgets Launch,CTV,q1_25,0.0,0.0
EVT_638627,2026-07-30 11:46:11,CMP_103,B2B SaaS Trial,Display,q1_25,0.0,0.0
EVT_440315,2026-07-31 15:49:24,CMP_103,B2B SaaS Trial,Display,impression,0.0084,0.0
EVT_132445,2026-07-29 15:42:41,CMP_102,Tech Gadgets Launch,CTV,impression,0.0039,0.0
EVT_467679,2026-07-29 22:10:02,CMP_101,Summer Apparel,OLV,q2_50,0.0,0.0
EVT_219479,2026-07-29 11:13:57,CMP_101,Summer Apparel,OLV,q3_75,0.0,0.0
EVT_997130,2026-07-31 04:32:38,CMP_103,B2B SaaS Trial,Display,impression,0.0081,0.0
EVT_106536,2026-07-29 18:56:16,CMP_103,B2B SaaS Trial,Display,q2_50,0.0,0.0
EVT_459588,2026-07-29 10:56:29,CMP_103,B2B SaaS Trial,Display,click,0.0,0.0
EVT_979112,2026-07-30 04:46:26,CMP_103,B2B SaaS Trial,Display,q2_50,0.0,0.0
EVT_763833,2026-07-31 09:35:10,CMP_101,Summer Apparel,OLV,impression,0.0147,0.0
EVT_879477,2026-07-29 00:09:55,CMP_103,B2B SaaS Trial,Display,q4_100,0.0,0.0
EVT_688494,2026-07-31 20:05:39,CMP_102,Tech Gadgets Launch,CTV,impression,0.0062,0.0
EVT_211131,2026-07-31 02:52:26,CMP_102,Tech Gadgets Launch,CTV,impression,0.0096,0.0
EVT_794555,2026-07-30 11:53:26,CMP_102,Tech Gadgets Launch,CTV,q3_75,0.0,0.0
EVT_411794,2026-07-31 10:48:18,CMP_103,B2B SaaS Trial,Display,impression,0.0059,0.0
EVT_605604,2026-07-29 13:01:25,CMP_103,B2B SaaS Trial,Display,impression,0.0054,0.0
EVT_678815,2026-07-31 13:17:21,CMP_103,B2B SaaS Trial,Display,q1_25,0.0,0.0
EVT_829804,2026-07-29 21:59:08,CMP_103,B2B SaaS Trial,Display,q1_25,0.0,0.0
EVT_746522,2026-07-29 16:47:09,CMP_103,B2B SaaS Trial,Display,q2_50,0.0,0.0
EVT_315225,2026-07-30 08:16:28,CMP_101,Summer Apparel,OLV,click,0.0,0.0
EVT_293932,2026-07-30 18:53:46,CMP_102,Tech Gadgets Launch,CTV,impression,0.0044,0.0
EVT_762324,2026-07-31 04:19:17,CMP_101,Summer Apparel,OLV,impression,0.0071,0.0
EVT_255584,2026-07-29 01:22:13,CMP_101,Summer Apparel,OLV,q1_25,0.0,0.0
EVT_622226,2026-07-30 13:58:49,CMP_102,Tech Gadgets Launch,CTV,impression,0.0034,0.0
EVT_484001,2026-07-31 02:07:44,CMP_101,Summer Apparel,OLV,impression,0.0112,0.0
EVT_389679,2026-07-29 02:23:59,CMP_103,B2B SaaS Trial,Display,q3_75,0.0,0.0
EVT_156683,2026-07-31 06:55:50,CMP_101,Summer Apparel,OLV,q2_50,0.0,0.0
EVT_395409,2026-07-29 02:37:50,CMP_101,Summer Apparel,OLV,q1_25,0.0,0.0
EVT_487838,2026-07-29 05:04:45,CMP_101,Summer Apparel,OLV,impression,0.012,0.0
EVT_878359,2026-07-31 06:43:35,CMP_103,B2B SaaS Trial,Display,impression,0.0076,0.0
EVT_153111,2026-07-30 13:00:47,CMP_102,Tech Gadgets Launch,CTV,impression,0.0069,0.0
EVT_988104,2026-07-29 04:22:03,CMP_101,Summer Apparel,OLV,click,0.0,0.0
EVT_955233,2026-07-30 07:07:35,CMP_101,Summer Apparel,OLV,q3_75,0.0,0.0
EVT_273636,2026-07-30 19:17:21,CMP_103,B2B SaaS Trial,Display,impression,0.0103,0.0
EVT_564892,2026-07-31 15:36:13,CMP_102,Tech Gadgets Launch,CTV,impression,0.0058,0.0
EVT_799229,2026-07-30 04:26:54,CMP_101,Summer Apparel,OLV,impression,0.0027,0.0
EVT_597567,2026-07-30 01:43:27,CMP_101,Summer Apparel,OLV,q2_50,0.0,0.0
EVT_226740,2026-07-29 04:50:52,CMP_101,Summer Apparel,OLV,q1_25,0.0,0.0
EVT_701333,2026-07-31 10:36:50,CMP_101,Summer Apparel,OLV,q2_50,0.0,0.0
EVT_312075,2026-07-31 15:27:51,CMP_101,Summer Apparel,OLV,q4_100,0.0,0.0
EVT_673084,2026-07-31 03:04:56,CMP_101,Summer Apparel,OLV,q2_50,0.0,0.0
EVT_473508,2026-07-31 14:58:31,CMP_102,Tech Gadgets Launch,CTV,impression,0.0086,0.0
EVT_525747,2026-07-31 19:40:20,CMP_102,Tech Gadgets Launch,CTV,impression,0.0057,0.0
EVT_347541,2026-07-31 05:57:42,CMP_103,B2B SaaS Trial,Display,impression,0.0104,0.0
EVT_986041,2026-07-31 17:01:42,CMP_103,B2B SaaS Trial,Display,q4_100,0.0,0.0
EVT_278120,2026-07-30 21:06:43,CMP_103,B2B SaaS Trial,Display,q1_25,0.0,0.0
EVT_423841,2026-07-29 22:21:18,CMP_102,Tech Gadgets Launch,CTV,impression,0.0046,0.0
EVT_539841,2026-07-31 06:26:38,CMP_101,Summer Apparel,OLV,impression,0.0129,0.0
EVT_467216,2026-07-31 00:56:30,CMP_101,Summer Apparel,OLV,q1_25,0.0,0.0
EVT_981429,2026-07-30 20:21:09,CMP_103,B2B SaaS Trial,Display,q3_75,0.0,0.0
EVT_682386,2026-07-31 20:28:37,CMP_103,B2B SaaS Trial,Display,impression,0.0086,0.0
EVT_685339,2026-07-29 15:26:15,CMP_103,B2B SaaS Trial,Display,q2_50,0.0,0.0
EVT_101952,2026-07-31 09:19:44,CMP_103,B2B SaaS Trial,Display,q1_25,0.0,0.0
EVT_324039,2026-07-29 08:09:20,CMP_101,Summer Apparel,OLV,q2_50,0.0,0.0
EVT_132161,2026-07-30 07:45:40,CMP_101,Summer Apparel,OLV,impression,0.0079,0.0
EVT_116474,2026-07-30 14:01:43,CMP_102,Tech Gadgets Launch,CTV,q1_25,0.0,0.0
EVT_827873,2026-07-29 00:26:22,CMP_101,Summer Apparel,OLV,q1_25,0.0,0.0
EVT_402232,2026-07-30 22:43:38,CMP_101,Summer Apparel,OLV,impression,0.0136,0.0
EVT_535492,2026-07-30 17:29:08,CMP_101,Summer Apparel,OLV,impression,0.0095,0.0
EVT_751002,2026-07-29 18:35:33,CMP_101,Summer Apparel,OLV,q2_50,0.0,0.0
EVT_543275,2026-07-31 09:09:03,CMP_102,Tech Gadgets Launch,CTV,impression,0.0127,0.0
EVT_832892,2026-07-30 23:56:42,CMP_103,B2B SaaS Trial,Display,click,0.0,0.0
EVT_103412,2026-07-31 14:37:02,CMP_102,Tech Gadgets Launch,CTV,impression,0.0086,0.0
EVT_417019,2026-07-31 03:07:16,CMP_103,B2B SaaS Trial,Display,q1_25,0.0,0.0
EVT_680474,2026-07-29 08:24:36,CMP_103,B2B SaaS Trial,Display,q1_25,0.0,0.0
EVT_905081,2026-07-31 02:06:48,CMP_103,B2B SaaS Trial,Display,impression,0.0116,0.0
EVT_370513,2026-07-30 13:00:50,CMP_102,Tech Gadgets Launch,CTV,impression,0.0094,0.0
EVT_666333,2026-07-30 01:11:29,CMP_101,Summer Apparel,OLV,q2_50,0.0,0.0
EVT_104508,2026-07-29 06:30:42,CMP_101,Summer Apparel,OLV,q1_25,0.0,0.0
EVT_510519,2026-07-31 11:04:49,CMP_103,B2B SaaS Trial,Display,q2_50,0.0,0.0
EVT_319177,2026-07-28 23:27:00,CMP_103,B2B SaaS Trial,Display,q3_75,0.0,0.0
EVT_543560,2026-07-31 18:13:13,CMP_103,B2B SaaS Trial,Display,impression,0.0099,0.0
EVT_272434,2026-07-31 05:07:35,CMP_103,B2B SaaS Trial,Display,q4_100,0.0,0.0
EVT_525380,2026-07-31 11:32:04,CMP_101,Summer Apparel,OLV,impression,0.0136,0.0
EVT_336665,2026-07-30 22:29:30,CMP_101,Summer Apparel,OLV,impression,0.0069,0.0
EVT_674054,2026-07-29 16:54:07,CMP_101,Summer Apparel,OLV,q1_25,0.0,0.0
EVT_771264,2026-07-30 00:32:20,CMP_103,B2B SaaS Trial,Display,impression,0.0132,0.0
EVT_709708,2026-07-30 22:31:06,CMP_103,B2B SaaS Trial,Display,impression,0.007,0.0
EVT_624993,2026-07-30 15:40:13,CMP_103,B2B SaaS Trial,Display,impression,0.0104,0.0
EVT_793293,2026-07-30 10:56:33,CMP_101,Summer Apparel,OLV,q3_75,0.0,0.0
EVT_101980,2026-07-31 12:15:13,CMP_103,B2B SaaS Trial,Display,impression,0.0093,0.0
EVT_255116,2026-07-30 16:00:11,CMP_101,Summer Apparel,OLV,impression,0.011,0.0
EVT_411988,2026-07-31 07:35:59,CMP_103,B2B SaaS Trial,Display,impression,0.0069,0.0
EVT_238605,2026-07-31 13:38:19,CMP_102,Tech Gadgets Launch,CTV,impression,0.0125,0.0
EVT_858681,2026-07-31 08:04:43,CMP_102,Tech Gadgets Launch,CTV,q2_50,0.0,0.0
EVT_766904,2026-07-30 20:05:37,CMP_103,B2B SaaS Trial,Display,q2_50,0.0,0.0
EVT_350021,2026-07-30 23:09:26,CMP_101,Summer Apparel,OLV,impression,0.0148,0.0
EVT_592997,2026-07-30 02:50:04,CMP_102,Tech Gadgets Launch,CTV,impression,0.0031,0.0
EVT_915190,2026-07-29 22:25:50,CMP_102,Tech Gadgets Launch,CTV,impression,0.0021,0.0
EVT_890654,2026-07-28 20:45:42,CMP_102,Tech Gadgets Launch,CTV,q2_50,0.0,0.0
EVT_150293,2026-07-29 01:38:55,CMP_101,Summer Apparel,OLV,q2_50,0.0,0.0
EVT_685709,2026-07-31 02:52:35,CMP_102,Tech Gadgets Launch,CTV,impression,0.0113,0.0
EVT_798524,2026-07-30 03:46:30,CMP_101,Summer Apparel,OLV,click,0.0,0.0
EVT_343406,2026-07-29 04:25:19,CMP_103,B2B SaaS Trial,Display,q2_50,0.0,0.0
EVT_375501,2026-07-31 17:36:56,CMP_101,Summer Apparel,OLV,q1_25,0.0,0.0
EVT_224729,2026-07-30 23:29:11,CMP_101,Summer Apparel,OLV,conversion,0.0,52.56
EVT_112291,2026-07-30 13:33:39,CMP_101,Summer Apparel,OLV,q1_25,0.0,0.0
EVT_182429,2026-07-30 23:32:25,CMP_101,Summer Apparel,OLV,impression,0.0064,0.0
EVT_501797,2026-07-29 15:30:28,CMP_101,Summer Apparel,OLV,impression,0.0069,0.0
EVT_670976,2026-07-29 15:19:21,CMP_102,Tech Gadgets Launch,CTV,impression,0.0088,0.0
EVT_811719,2026-07-31 01:26:35,CMP_101,Summer Apparel,OLV,q3_75,0.0,0.0
EVT_288563,2026-07-31 08:26:24,CMP_102,Tech Gadgets Launch,CTV,impression,0.0118,0.0
EVT_357453,2026-07-29 02:00:08,CMP_103,B2B SaaS Trial,Display,impression,0.0041,0.0
EVT_573527,2026-07-30 06:40:08,CMP_102,Tech Gadgets Launch,CTV,q1_25,0.0,0.0
EVT_488427,2026-07-30 18:00:22,CMP_103,B2B SaaS Trial,Display,q2_50,0.0,0.0
EVT_257361,2026-07-29 10:34:42,CMP_101,Summer Apparel,OLV,impression,0.0135,0.0
EVT_254357,2026-07-29 00:02:06,CMP_103,B2B SaaS Trial,Display,impression,0.008,0.0
EVT_616965,2026-07-29 08:08:13,CMP_101,Summer Apparel,OLV,q1_25,0.0,0.0
EVT_933874,2026-07-30 05:28:04,CMP_103,B2B SaaS Trial,Display,impression,0.01,0.0
EVT_778062,2026-07-30 09:48:08,CMP_101,Summer Apparel,OLV,q2_50,0.0,0.0
EVT_269577,2026-07-30 05:39:49,CMP_103,B2B SaaS Trial,Display,q1_25,0.0,0.0
EVT_911579,2026-07-31 14:32:31,CMP_102,Tech Gadgets Launch,CTV,impression,0.0108,0.0
EVT_106816,2026-07-29 17:29:33,CMP_101,Summer Apparel,OLV,q4_100,0.0,0.0
EVT_713931,2026-07-31 14:19:38,CMP_102,Tech Gadgets Launch,CTV,impression,0.0088,0.0
EVT_416629,2026-07-31 03:54:56,CMP_103,B2B SaaS Trial,Display,q4_100,0.0,0.0
EVT_333230,2026-07-31 18:15:28,CMP_101,Summer Apparel,OLV,impression,0.01,0.0
EVT_583796,2026-07-28 22:49:15,CMP_102,Tech Gadgets Launch,CTV,impression,0.0063,0.0
EVT_773939,2026-07-29 10:26:43,CMP_101,Summer Apparel,OLV,impression,0.0137,0.0
EVT_660582,2026-07-30 17:46:57,CMP_103,B2B SaaS Trial,Display,q2_50,0.0,0.0
EVT_471054,2026-07-30 13:50:35,CMP_101,Summer Apparel,OLV,impression,0.0046,0.0
EVT_301248,2026-07-29 18:11:55,CMP_103,B2B SaaS Trial,Display,impression,0.0063,0.0
EVT_566402,2026-07-31 04:57:35,CMP_103,B2B SaaS Trial,Display,impression,0.0143,0.0
EVT_459313,2026-07-28 23:25:12,CMP_103,B2B SaaS Trial,Display,impression,0.0074,0.0
EVT_861628,2026-07-29 20:02:41,CMP_103,B2B SaaS Trial,Display,q1_25,0.0,0.0
EVT_253954,2026-07-30 16:39:58,CMP_103,B2B SaaS Trial,Display,q4_100,0.0,0.0
EVT_531634,2026-07-31 00:43:23,CMP_103,B2B SaaS Trial,Display,q1_25,0.0,0.0
EVT_511646,2026-07-31 14:26:59,CMP_102,Tech Gadgets Launch,CTV,q2_50,0.0,0.0
EVT_982889,2026-07-30 22:51:42,CMP_101,Summer Apparel,OLV,impression,0.0125,0.0
EVT_914151,2026-07-28 23:07:43,CMP_103,B2B SaaS Trial,Display,q1_25,0.0,0.0
EVT_929137,2026-07-30 18:03:26,CMP_102,Tech Gadgets Launch,CTV,impression,0.0103,0.0
EVT_648040,2026-07-30 02:01:39,CMP_103,B2B SaaS Trial,Display,q1_25,0.0,0.0
EVT_723462,2026-07-29 22:26:10,CMP_102,Tech Gadgets Launch,CTV,impression,0.0046,0.0
EVT_949545,2026-07-30 21:18:16,CMP_101,Summer Apparel,OLV,impression,0.0145,0.0
EVT_853512,2026-07-31 00:35:46,CMP_102,Tech Gadgets Launch,CTV,impression,0.0115,0.0
EVT_770538,2026-07-29 03:40:48,CMP_101,Summer Apparel,OLV,q1_25,0.0,0.0
EVT_467180,2026-07-28 21:44:04,CMP_102,Tech Gadgets Launch,CTV,impression,0.0091,0.0
EVT_668485,2026-07-31 10:47:05,CMP_101,Summer Apparel,OLV,impression,0.0113,0.0
EVT_449188,2026-07-30 00:35:53,CMP_101,Summer Apparel,OLV,q1_25,0.0,0.0
EVT_278703,2026-07-29 18:59:43,CMP_103,B2B SaaS Trial,Display,impression,0.0109,0.0
EVT_733759,2026-07-31 04:35:23,CMP_103,B2B SaaS Trial,Display,impression,0.0091,0.0
EVT_551389,2026-07-30 09:01:00,CMP_101,Summer Apparel,OLV,impression,0.0104,0.0
EVT_652023,2026-07-29 08:28:02,CMP_101,Summer Apparel,OLV,impression,0.0046,0.0
EVT_400966,2026-07-28 23:41:54,CMP_103,B2B SaaS Trial,Display,impression,0.0026,0.0
EVT_281690,2026-07-28 22:07:28,CMP_102,Tech Gadgets Launch,CTV,impression,0.0069,0.0
EVT_584653,2026-07-30 16:37:50,CMP_103,B2B SaaS Trial,Display,q1_25,0.0,0.0
EVT_727805,2026-07-30 20:43:57,CMP_101,Summer Apparel,OLV,q2_50,0.0,0.0
EVT_668297,2026-07-30 04:53:39,CMP_103,B2B SaaS Trial,Display,q3_75,0.0,0.0
EVT_624440,2026-07-31 02:44:59,CMP_102,Tech Gadgets Launch,CTV,q2_50,0.0,0.0
EVT_239522,2026-07-30 02:44:16,CMP_101,Summer Apparel,OLV,impression,0.0059,0.0
EVT_519244,2026-07-31 10:09:50,CMP_103,B2B SaaS Trial,Display,q2_50,0.0,0.0
EVT_343446,2026-07-31 05:42:17,CMP_102,Tech Gadgets Launch,CTV,impression,0.0106,0.0
EVT_510789,2026-07-30 19:11:34,CMP_101,Summer Apparel,OLV,q1_25,0.0,0.0
EVT_591872,2026-07-29 01:24:52,CMP_103,B2B SaaS Trial,Display,impression,0.0077,0.0
EVT_555364,2026-07-31 16:57:41,CMP_101,Summer Apparel,OLV,q2_50,0.0,0.0
EVT_206179,2026-07-29 23:44:53,CMP_103,B2B SaaS Trial,Display,impression,0.0148,0.0
EVT_396632,2026-07-30 17:42:04,CMP_101,Summer Apparel,OLV,impression,0.0069,0.0
EVT_980990,2026-07-31 08:46:09,CMP_101,Summer Apparel,OLV,impression,0.011,0.0
EVT_224419,2026-07-28 23:03:17,CMP_102,Tech Gadgets Launch,CTV,q1_25,0.0,0.0
EVT_758755,2026-07-31 14:20:33,CMP_102,Tech Gadgets Launch,CTV,impression,0.0076,0.0
EVT_690844,2026-07-29 07:35:41,CMP_102,Tech Gadgets Launch,CTV,impression,0.0146,0.0
EVT_753317,2026-07-30 15:14:48,CMP_102,Tech Gadgets Launch,CTV,q1_25,0.0,0.0
EVT_424264,2026-07-30 17:54:51,CMP_102,Tech Gadgets Launch,CTV,impression,0.0126,0.0
EVT_533009,2026-07-30 13:22:18,CMP_103,B2B SaaS Trial,Display,impression,0.0114,0.0
EVT_484651,2026-07-29 20:43:12,CMP_102,Tech Gadgets Launch,CTV,q2_50,0.0,0.0
EVT_960942,2026-07-29 01:28:27,CMP_101,Summer Apparel,OLV,q2_50,0.0,0.0
EVT_745554,2026-07-30 06:21:28,CMP_102,Tech Gadgets Launch,CTV,impression,0.0053,0.0
EVT_810531,2026-07-28 21:22:49,CMP_102,Tech Gadgets Launch,CTV,q3_75,0.0,0.0
EVT_785764,2026-07-31 00:16:08,CMP_101,Summer Apparel,OLV,impression,0.01,0.0
EVT_598344,2026-07-30 21:04:37,CMP_102,Tech Gadgets Launch,CTV,impression,0.0042,0.0
EVT_671037,2026-07-30 11:47:37,CMP_102,Tech Gadgets Launch,CTV,q4_100,0.0,0.0
EVT_628848,2026-07-29 20:34:53,CMP_103,B2B SaaS Trial,Display,impression,0.0146,0.0
EVT_724916,2026-07-30 20:34:00,CMP_101,Summer Apparel,OLV,q3_75,0.0,0.0
EVT_751472,2026-07-29 11:07:27,CMP_102,Tech Gadgets Launch,CTV,impression,0.0073,0.0
EVT_664420,2026-07-29 08:53:14,CMP_103,B2B SaaS Trial,Display,q2_50,0.0,0.0
EVT_303466,2026-07-30 20:23:52,CMP_101,Summer Apparel,OLV,impression,0.0094,0.0
EVT_470477,2026-07-30 14:17:03,CMP_102,Tech Gadgets Launch,CTV,impression,0.006,0.0
EVT_652668,2026-07-29 09:45:40,CMP_103,B2B SaaS Trial,Display,impression,0.0118,0.0
EVT_645301,2026-07-30 18:00:36,CMP_102,Tech Gadgets Launch,CTV,impression,0.0036,0.0
EVT_164917,2026-07-29 05:40:03,CMP_103,B2B SaaS Trial,Display,impression,0.0139,0.0
EVT_191032,2026-07-29 00:04:03,CMP_102,Tech Gadgets Launch,CTV,impression,0.0067,0.0
EVT_846282,2026-07-29 02:00:05,CMP_101,Summer Apparel,OLV,impression,0.0132,0.0
EVT_661216,2026-07-30 15:33:00,CMP_101,Summer Apparel,OLV,impression,0.0064,0.0
EVT_233310,2026-07-31 20:17:36,CMP_103,B2B SaaS Trial,Display,impression,0.0086,0.0
EVT_808654,2026-07-30 13:52:06,CMP_103,B2B SaaS Trial,Display,impression,0.0098,0.0
EVT_356722,2026-07-31 13:15:21,CMP_101,Summer Apparel,OLV,q1_25,0.0,0.0
EVT_385761,2026-07-29 14:44:54,CMP_103,B2B SaaS Trial,Display,impression,0.0083,0.0
EVT_345527,2026-07-31 09:14:40,CMP_102,Tech Gadgets Launch,CTV,impression,0.0111,0.0
EVT_340040,2026-07-31 05:52:30,CMP_102,Tech Gadgets Launch,CTV,impression,0.0116,0.0
EVT_249161,2026-07-30 07:23:35,CMP_102,Tech Gadgets Launch,CTV,q1_25,0.0,0.0
EVT_610327,2026-07-31 17:15:04,CMP_102,Tech Gadgets Launch,CTV,q4_100,0.0,0.0
EVT_858071,2026-07-30 23:26:21,CMP_102,Tech Gadgets Launch,CTV,impression,0.0032,0.0
EVT_232127,2026-07-30 21:38:23,CMP_103,B2B SaaS Trial,Display,q1_25,0.0,0.0
EVT_909859,2026-07-29 20:12:17,CMP_102,Tech Gadgets Launch,CTV,conversion,0.0,107.15
EVT_879150,2026-07-29 04:43:30,CMP_102,Tech Gadgets Launch,CTV,impression,0.009,0.0
EVT_216908,2026-07-30 10:46:22,CMP_103,B2B SaaS Trial,Display,q2_50,0.0,0.0
EVT_723051,2026-07-28 20:41:31,CMP_103,B2B SaaS Trial,Display,q3_75,0.0,0.0
EVT_365193,2026-07-31 03:00:11,CMP_101,Summer Apparel,OLV,q1_25,0.0,0.0
EVT_138604,2026-07-29 19:17:17,CMP_101,Summer Apparel,OLV,impression,0.0065,0.0
EVT_337157,2026-07-30 18:52:30,CMP_103,B2B SaaS Trial,Display,q3_75,0.0,0.0
EVT_481770,2026-07-31 05:43:46,CMP_102,Tech Gadgets Launch,CTV,q2_50,0.0,0.0
EVT_389219,2026-07-30 14:04:28,CMP_101,Summer Apparel,OLV,impression,0.0132,0.0
EVT_307691,2026-07-30 16:47:11,CMP_102,Tech Gadgets Launch,CTV,impression,0.0081,0.0
EVT_887959,2026-07-29 14:59:59,CMP_102,Tech Gadgets Launch,CTV,impression,0.0146,0.0
EVT_402607,2026-07-30 02:31:41,CMP_102,Tech Gadgets Launch,CTV,q1_25,0.0,0.0
EVT_499394,2026-07-29 16:08:58,CMP_102,Tech Gadgets Launch,CTV,impression,0.0092,0.0
EVT_286323,2026-07-29 06:50:28,CMP_103,B2B SaaS Trial,Display,impression,0.0049,0.0
EVT_863898,2026-07-29 07:03:26,CMP_103,B2B SaaS Trial,Display,q2_50,0.0,0.0
EVT_407597,2026-07-29 14:26:20,CMP_101,Summer Apparel,OLV,q2_50,0.0,0.0
EVT_315405,2026-07-31 19:22:18,CMP_101,Summer Apparel,OLV,impression,0.0096,0.0
EVT_438066,2026-07-30 02:38:19,CMP_101,Summer Apparel,OLV,impression,0.0024,0.0
EVT_563425,2026-07-29 02:00:50,CMP_102,Tech Gadgets Launch,CTV,impression,0.0149,0.0
EVT_735189,2026-07-28 21:12:39,CMP_103,B2B SaaS Trial,Display,impression,0.0028,0.0
EVT_786548,2026-07-29 12:54:00,CMP_103,B2B SaaS Trial,Display,impression,0.0084,0.0
EVT_802544,2026-07-30 22:45:04,CMP_101,Summer Apparel,OLV,impression,0.0061,0.0
EVT_954701,2026-07-30 23:27:56,CMP_101,Summer Apparel,OLV,q4_100,0.0,0.0
EVT_232137,2026-07-29 03:22:08,CMP_101,Summer Apparel,OLV,impression,0.0148,0.0
EVT_849067,2026-07-29 02:58:33,CMP_103,B2B SaaS Trial,Display,conversion,0.0,73.36
EVT_676650,2026-07-28 22:37:51,CMP_102,Tech Gadgets Launch,CTV,q2_50,0.0,0.0
EVT_994782,2026-07-30 17:00:19,CMP_103,B2B SaaS Trial,Display,q2_50,0.0,0.0
EVT_687866,2026-07-30 00:54:04,CMP_103,B2B SaaS Trial,Display,q3_75,0.0,0.0
EVT_181814,2026-07-30 12:05:19,CMP_103,B2B SaaS Trial,Display,impression,0.0144,0.0
EVT_711962,2026-07-29 07:09:50,CMP_103,B2B SaaS Trial,Display,q2_50,0.0,0.0
EVT_443067,2026-07-30 12:52:28,CMP_102,Tech Gadgets Launch,CTV,impression,0.0143,0.0
EVT_111584,2026-07-31 06:40:02,CMP_101,Summer Apparel,OLV,q1_25,0.0,0.0
EVT_768292,2026-07-30 17:56:28,CMP_101,Summer Apparel,OLV,q1_25,0.0,0.0
EVT_325301,2026-07-31 16:57:49,CMP_102,Tech Gadgets Launch,CTV,impression,0.0054,0.0
EVT_720313,2026-07-28 22:53:54,CMP_102,Tech Gadgets Launch,CTV,q1_25,0.0,0.0
EVT_624047,2026-07-30 06:32:04,CMP_103,B2B SaaS Trial,Display,q3_75,0.0,0.0
EVT_453887,2026-07-31 05:46:53,CMP_102,Tech Gadgets Launch,CTV,impression,0.0136,0.0
EVT_993094,2026-07-31 08:30:07,CMP_102,Tech Gadgets Launch,CTV,q1_25,0.0,0.0
EVT_704524,2026-07-30 16:14:50,CMP_103,B2B SaaS Trial,Display,click,0.0,0.0
EVT_917672,2026-07-31 20:14:14,CMP_102,Tech Gadgets Launch,CTV,impression,0.0024,0.0
EVT_709601,2026-07-30 14:42:32,CMP_102,Tech Gadgets Launch,CTV,q4_100,0.0,0.0
EVT_970289,2026-07-31 12:19:53,CMP_101,Summer Apparel,OLV,q1_25,0.0,0.0
EVT_922973,2026-07-31 09:18:06,CMP_102,Tech Gadgets Launch,CTV,impression,0.0041,0.0
EVT_588917,2026-07-29 04:17:16,CMP_103,B2B SaaS Trial,Display,q1_25,0.0,0.0
EVT_598784,2026-07-30 10:26:53,CMP_101,Summer Apparel,OLV,q1_25,0.0,0.0
EVT_294231,2026-07-30 05:51:40,CMP_103,B2B SaaS Trial,Display,impression,0.0053,0.0
EVT_248626,2026-07-29 21:22:14,CMP_102,Tech Gadgets Launch,CTV,impression,0.0036,0.0
EVT_513098,2026-07-29 13:28:31,CMP_103,B2B SaaS Trial,Display,q3_75,0.0,0.0
EVT_802569,2026-07-30 15:09:49,CMP_101,Summer Apparel,OLV,impression,0.0099,0.0
EVT_281459,2026-07-31 16:03:29,CMP_102,Tech Gadgets Launch,CTV,q2_50,0.0,0.0
EVT_811391,2026-07-29 10:38:26,CMP_101,Summer Apparel,OLV,impression,0.0137,0.0
EVT_672951,2026-07-29 22:54:53,CMP_102,Tech Gadgets Launch,CTV,impression,0.0128,0.0
EVT_998000,2026-07-30 08:41:49,CMP_103,B2B SaaS Trial,Display,impression,0.0092,0.0
EVT_553499,2026-07-30 15:35:22,CMP_103,B2B SaaS Trial,Display,q3_75,0.0,0.0
EVT_662840,2026-07-29 21:06:20,CMP_103,B2B SaaS Trial,Display,impression,0.0032,0.0
EVT_486126,2026-07-31 19:06:11,CMP_103,B2B SaaS Trial,Display,impression,0.0085,0.0
EVT_860689,2026-07-30 15:21:46,CMP_102,Tech Gadgets Launch,CTV,impression,0.0036,0.0
EVT_195583,2026-07-31 08:19:27,CMP_101,Summer Apparel,OLV,impression,0.0036,0.0
EVT_614880,2026-07-31 16:54:42,CMP_101,Summer Apparel,OLV,impression,0.0068,0.0
EVT_902968,2026-07-29 04:20:13,CMP_102,Tech Gadgets Launch,CTV,q3_75,0.0,0.0
EVT_218824,2026-07-31 10:05:55,CMP_102,Tech Gadgets Launch,CTV,q2_50,0.0,0.0
EVT_516965,2026-07-31 12:05:47,CMP_101,Summer Apparel,OLV,q1_25,0.0,0.0
EVT_114911,2026-07-31 04:39:38,CMP_103,B2B SaaS Trial,Display,q2_50,0.0,0.0
EVT_785362,2026-07-31 09:48:57,CMP_101,Summer Apparel,OLV,impression,0.013,0.0
EVT_311456,2026-07-29 07:15:26,CMP_102,Tech Gadgets Launch,CTV,impression,0.0046,0.0
EVT_724274,2026-07-30 22:12:01,CMP_103,B2B SaaS Trial,Display,impression,0.0042,0.0
EVT_763796,2026-07-30 22:57:51,CMP_103,B2B SaaS Trial,Display,q4_100,0.0,0.0
EVT_573819,2026-07-30 23:25:02,CMP_101,Summer Apparel,OLV,impression,0.0143,0.0
EVT_560985,2026-07-30 06:25:54,CMP_101,Summer Apparel,OLV,impression,0.0033,0.0
EVT_851823,2026-07-31 04:55:54,CMP_102,Tech Gadgets Launch,CTV,q4_100,0.0,0.0
EVT_988591,2026-07-31 17:38:26,CMP_102,Tech Gadgets Launch,CTV,impression,0.0099,0.0
EVT_671821,2026-07-31 19:56:27,CMP_103,B2B SaaS Trial,Display,impression,0.0099,0.0
EVT_370959,2026-07-28 23:23:53,CMP_103,B2B SaaS Trial,Display,q2_50,0.0,0.0
EVT_943338,2026-07-30 17:02:22,CMP_101,Summer Apparel,OLV,q1_25,0.0,0.0
EVT_834034,2026-07-28 21:31:41,CMP_102,Tech Gadgets Launch,CTV,impression,0.0036,0.0
EVT_904318,2026-07-30 18:52:55,CMP_103,B2B SaaS Trial,Display,impression,0.009,0.0
EVT_903260,2026-07-29 12:55:25,CMP_101,Summer Apparel,OLV,impression,0.0132,0.0
EVT_924066,2026-07-30 14:49:22,CMP_101,Summer Apparel,OLV,impression,0.0083,0.0
EVT_392666,2026-07-29 14:37:22,CMP_102,Tech Gadgets Launch,CTV,q1_25,0.0,0.0
EVT_910344,2026-07-29 00:34:07,CMP_101,Summer Apparel,OLV,q1_25,0.0,0.0
EVT_937577,2026-07-29 04:45:03,CMP_103,B2B SaaS Trial,Display,impression,0.0121,0.0
EVT_782536,2026-07-30 21:17:40,CMP_103,B2B SaaS Trial,Display,impression,0.0023,0.0
EVT_803659,2026-07-30 06:28:39,CMP_101,Summer Apparel,OLV,impression,0.0052,0.0
EVT_926738,2026-07-29 09:55:39,CMP_101,Summer Apparel,OLV,q1_25,0.0,0.0
EVT_748226,2026-07-30 04:39:36,CMP_101,Summer Apparel,OLV,q1_25,0.0,0.0
EVT_727236,2026-07-30 05:34:24,CMP_101,Summer Apparel,OLV,impression,0.0124,0.0
EVT_743431,2026-07-31 05:32:04,CMP_103,B2B SaaS Trial,Display,impression,0.0064,0.0
EVT_509642,2026-07-30 02:15:26,CMP_101,Summer Apparel,OLV,click,0.0,0.0
EVT_442247,2026-07-29 09:37:09,CMP_101,Summer Apparel,OLV,impression,0.0024,0.0
EVT_196949,2026-07-30 17:30:03,CMP_101,Summer Apparel,OLV,q1_25,0.0,0.0
EVT_395555,2026-07-29 18:31:22,CMP_103,B2B SaaS Trial,Display,q1_25,0.0,0.0
EVT_488998,2026-07-31 20:09:38,CMP_102,Tech Gadgets Launch,CTV,impression,0.007,0.0
EVT_104558,2026-07-30 23:11:36,CMP_101,Summer Apparel,OLV,q2_50,0.0,0.0
EVT_284524,2026-07-29 23:42:00,CMP_101,Summer Apparel,OLV,impression,0.004,0.0
EVT_364598,2026-07-28 23:42:55,CMP_101,Summer Apparel,OLV,q2_50,0.0,0.0
EVT_988339,2026-07-31 08:02:11,CMP_101,Summer Apparel,OLV,q2_50,0.0,0.0
EVT_720031,2026-07-31 00:18:18,CMP_101,Summer Apparel,OLV,impression,0.0089,0.0
EVT_445933,2026-07-31 15:05:27,CMP_102,Tech Gadgets Launch,CTV,impression,0.0135,0.0
EVT_367375,2026-07-29 20:09:19,CMP_103,B2B SaaS Trial,Display,impression,0.0033,0.0
EVT_964495,2026-07-29 05:30:01,CMP_101,Summer Apparel,OLV,q2_50,0.0,0.0
EVT_602106,2026-07-29 04:43:28,CMP_103,B2B SaaS Trial,Display,q4_100,0.0,0.0
EVT_450152,2026-07-29 08:46:51,CMP_101,Summer Apparel,OLV,impression,0.0054,0.0
EVT_286410,2026-07-29 17:36:31,CMP_102,Tech Gadgets Launch,CTV,impression,0.007,0.0
EVT_794667,2026-07-30 20:28:45,CMP_103,B2B SaaS Trial,Display,impression,0.0148,0.0
EVT_363987,2026-07-30 11:07:06,CMP_102,Tech Gadgets Launch,CTV,impression,0.0087,0.0
EVT_240486,2026-07-29 02:22:33,CMP_103,B2B SaaS Trial,Display,impression,0.0143,0.0
EVT_688941,2026-07-28 20:52:28,CMP_101,Summer Apparel,OLV,q3_75,0.0,0.0
EVT_254045,2026-07-30 19:10:11,CMP_101,Summer Apparel,OLV,impression,0.0147,0.0
EVT_905513,2026-07-30 12:41:42,CMP_101,Summer Apparel,OLV,q2_50,0.0,0.0
EVT_558748,2026-07-30 16:08:42,CMP_101,Summer Apparel,OLV,q3_75,0.0,0.0
EVT_150968,2026-07-29 14:22:15,CMP_103,B2B SaaS Trial,Display,impression,0.0148,0.0
EVT_401987,2026-07-31 11:17:01,CMP_103,B2B SaaS Trial,Display,impression,0.0089,0.0
EVT_529392,2026-07-31 08:28:58,CMP_101,Summer Apparel,OLV,q2_50,0.0,0.0
EVT_748265,2026-07-29 17:05:03,CMP_102,Tech Gadgets Launch,CTV,impression,0.0148,0.0
EVT_211033,2026-07-30 01:02:49,CMP_103,B2B SaaS Trial,Display,impression,0.0104,0.0
EVT_839828,2026-07-30 12:55:36,CMP_103,B2B SaaS Trial,Display,impression,0.0066,0.0
EVT_320484,2026-07-30 05:58:18,CMP_101,Summer Apparel,OLV,impression,0.0025,0.0
EVT_243980,2026-07-30 01:21:29,CMP_103,B2B SaaS Trial,Display,impression,0.007,0.0
EVT_421353,2026-07-29 09:45:05,CMP_101,Summer Apparel,OLV,impression,0.0083,0.0
EVT_408655,2026-07-31 11:57:14,CMP_102,Tech Gadgets Launch,CTV,impression,0.0135,0.0
EVT_509902,2026-07-29 09:06:24,CMP_102,Tech Gadgets Launch,CTV,q1_25,0.0,0.0
EVT_590656,2026-07-30 17:36:36,CMP_103,B2B SaaS Trial,Display,impression,0.0079,0.0
EVT_564625,2026-07-29 22:20:27,CMP_101,Summer Apparel,OLV,impression,0.0148,0.0
EVT_323574,2026-07-30 12:11:03,CMP_103,B2B SaaS Trial,Display,impression,0.0094,0.0
EVT_925723,2026-07-31 17:59:18,CMP_101,Summer Apparel,OLV,impression,0.011,0.0
EVT_352062,2026-07-30 09:16:41,CMP_102,Tech Gadgets Launch,CTV,q1_25,0.0,0.0
EVT_309035,2026-07-30 02:34:05,CMP_101,Summer Apparel,OLV,q2_50,0.0,0.0
EVT_118522,2026-07-31 04:52:07,CMP_101,Summer Apparel,OLV,q4_100,0.0,0.0
EVT_301804,2026-07-29 11:20:50,CMP_103,B2B SaaS Trial,Display,q3_75,0.0,0.0
EVT_715522,2026-07-31 18:15:53,CMP_102,Tech Gadgets Launch,CTV,impression,0.0091,0.0
EVT_431504,2026-07-29 12:24:54,CMP_103,B2B SaaS Trial,Display,impression,0.004,0.0
EVT_486506,2026-07-29 00:32:13,CMP_103,B2B SaaS Trial,Display,impression,0.0082,0.0
EVT_116044,2026-07-31 13:26:55,CMP_103,B2B SaaS Trial,Display,q2_50,0.0,0.0
EVT_626150,2026-07-30 23:14:38,CMP_103,B2B SaaS Trial,Display,impression,0.0072,0.0
EVT_937039,2026-07-29 05:17:37,CMP_102,Tech Gadgets Launch,CTV,q2_50,0.0,0.0
EVT_974896,2026-07-29 04:21:54,CMP_103,B2B SaaS Trial,Display,q1_25,0.0,0.0
EVT_788571,2026-07-29 21:54:15,CMP_101,Summer Apparel,OLV,impression,0.0101,0.0
EVT_153450,2026-07-30 19:19:16,CMP_102,Tech Gadgets Launch,CTV,impression,0.0083,0.0
EVT_971771,2026-07-31 13:47:44,CMP_101,Summer Apparel,OLV,q1_25,0.0,0.0
EVT_260704,2026-07-30 05:12:03,CMP_101,Summer Apparel,OLV,q1_25,0.0,0.0
EVT_461843,2026-07-31 06:18:11,CMP_102,Tech Gadgets Launch,CTV,q2_50,0.0,0.0
EVT_398869,2026-07-29 11:12:38,CMP_102,Tech Gadgets Launch,CTV,q3_75,0.0,0.0
EVT_166676,2026-07-30 04:10:56,CMP_101,Summer Apparel,OLV,impression,0.0083,0.0
EVT_995490,2026-07-31 04:46:15,CMP_101,Summer Apparel,OLV,impression,0.0143,0.0
EVT_886933,2026-07-29 03:11:34,CMP_103,B2B SaaS Trial,Display,q1_25,0.0,0.0
EVT_662029,2026-07-29 01:49:20,CMP_101,Summer Apparel,OLV,impression,0.0027,0.0
EVT_402606,2026-07-29 07:02:10,CMP_103,B2B SaaS Trial,Display,impression,0.0089,0.0
EVT_439596,2026-07-30 01:23:28,CMP_102,Tech Gadgets Launch,CTV,q1_25,0.0,0.0
EVT_315806,2026-07-30 00:59:34,CMP_102,Tech Gadgets Launch,CTV,impression,0.0048,0.0
EVT_524722,2026-07-30 17:27:14,CMP_102,Tech Gadgets Launch,CTV,impression,0.0085,0.0
EVT_568532,2026-07-30 17:14:43,CMP_103,B2B SaaS Trial,Display,impression,0.0128,0.0
EVT_963587,2026-07-31 00:02:28,CMP_102,Tech Gadgets Launch,CTV,q1_25,0.0,0.0
EVT_128247,2026-07-29 01:41:41,CMP_103,B2B SaaS Trial,Display,q2_50,0.0,0.0
EVT_664454,2026-07-30 19:28:10,CMP_103,B2B SaaS Trial,Display,conversion,0.0,72.81
EVT_915988,2026-07-31 10:51:23,CMP_102,Tech Gadgets Launch,CTV,impression,0.0043,0.0
EVT_274272,2026-07-30 04:41:10,CMP_103,B2B SaaS Trial,Display,impression,0.0028,0.0
EVT_469686,2026-07-31 05:30:09,CMP_101,Summer Apparel,OLV,impression,0.0134,0.0
EVT_343078,2026-07-31 14:34:45,CMP_102,Tech Gadgets Launch,CTV,impression,0.0087,0.0
EVT_578545,2026-07-29 02:14:06,CMP_101,Summer Apparel,OLV,click,0.0,0.0
EVT_264592,2026-07-30 07:56:28,CMP_101,Summer Apparel,OLV,impression,0.0049,0.0
EVT_422571,2026-07-31 08:55:06,CMP_102,Tech Gadgets Launch,CTV,impression,0.0062,0.0
EVT_363305,2026-07-31 08:23:57,CMP_103,B2B SaaS Trial,Display,q3_75,0.0,0.0
EVT_104394,2026-07-31 20:08:52,CMP_102,Tech Gadgets Launch,CTV,q2_50,0.0,0.0
EVT_212917,2026-07-30 17:28:48,CMP_103,B2B SaaS Trial,Display,q1_25,0.0,0.0
EVT_189741,2026-07-29 03:57:34,CMP_101,Summer Apparel,OLV,impression,0.0058,0.0
EVT_384252,2026-07-30 00:14:34,CMP_103,B2B SaaS Trial,Display,q1_25,0.0,0.0
EVT_160219,2026-07-29 13:55:11,CMP_103,B2B SaaS Trial,Display,impression,0.0076,0.0
EVT_639406,2026-07-30 13:20:05,CMP_103,B2B SaaS Trial,Display,impression,0.0074,0.0
EVT_807908,2026-07-30 06:06:57,CMP_102,Tech Gadgets Launch,CTV,impression,0.0138,0.0
EVT_822435,2026-07-29 21:56:28,CMP_102,Tech Gadgets Launch,CTV,q2_50,0.0,0.0
EVT_105458,2026-07-30 01:22:54,CMP_101,Summer Apparel,OLV,q1_25,0.0,0.0
EVT_732083,2026-07-30 18:46:32,CMP_103,B2B SaaS Trial,Display,q1_25,0.0,0.0
EVT_717512,2026-07-30 03:16:26,CMP_102,Tech Gadgets Launch,CTV,impression,0.0128,0.0
EVT_502603,2026-07-31 15:15:27,CMP_102,Tech Gadgets Launch,CTV,impression,0.0121,0.0
EVT_439502,2026-07-29 17:17:55,CMP_102,Tech Gadgets Launch,CTV,impression,0.0147,0.0
EVT_857607,2026-07-30 03:46:26,CMP_101,Summer Apparel,OLV,conversion,0.0,31.75
EVT_132606,2026-07-31 01:32:30,CMP_101,Summer Apparel,OLV,impression,0.0071,0.0
EVT_384686,2026-07-30 19:38:25,CMP_103,B2B SaaS Trial,Display,impression,0.0078,0.0
EVT_315140,2026-07-31 20:20:57,CMP_102,Tech Gadgets Launch,CTV,impression,0.0042,0.0
EVT_809672,2026-07-30 13:57:25,CMP_103,B2B SaaS Trial,Display,q4_100,0.0,0.0
EVT_122744,2026-07-31 05:04:47,CMP_103,B2B SaaS Trial,Display,impression,0.0094,0.0
EVT_874297,2026-07-28 20:43:38,CMP_102,Tech Gadgets Launch,CTV,impression,0.0046,0.0
EVT_223051,2026-07-30 00:43:47,CMP_102,Tech Gadgets Launch,CTV,impression,0.0102,0.0
EVT_775894,2026-07-29 08:27:57,CMP_103,B2B SaaS Trial,Display,impression,0.0046,0.0
EVT_765026,2026-07-30 10:14:12,CMP_102,Tech Gadgets Launch,CTV,impression,0.0064,0.0
EVT_125547,2026-07-29 03:52:41,CMP_101,Summer Apparel,OLV,q1_25,0.0,0.0
EVT_552043,2026-07-30 18:19:12,CMP_102,Tech Gadgets Launch,CTV,impression,0.0133,0.0
EVT_209999,2026-07-30 11:42:00,CMP_102,Tech Gadgets Launch,CTV,impression,0.0094,0.0
EVT_854892,2026-07-29 05:21:01,CMP_101,Summer Apparel,OLV,impression,0.007,0.0
EVT_139016,2026-07-29 00:47:19,CMP_101,Summer Apparel,OLV,impression,0.002,0.0
EVT_341285,2026-07-31 04:55:47,CMP_101,Summer Apparel,OLV,q3_75,0.0,0.0
EVT_931503,2026-07-29 02:56:19,CMP_101,Summer Apparel,OLV,q2_50,0.0,0.0
EVT_383069,2026-07-30 18:31:45,CMP_101,Summer Apparel,OLV,impression,0.0034,0.0
EVT_987737,2026-07-29 21:54:03,CMP_101,Summer Apparel,OLV,click,0.0,0.0
EVT_329613,2026-07-29 18:36:00,CMP_101,Summer Apparel,OLV,q2_50,0.0,0.0
EVT_999007,2026-07-28 22:54:55,CMP_102,Tech Gadgets Launch,CTV,q2_50,0.0,0.0
EVT_475363,2026-07-29 17:18:37,CMP_101,Summer Apparel,OLV,q2_50,0.0,0.0
EVT_678048,2026-07-29 14:01:02,CMP_102,Tech Gadgets Launch,CTV,q1_25,0.0,0.0
EVT_402751,2026-07-29 14:39:34,CMP_101,Summer Apparel,OLV,impression,0.0051,0.0
EVT_174293,2026-07-31 02:14:39,CMP_103,B2B SaaS Trial,Display,impression,0.0125,0.0
EVT_347021,2026-07-31 14:41:38,CMP_102,Tech Gadgets Launch,CTV,impression,0.007,0.0
EVT_977716,2026-07-30 22:27:32,CMP_103,B2B SaaS Trial,Display,impression,0.008,0.0
EVT_825772,2026-07-30 17:25:43,CMP_103,B2B SaaS Trial,Display,q1_25,0.0,0.0
EVT_823044,2026-07-31 02:00:29,CMP_103,B2B SaaS Trial,Display,impression,0.0103,0.0
EVT_508012,2026-07-29 00:54:41,CMP_103,B2B SaaS Trial,Display,impression,0.0111,0.0
EVT_701605,2026-07-29 23:00:37,CMP_103,B2B SaaS Trial,Display,q2_50,0.0,0.0
EVT_522287,2026-07-30 12:58:32,CMP_101,Summer Apparel,OLV,q1_25,0.0,0.0
EVT_553628,2026-07-30 08:54:17,CMP_102,Tech Gadgets Launch,CTV,impression,0.0055,0.0
EVT_338750,2026-07-30 10:52:51,CMP_101,Summer Apparel,OLV,impression,0.0072,0.0
EVT_943753,2026-07-31 14:35:49,CMP_103,B2B SaaS Trial,Display,q1_25,0.0,0.0
EVT_821619,2026-07-31 09:28:59,CMP_101,Summer Apparel,OLV,impression,0.0088,0.0
EVT_618961,2026-07-29 22:54:22,CMP_102,Tech Gadgets Launch,CTV,impression,0.0113,0.0
EVT_423415,2026-07-30 06:07:24,CMP_103,B2B SaaS Trial,Display,impression,0.0139,0.0
EVT_437507,2026-07-30 07:31:48,CMP_101,Summer Apparel,OLV,q2_50,0.0,0.0
EVT_800836,2026-07-30 03:54:00,CMP_103,B2B SaaS Trial,Display,impression,0.007,0.0
EVT_993007,2026-07-30 00:48:57,CMP_102,Tech Gadgets Launch,CTV,q2_50,0.0,0.0
EVT_126215,2026-07-29 17:59:38,CMP_102,Tech Gadgets Launch,CTV,impression,0.004,0.0
EVT_469512,2026-07-29 17:32:43,CMP_102,Tech Gadgets Launch,CTV,impression,0.0039,0.0
EVT_495715,2026-07-29 21:16:48,CMP_102,Tech Gadgets Launch,CTV,impression,0.0026,0.0
EVT_129551,2026-07-30 19:09:00,CMP_103,B2B SaaS Trial,Display,impression,0.0047,0.0
EVT_884685,2026-07-31 11:54:23,CMP_101,Summer Apparel,OLV,q2_50,0.0,0.0
EVT_935797,2026-07-29 08:44:42,CMP_101,Summer Apparel,OLV,impression,0.0078,0.0
EVT_929678,2026-07-30 21:49:31,CMP_101,Summer Apparel,OLV,q2_50,0.0,0.0
EVT_376552,2026-07-31 17:07:15,CMP_101,Summer Apparel,OLV,q4_100,0.0,0.0
EVT_395650,2026-07-30 01:50:10,CMP_101,Summer Apparel,OLV,impression,0.0148,0.0
EVT_483716,2026-07-30 00:59:19,CMP_102,Tech Gadgets Launch,CTV,impression,0.0097,0.0
EVT_652745,2026-07-29 12:44:03,CMP_103,B2B SaaS Trial,Display,impression,0.0099,0.0
EVT_806338,2026-07-30 08:21:12,CMP_101,Summer Apparel,OLV,q1_25,0.0,0.0
EVT_691161,2026-07-30 22:50:24,CMP_101,Summer Apparel,OLV,impression,0.0043,0.0
EVT_620267,2026-07-30 16:45:40,CMP_101,Summer Apparel,OLV,q1_25,0.0,0.0
EVT_906917,2026-07-29 15:08:43,CMP_102,Tech Gadgets Launch,CTV,q1_25,0.0,0.0
EVT_782823,2026-07-31 19:32:54,CMP_101,Summer Apparel,OLV,click,0.0,0.0
EVT_656827,2026-07-29 10:10:10,CMP_101,Summer Apparel,OLV,q1_25,0.0,0.0
EVT_188987,2026-07-31 14:23:48,CMP_101,Summer Apparel,OLV,q1_25,0.0,0.0
EVT_398029,2026-07-30 11:00:46,CMP_103,B2B SaaS Trial,Display,impression,0.0112,0.0
EVT_252557,2026-07-30 23:14:39,CMP_103,B2B SaaS Trial,Display,impression,0.0021,0.0
EVT_854096,2026-07-30 19:26:14,CMP_102,Tech Gadgets Launch,CTV,conversion,0.0,116.35
EVT_386513,2026-07-30 09:50:07,CMP_102,Tech Gadgets Launch,CTV,click,0.0,0.0
EVT_142768,2026-07-31 15:09:24,CMP_103,B2B SaaS Trial,Display,q1_25,0.0,0.0
EVT_493017,2026-07-30 09:51:48,CMP_101,Summer Apparel,OLV,q1_25,0.0,0.0
EVT_918513,2026-07-31 16:53:15,CMP_103,B2B SaaS Trial,Display,impression,0.0118,0.0
EVT_918889,2026-07-31 03:53:23,CMP_103,B2B SaaS Trial,Display,q1_25,0.0,0.0
EVT_642727,2026-07-31 05:16:15,CMP_103,B2B SaaS Trial,Display,impression,0.0027,0.0
EVT_583310,2026-07-31 17:05:13,CMP_102,Tech Gadgets Launch,CTV,q2_50,0.0,0.0
EVT_895577,2026-07-30 00:41:50,CMP_101,Summer Apparel,OLV,impression,0.0142,0.0
EVT_809730,2026-07-29 12:02:59,CMP_103,B2B SaaS Trial,Display,click,0.0,0.0
EVT_525025,2026-07-31 07:27:50,CMP_101,Summer Apparel,OLV,impression,0.0143,0.0
EVT_809510,2026-07-29 14:35:10,CMP_102,Tech Gadgets Launch,CTV,q1_25,0.0,0.0
EVT_374407,2026-07-29 12:52:34,CMP_103,B2B SaaS Trial,Display,q2_50,0.0,0.0
EVT_725201,2026-07-29 22:26:31,CMP_101,Summer Apparel,OLV,impression,0.0132,0.0
EVT_278804,2026-07-30 06:55:01,CMP_101,Summer Apparel,OLV,q2_50,0.0,0.0
EVT_584324,2026-07-29 23:25:19,CMP_103,B2B SaaS Trial,Display,impression,0.0133,0.0
EVT_466600,2026-07-30 07:24:54,CMP_103,B2B SaaS Trial,Display,impression,0.0028,0.0
EVT_614161,2026-07-29 05:03:54,CMP_103,B2B SaaS Trial,Display,impression,0.0129,0.0
EVT_452113,2026-07-31 08:40:24,CMP_103,B2B SaaS Trial,Display,click,0.0,0.0
EVT_294789,2026-07-29 17:57:08,CMP_101,Summer Apparel,OLV,q2_50,0.0,0.0
EVT_941517,2026-07-30 13:39:09,CMP_101,Summer Apparel,OLV,q1_25,0.0,0.0
EVT_405542,2026-07-30 23:38:11,CMP_101,Summer Apparel,OLV,q1_25,0.0,0.0
EVT_885570,2026-07-29 17:22:52,CMP_103,B2B SaaS Trial,Display,q1_25,0.0,0.0
EVT_653829,2026-07-30 23:12:22,CMP_103,B2B SaaS Trial,Display,impression,0.0137,0.0
EVT_534252,2026-07-30 16:41:36,CMP_101,Summer Apparel,OLV,q1_25,0.0,0.0
EVT_446022,2026-07-31 14:15:18,CMP_102,Tech Gadgets Launch,CTV,impression,0.0049,0.0
EVT_947178,2026-07-30 18:56:44,CMP_102,Tech Gadgets Launch,CTV,q4_100,0.0,0.0
EVT_753925,2026-07-31 02:23:27,CMP_101,Summer Apparel,OLV,q2_50,0.0,0.0
EVT_873195,2026-07-31 07:16:45,CMP_101,Summer Apparel,OLV,impression,0.0094,0.0
EVT_182748,2026-07-31 10:25:46,CMP_101,Summer Apparel,OLV,impression,0.003,0.0
EVT_475378,2026-07-30 16:12:07,CMP_103,B2B SaaS Trial,Display,impression,0.0036,0.0
EVT_913827,2026-07-30 21:13:02,CMP_101,Summer Apparel,OLV,q2_50,0.0,0.0
EVT_213209,2026-07-31 05:42:19,CMP_101,Summer Apparel,OLV,impression,0.0063,0.0
EVT_474256,2026-07-31 12:25:37,CMP_102,Tech Gadgets Launch,CTV,impression,0.0147,0.0
EVT_183110,2026-07-31 14:58:04,CMP_103,B2B SaaS Trial,Display,q1_25,0.0,0.0
EVT_854449,2026-07-29 22:32:43,CMP_101,Summer Apparel,OLV,impression,0.0129,0.0
EVT_856201,2026-07-29 04:15:50,CMP_101,Summer Apparel,OLV,impression,0.0043,0.0
EVT_431664,2026-07-29 17:55:32,CMP_103,B2B SaaS Trial,Display,q3_75,0.0,0.0
EVT_803115,2026-07-29 22:54:19,CMP_101,Summer Apparel,OLV,q1_25,0.0,0.0
EVT_922883,2026-07-29 11:18:07,CMP_101,Summer Apparel,OLV,q2_50,0.0,0.0
EVT_523253,2026-07-29 21:57:47,CMP_101,Summer Apparel,OLV,impression,0.0145,0.0
EVT_171138,2026-07-30 04:56:14,CMP_101,Summer Apparel,OLV,impression,0.0038,0.0
EVT_592458,2026-07-29 10:11:15,CMP_101,Summer Apparel,OLV,q1_25,0.0,0.0
EVT_376629,2026-07-29 20:33:18,CMP_101,Summer Apparel,OLV,q3_75,0.0,0.0
EVT_612529,2026-07-29 04:04:43,CMP_102,Tech Gadgets Launch,CTV,impression,0.0112,0.0
EVT_662936,2026-07-30 10:12:13,CMP_103,B2B SaaS Trial,Display,impression,0.0046,0.0
EVT_640502,2026-07-29 00:49:40,CMP_101,Summer Apparel,OLV,impression,0.0145,0.0
EVT_435283,2026-07-31 04:28:08,CMP_103,B2B SaaS Trial,Display,impression,0.0034,0.0
EVT_585844,2026-07-30 01:05:34,CMP_103,B2B SaaS Trial,Display,q1_25,0.0,0.0
EVT_592804,2026-07-30 18:23:19,CMP_103,B2B SaaS Trial,Display,impression,0.0134,0.0
EVT_931499,2026-07-30 07:39:37,CMP_102,Tech Gadgets Launch,CTV,impression,0.0128,0.0
EVT_311310,2026-07-31 08:25:13,CMP_103,B2B SaaS Trial,Display,impression,0.0112,0.0
EVT_367505,2026-07-28 20:46:01,CMP_102,Tech Gadgets Launch,CTV,impression,0.0043,0.0
EVT_902416,2026-07-29 00:30:21,CMP_103,B2B SaaS Trial,Display,q1_25,0.0,0.0
EVT_372690,2026-07-30 00:51:06,CMP_103,B2B SaaS Trial,Display,q1_25,0.0,0.0
EVT_585149,2026-07-29 07:58:42,CMP_101,Summer Apparel,OLV,q3_75,0.0,0.0
EVT_473852,2026-07-29 12:56:37,CMP_102,Tech Gadgets Launch,CTV,impression,0.0085,0.0
EVT_854236,2026-07-29 01:44:48,CMP_103,B2B SaaS Trial,Display,impression,0.0057,0.0
EVT_539275,2026-07-31 02:21:36,CMP_101,Summer Apparel,OLV,q1_25,0.0,0.0
EVT_514063,2026-07-31 04:10:54,CMP_102,Tech Gadgets Launch,CTV,impression,0.0104,0.0
EVT_549835,2026-07-31 05:11:51,CMP_101,Summer Apparel,OLV,conversion,0.0,104.26
EVT_833368,2026-07-30 21:01:13,CMP_101,Summer Apparel,OLV,impression,0.0031,0.0
EVT_724382,2026-07-29 00:24:50,CMP_103,B2B SaaS Trial,Display,impression,0.0085,0.0
EVT_536076,2026-07-29 02:19:33,CMP_103,B2B SaaS Trial,Display,impression,0.0149,0.0
EVT_794521,2026-07-31 00:31:46,CMP_103,B2B SaaS Trial,Display,q3_75,0.0,0.0
EVT_445667,2026-07-30 08:04:05,CMP_102,Tech Gadgets Launch,CTV,q2_50,0.0,0.0
EVT_779681,2026-07-30 19:35:43,CMP_102,Tech Gadgets Launch,CTV,impression,0.0068,0.0
EVT_957689,2026-07-31 07:55:38,CMP_102,Tech Gadgets Launch,CTV,impression,0.0038,0.0
EVT_991790,2026-07-31 05:00:42,CMP_102,Tech Gadgets Launch,CTV,q1_25,0.0,0.0
EVT_811547,2026-07-30 12:21:44,CMP_101,Summer Apparel,OLV,impression,0.0112,0.0
EVT_302740,2026-07-30 15:28:42,CMP_102,Tech Gadgets Launch,CTV,impression,0.0125,0.0
EVT_273079,2026-07-29 08:11:46,CMP_101,Summer Apparel,OLV,impression,0.0041,0.0
EVT_295719,2026-07-31 17:48:44,CMP_103,B2B SaaS Trial,Display,impression,0.0051,0.0
EVT_778675,2026-07-31 05:59:27,CMP_103,B2B SaaS Trial,Display,q2_50,0.0,0.0
EVT_479245,2026-07-29 22:21:07,CMP_103,B2B SaaS Trial,Display,impression,0.0037,0.0
EVT_199461,2026-07-30 08:15:23,CMP_102,Tech Gadgets Launch,CTV,q2_50,0.0,0.0
EVT_420327,2026-07-30 18:44:48,CMP_101,Summer Apparel,OLV,impression,0.0045,0.0
EVT_365597,2026-07-31 07:03:27,CMP_103,B2B SaaS Trial,Display,impression,0.0131,0.0
EVT_932739,2026-07-29 02:21:39,CMP_101,Summer Apparel,OLV,click,0.0,0.0
EVT_522218,2026-07-29 16:59:19,CMP_103,B2B SaaS Trial,Display,impression,0.0117,0.0
EVT_968964,2026-07-31 03:17:47,CMP_103,B2B SaaS Trial,Display,impression,0.0033,0.0
EVT_977392,2026-07-29 20:56:37,CMP_103,B2B SaaS Trial,Display,impression,0.0033,0.0
EVT_305872,2026-07-29 16:09:38,CMP_102,Tech Gadgets Launch,CTV,q1_25,0.0,0.0
EVT_691745,2026-07-30 10:43:28,CMP_103,B2B SaaS Trial,Display,impression,0.0093,0.0
EVT_583745,2026-07-29 04:55:57,CMP_103,B2B SaaS Trial,Display,impression,0.0024,0.0
EVT_429345,2026-07-30 21:52:24,CMP_103,B2B SaaS Trial,Display,impression,0.0067,0.0
EVT_877922,2026-07-29 00:05:52,CMP_101,Summer Apparel,OLV,impression,0.0143,0.0
EVT_694043,2026-07-29 14:50:15,CMP_103,B2B SaaS Trial,Display,q2_50,0.0,0.0
EVT_734107,2026-07-30 01:55:03,CMP_103,B2B SaaS Trial,Display,q1_25,0.0,0.0
EVT_262438,2026-07-28 22:47:08,CMP_103,B2B SaaS Trial,Display,impression,0.0067,0.0
EVT_115961,2026-07-30 12:17:34,CMP_101,Summer Apparel,OLV,impression,0.0038,0.0
EVT_485070,2026-07-31 15:08:47,CMP_103,B2B SaaS Trial,Display,q3_75,0.0,0.0
EVT_558347,2026-07-29 00:48:26,CMP_103,B2B SaaS Trial,Display,impression,0.0134,0.0
EVT_852351,2026-07-30 07:45:21,CMP_102,Tech Gadgets Launch,CTV,impression,0.0111,0.0
EVT_270822,2026-07-31 17:47:56,CMP_103,B2B SaaS Trial,Display,q1_25,0.0,0.0
EVT_177012,2026-07-29 17:15:38,CMP_102,Tech Gadgets Launch,CTV,q1_25,0.0,0.0
EVT_803775,2026-07-29 14:37:38,CMP_101,Summer Apparel,OLV,q2_50,0.0,0.0
EVT_567153,2026-07-29 00:25:23,CMP_101,Summer Apparel,OLV,impression,0.0145,0.0
EVT_658584,2026-07-29 04:46:21,CMP_102,Tech Gadgets Launch,CTV,q3_75,0.0,0.0
EVT_427431,2026-07-31 08:18:20,CMP_102,Tech Gadgets Launch,CTV,impression,0.0028,0.0
EVT_443016,2026-07-31 08:37:56,CMP_103,B2B SaaS Trial,Display,impression,0.0055,0.0
EVT_795178,2026-07-30 00:32:51,CMP_101,Summer Apparel,OLV,impression,0.0131,0.0
EVT_705922,2026-07-30 13:52:14,CMP_101,Summer Apparel,OLV,q2_50,0.0,0.0
EVT_529737,2026-07-31 09:20:14,CMP_101,Summer Apparel,OLV,q2_50,0.0,0.0
EVT_825152,2026-07-30 09:31:19,CMP_103,B2B SaaS Trial,Display,q1_25,0.0,0.0
EVT_122422,2026-07-31 06:00:11,CMP_101,Summer Apparel,OLV,q3_75,0.0,0.0
EVT_245564,2026-07-29 20:12:20,CMP_103,B2B SaaS Trial,Display,q1_25,0.0,0.0
EVT_298373,2026-07-31 09:21:07,CMP_102,Tech Gadgets Launch,CTV,q1_25,0.0,0.0
EVT_442950,2026-07-29 12:01:41,CMP_103,B2B SaaS Trial,Display,impression,0.0038,0.0
EVT_617949,2026-07-29 01:17:40,CMP_102,Tech Gadgets Launch,CTV,impression,0.0044,0.0
EVT_789650,2026-07-29 11:06:35,CMP_101,Summer Apparel,OLV,q1_25,0.0,0.0
EVT_435194,2026-07-30 01:38:51,CMP_102,Tech Gadgets Launch,CTV,q2_50,0.0,0.0
EVT_896240,2026-07-29 09:05:24,CMP_101,Summer Apparel,OLV,q3_75,0.0,0.0
EVT_109008,2026-07-31 03:38:37,CMP_102,Tech Gadgets Launch,CTV,impression,0.0036,0.0
EVT_569676,2026-07-31 12:26:31,CMP_103,B2B SaaS Trial,Display,impression,0.0034,0.0
EVT_285087,2026-07-31 14:19:27,CMP_103,B2B SaaS Trial,Display,impression,0.0022,0.0
EVT_454142,2026-07-29 16:59:38,CMP_102,Tech Gadgets Launch,CTV,q2_50,0.0,0.0
EVT_937686,2026-07-31 11:30:58,CMP_102,Tech Gadgets Launch,CTV,q1_25,0.0,0.0
EVT_377322,2026-07-30 08:22:41,CMP_103,B2B SaaS Trial,Display,impression,0.0041,0.0
EVT_166106,2026-07-29 01:33:07,CMP_103,B2B SaaS Trial,Display,impression,0.0148,0.0
EVT_971338,2026-07-29 09:19:35,CMP_102,Tech Gadgets Launch,CTV,click,0.0,0.0
EVT_466381,2026-07-30 22:35:51,CMP_102,Tech Gadgets Launch,CTV,impression,0.0104,0.0
EVT_528372,2026-07-29 04:06:03,CMP_102,Tech Gadgets Launch,CTV,q1_25,0.0,0.0
EVT_102634,2026-07-30 13:07:03,CMP_102,Tech Gadgets Launch,CTV,q1_25,0.0,0.0
EVT_142763,2026-07-29 03:09:16,CMP_102,Tech Gadgets Launch,CTV,impression,0.0045,0.0
EVT_345944,2026-07-30 07:39:16,CMP_102,Tech Gadgets Launch,CTV,q2_50,0.0,0.0
EVT_312116,2026-07-28 22:52:28,CMP_101,Summer Apparel,OLV,impression,0.0108,0.0
EVT_661648,2026-07-30 21:46:05,CMP_102,Tech Gadgets Launch,CTV,impression,0.0131,0.0
EVT_854781,2026-07-31 17:11:56,CMP_103,B2B SaaS Trial,Display,impression,0.0134,0.0
EVT_170080,2026-07-29 09:16:55,CMP_102,Tech Gadgets Launch,CTV,q2_50,0.0,0.0
EVT_480347,2026-07-31 00:56:15,CMP_103,B2B SaaS Trial,Display,impression,0.013,0.0
EVT_349041,2026-07-30 12:38:12,CMP_102,Tech Gadgets Launch,CTV,q1_25,0.0,0.0
EVT_885030,2026-07-30 17:23:30,CMP_102,Tech Gadgets Launch,CTV,impression,0.0073,0.0
EVT_675629,2026-07-29 01:07:43,CMP_101,Summer Apparel,OLV,impression,0.0079,0.0
EVT_595510,2026-07-31 08:58:21,CMP_101,Summer Apparel,OLV,q4_100,0.0,0.0
EVT_350745,2026-07-30 08:17:28,CMP_102,Tech Gadgets Launch,CTV,impression,0.0088,0.0
EVT_259534,2026-07-29 01:06:37,CMP_103,B2B SaaS Trial,Display,impression,0.0036,0.0
EVT_779877,2026-07-30 09:30:43,CMP_103,B2B SaaS Trial,Display,q2_50,0.0,0.0
EVT_747899,2026-07-31 04:05:53,CMP_103,B2B SaaS Trial,Display,impression,0.0023,0.0
EVT_654635,2026-07-29 08:21:34,CMP_103,B2B SaaS Trial,Display,impression,0.0134,0.0
EVT_363423,2026-07-31 01:53:31,CMP_103,B2B SaaS Trial,Display,impression,0.0096,0.0
EVT_782581,2026-07-31 12:13:16,CMP_103,B2B SaaS Trial,Display,q1_25,0.0,0.0
EVT_657074,2026-07-30 17:20:41,CMP_101,Summer Apparel,OLV,q2_50,0.0,0.0
EVT_378888,2026-07-30 08:18:22,CMP_102,Tech Gadgets Launch,CTV,impression,0.0113,0.0
EVT_998417,2026-07-29 15:24:37,CMP_103,B2B SaaS Trial,Display,impression,0.0147,0.0
EVT_879883,2026-07-30 16:59:54,CMP_102,Tech Gadgets Launch,CTV,impression,0.0092,0.0
EVT_220793,2026-07-30 14:42:29,CMP_101,Summer Apparel,OLV,impression,0.0065,0.0
EVT_189073,2026-07-29 22:39:14,CMP_102,Tech Gadgets Launch,CTV,q2_50,0.0,0.0
EVT_216082,2026-07-31 19:50:48,CMP_101,Summer Apparel,OLV,q3_75,0.0,0.0
EVT_738833,2026-07-30 13:24:15,CMP_103,B2B SaaS Trial,Display,q1_25,0.0,0.0
EVT_904548,2026-07-30 16:27:50,CMP_101,Summer Apparel,OLV,q1_25,0.0,0.0
EVT_402192,2026-07-31 10:34:32,CMP_103,B2B SaaS Trial,Display,q3_75,0.0,0.0
EVT_222354,2026-07-29 06:02:08,CMP_101,Summer Apparel,OLV,impression,0.0141,0.0
EVT_671809,2026-07-31 12:46:57,CMP_102,Tech Gadgets Launch,CTV,q1_25,0.0,0.0
EVT_533883,2026-07-28 21:12:01,CMP_102,Tech Gadgets Launch,CTV,q1_25,0.0,0.0
EVT_511944,2026-07-31 12:22:33,CMP_103,B2B SaaS Trial,Display,impression,0.0076,0.0
EVT_509988,2026-07-28 20:51:46,CMP_103,B2B SaaS Trial,Display,impression,0.0143,0.0
EVT_942153,2026-07-30 12:20:30,CMP_102,Tech Gadgets Launch,CTV,q3_75,0.0,0.0
EVT_125464,2026-07-31 07:42:02,CMP_101,Summer Apparel,OLV,impression,0.0033,0.0
EVT_273699,2026-07-30 13:15:42,CMP_102,Tech Gadgets Launch,CTV,impression,0.0033,0.0
EVT_707815,2026-07-31 00:13:03,CMP_102,Tech Gadgets Launch,CTV,q1_25,0.0,0.0
EVT_494538,2026-07-30 08:35:42,CMP_101,Summer Apparel,OLV,impression,0.0044,0.0
EVT_304364,2026-07-31 05:17:57,CMP_103,B2B SaaS Trial,Display,q1_25,0.0,0.0
EVT_772693,2026-07-31 06:00:47,CMP_102,Tech Gadgets Launch,CTV,impression,0.0053,0.0
EVT_642079,2026-07-30 20:40:40,CMP_103,B2B SaaS Trial,Display,q2_50,0.0,0.0
EVT_245774,2026-07-31 11:54:00,CMP_101,Summer Apparel,OLV,impression,0.0087,0.0
EVT_334133,2026-07-31 11:20:20,CMP_101,Summer Apparel,OLV,q1_25,0.0,0.0
EVT_522313,2026-07-30 04:06:08,CMP_103,B2B SaaS Trial,Display,impression,0.0029,0.0
EVT_887441,2026-07-30 08:56:19,CMP_103,B2B SaaS Trial,Display,impression,0.0023,0.0
EVT_169133,2026-07-30 12:02:57,CMP_103,B2B SaaS Trial,Display,impression,0.0031,0.0
EVT_439176,2026-07-31 15:29:08,CMP_103,B2B SaaS Trial,Display,q2_50,0.0,0.0
EVT_854329,2026-07-30 20:59:38,CMP_101,Summer Apparel,OLV,q1_25,0.0,0.0
EVT_609250,2026-07-30 21:49:00,CMP_102,Tech Gadgets Launch,CTV,impression,0.0087,0.0
EVT_845886,2026-07-31 12:24:15,CMP_103,B2B SaaS Trial,Display,q1_25,0.0,0.0
EVT_875490,2026-07-29 00:44:12,CMP_101,Summer Apparel,OLV,q2_50,0.0,0.0
EVT_786812,2026-07-30 02:45:53,CMP_103,B2B SaaS Trial,Display,click,0.0,0.0
EVT_580735,2026-07-30 17:32:03,CMP_101,Summer Apparel,OLV,impression,0.0132,0.0
EVT_689610,2026-07-29 21:56:21,CMP_102,Tech Gadgets Launch,CTV,impression,0.0136,0.0
EVT_839326,2026-07-30 18:02:08,CMP_101,Summer Apparel,OLV,impression,0.0117,0.0
EVT_416423,2026-07-30 12:11:55,CMP_103,B2B SaaS Trial,Display,impression,0.0089,0.0
EVT_263610,2026-07-31 02:27:39,CMP_103,B2B SaaS Trial,Display,impression,0.0128,0.0
EVT_390232,2026-07-30 22:17:30,CMP_101,Summer Apparel,OLV,q4_100,0.0,0.0
EVT_729251,2026-07-30 08:21:17,CMP_101,Summer Apparel,OLV,impression,0.0026,0.0
EVT_143866,2026-07-30 16:07:05,CMP_103,B2B SaaS Trial,Display,impression,0.0064,0.0
EVT_608490,2026-07-31 19:44:44,CMP_103,B2B SaaS Trial,Display,q1_25,0.0,0.0
EVT_129399,2026-07-30 03:57:58,CMP_103,B2B SaaS Trial,Display,q1_25,0.0,0.0
EVT_184925,2026-07-29 13:27:59,CMP_103,B2B SaaS Trial,Display,q2_50,0.0,0.0
EVT_704156,2026-07-29 14:54:33,CMP_102,Tech Gadgets Launch,CTV,impression,0.0023,0.0
EVT_167050,2026-07-31 08:13:56,CMP_101,Summer Apparel,OLV,impression,0.0057,0.0
EVT_728590,2026-07-30 02:49:56,CMP_103,B2B SaaS Trial,Display,impression,0.0021,0.0
EVT_484836,2026-07-29 14:47:54,CMP_103,B2B SaaS Trial,Display,q2_50,0.0,0.0
EVT_141798,2026-07-30 19:33:12,CMP_102,Tech Gadgets Launch,CTV,click,0.0,0.0
EVT_822848,2026-07-29 09:24:04,CMP_101,Summer Apparel,OLV,q1_25,0.0,0.0
EVT_133117,2026-07-29 08:21:30,CMP_102,Tech Gadgets Launch,CTV,impression,0.0066,0.0
EVT_206136,2026-07-29 12:12:54,CMP_101,Summer Apparel,OLV,impression,0.002,0.0
EVT_384139,2026-07-30 06:06:17,CMP_102,Tech Gadgets Launch,CTV,q1_25,0.0,0.0
EVT_396317,2026-07-31 08:20:56,CMP_101,Summer Apparel,OLV,q1_25,0.0,0.0
EVT_915882,2026-07-29 00:49:28,CMP_103,B2B SaaS Trial,Display,q3_75,0.0,0.0
EVT_478770,2026-07-30 05:53:18,CMP_101,Summer Apparel,OLV,impression,0.009,0.0
EVT_370113,2026-07-29 06:15:36,CMP_101,Summer Apparel,OLV,impression,0.003,0.0
EVT_897166,2026-07-29 16:48:34,CMP_103,B2B SaaS Trial,Display,q2_50,0.0,0.0
EVT_785000,2026-07-31 01:12:25,CMP_103,B2B SaaS Trial,Display,q2_50,0.0,0.0
EVT_756772,2026-07-31 02:10:13,CMP_103,B2B SaaS Trial,Display,q4_100,0.0,0.0
EVT_783546,2026-07-31 00:55:54,CMP_103,B2B SaaS Trial,Display,impression,0.0127,0.0
EVT_261468,2026-07-31 20:05:55,CMP_102,Tech Gadgets Launch,CTV,impression,0.0026,0.0
EVT_719037,2026-07-29 18:10:00,CMP_103,B2B SaaS Trial,Display,impression,0.0094,0.0
EVT_567650,2026-07-29 05:00:51,CMP_103,B2B SaaS Trial,Display,impression,0.005,0.0
EVT_510437,2026-07-29 13:18:03,CMP_103,B2B SaaS Trial,Display,impression,0.0044,0.0
EVT_604684,2026-07-31 18:47:21,CMP_102,Tech Gadgets Launch,CTV,q2_50,0.0,0.0
EVT_806762,2026-07-29 06:03:59,CMP_102,Tech Gadgets Launch,CTV,impression,0.0115,0.0
EVT_824828,2026-07-29 18:59:58,CMP_103,B2B SaaS Trial,Display,impression,0.004,0.0
EVT_277264,2026-07-30 03:32:47,CMP_101,Summer Apparel,OLV,impression,0.01,0.0
EVT_841953,2026-07-30 12:55:10,CMP_103,B2B SaaS Trial,Display,impression,0.0132,0.0
EVT_463218,2026-07-30 08:45:24,CMP_103,B2B SaaS Trial,Display,impression,0.0043,0.0
EVT_813357,2026-07-30 04:00:15,CMP_103,B2B SaaS Trial,Display,impression,0.0127,0.0
EVT_523693,2026-07-30 01:03:13,CMP_102,Tech Gadgets Launch,CTV,q3_75,0.0,0.0
EVT_993716,2026-07-31 04:04:22,CMP_101,Summer Apparel,OLV,q1_25,0.0,0.0
EVT_887846,2026-07-29 02:04:41,CMP_103,B2B SaaS Trial,Display,impression,0.0073,0.0
EVT_988188,2026-07-29 11:26:33,CMP_102,Tech Gadgets Launch,CTV,q1_25,0.0,0.0
EVT_348173,2026-07-30 04:25:03,CMP_103,B2B SaaS Trial,Display,impression,0.0085,0.0
EVT_458220,2026-07-29 06:46:12,CMP_101,Summer Apparel,OLV,q1_25,0.0,0.0
EVT_332767,2026-07-29 16:33:16,CMP_102,Tech Gadgets Launch,CTV,q1_25,0.0,0.0
EVT_544601,2026-07-30 15:32:02,CMP_101,Summer Apparel,OLV,q3_75,0.0,0.0
EVT_574918,2026-07-29 19:37:56,CMP_101,Summer Apparel,OLV,q2_50,0.0,0.0
EVT_379923,2026-07-31 19:09:38,CMP_103,B2B SaaS Trial,Display,impression,0.0146,0.0
EVT_539330,2026-07-31 18:02:06,CMP_103,B2B SaaS Trial,Display,q3_75,0.0,0.0
EVT_960209,2026-07-30 06:56:55,CMP_101,Summer Apparel,OLV,impression,0.0084,0.0
EVT_249055,2026-07-29 00:54:26,CMP_103,B2B SaaS Trial,Display,q3_75,0.0,0.0
EVT_401957,2026-07-30 18:29:16,CMP_102,Tech Gadgets Launch,CTV,impression,0.0143,0.0
EVT_367616,2026-07-30 11:34:59,CMP_102,Tech Gadgets Launch,CTV,impression,0.0062,0.0
EVT_138978,2026-07-31 03:48:30,CMP_102,Tech Gadgets Launch,CTV,impression,0.0038,0.0
EVT_167726,2026-07-30 00:05:14,CMP_102,Tech Gadgets Launch,CTV,impression,0.0081,0.0
EVT_247917,2026-07-29 08:23:16,CMP_102,Tech Gadgets Launch,CTV,impression,0.0112,0.0
EVT_688898,2026-07-30 09:13:24,CMP_101,Summer Apparel,OLV,q4_100,0.0,0.0
EVT_714819,2026-07-30 21:10:42,CMP_103,B2B SaaS Trial,Display,q1_25,0.0,0.0
EVT_285030,2026-07-30 08:48:56,CMP_102,Tech Gadgets Launch,CTV,impression,0.0069,0.0
EVT_972636,2026-07-31 00:38:12,CMP_101,Summer Apparel,OLV,impression,0.0147,0.0
EVT_578390,2026-07-29 03:11:38,CMP_103,B2B SaaS Trial,Display,impression,0.0024,0.0
EVT_205561,2026-07-31 18:48:13,CMP_103,B2B SaaS Trial,Display,conversion,0.0,56.64
EVT_639579,2026-07-31 14:00:10,CMP_103,B2B SaaS Trial,Display,impression,0.0079,0.0
EVT_446244,2026-07-29 11:08:44,CMP_102,Tech Gadgets Launch,CTV,impression,0.0067,0.0
EVT_165783,2026-07-31 10:44:42,CMP_103,B2B SaaS Trial,Display,click,0.0,0.0
EVT_724709,2026-07-31 01:59:24,CMP_103,B2B SaaS Trial,Display,q4_100,0.0,0.0
EVT_668683,2026-07-30 13:50:51,CMP_103,B2B SaaS Trial,Display,q2_50,0.0,0.0
EVT_871897,2026-07-30 20:56:18,CMP_103,B2B SaaS Trial,Display,impression,0.0026,0.0
EVT_747428,2026-07-30 23:30:49,CMP_101,Summer Apparel,OLV,q3_75,0.0,0.0
EVT_701793,2026-07-30 13:48:54,CMP_102,Tech Gadgets Launch,CTV,impression,0.0127,0.0
EVT_634825,2026-07-31 03:49:40,CMP_102,Tech Gadgets Launch,CTV,q1_25,0.0,0.0
EVT_381668,2026-07-31 16:21:10,CMP_102,Tech Gadgets Launch,CTV,q2_50,0.0,0.0
EVT_976795,2026-07-29 20:09:57,CMP_103,B2B SaaS Trial,Display,click,0.0,0.0
EVT_268564,2026-07-31 08:30:20,CMP_102,Tech Gadgets Launch,CTV,q2_50,0.0,0.0
EVT_163094,2026-07-30 00:48:49,CMP_102,Tech Gadgets Launch,CTV,q2_50,0.0,0.0
EVT_528216,2026-07-29 18:24:33,CMP_101,Summer Apparel,OLV,q2_50,0.0,0.0
EVT_322140,2026-07-28 23:04:36,CMP_103,B2B SaaS Trial,Display,impression,0.0089,0.0
EVT_384338,2026-07-29 21:15:11,CMP_102,Tech Gadgets Launch,CTV,q1_25,0.0,0.0
EVT_605845,2026-07-28 22:18:12,CMP_102,Tech Gadgets Launch,CTV,impression,0.0088,0.0
EVT_706367,2026-07-31 19:45:36,CMP_101,Summer Apparel,OLV,impression,0.0028,0.0
EVT_157892,2026-07-30 09:41:15,CMP_102,Tech Gadgets Launch,CTV,q2_50,0.0,0.0
EVT_874320,2026-07-30 21:30:17,CMP_102,Tech Gadgets Launch,CTV,impression,0.0058,0.0
EVT_365688,2026-07-29 18:29:36,CMP_103,B2B SaaS Trial,Display,impression,0.015,0.0
EVT_933411,2026-07-29 00:05:46,CMP_101,Summer Apparel,OLV,q2_50,0.0,0.0
EVT_764960,2026-07-30 07:01:28,CMP_102,Tech Gadgets Launch,CTV,q1_25,0.0,0.0
EVT_711955,2026-07-29 04:28:10,CMP_102,Tech Gadgets Launch,CTV,impression,0.0083,0.0
EVT_533936,2026-07-29 03:44:53,CMP_101,Summer Apparel,OLV,click,0.0,0.0
EVT_164741,2026-07-29 17:20:33,CMP_103,B2B SaaS Trial,Display,q2_50,0.0,0.0
EVT_837996,2026-07-31 07:15:18,CMP_101,Summer Apparel,OLV,impression,0.0053,0.0
EVT_794883,2026-07-30 00:05:57,CMP_103,B2B SaaS Trial,Display,q2_50,0.0,0.0
EVT_366606,2026-07-30 23:05:11,CMP_101,Summer Apparel,OLV,click,0.0,0.0
EVT_294683,2026-07-29 19:07:00,CMP_102,Tech Gadgets Launch,CTV,impression,0.0032,0.0
EVT_968385,2026-07-29 19:05:24,CMP_101,Summer Apparel,OLV,q3_75,0.0,0.0
EVT_328348,2026-07-28 20:48:59,CMP_101,Summer Apparel,OLV,impression,0.0033,0.0
EVT_488274,2026-07-28 21:10:08,CMP_101,Summer Apparel,OLV,q2_50,0.0,0.0
EVT_323817,2026-07-31 03:08:14,CMP_101,Summer Apparel,OLV,q2_50,0.0,0.0
EVT_890514,2026-07-31 07:30:27,CMP_103,B2B SaaS Trial,Display,q3_75,0.0,0.0
EVT_789876,2026-07-31 05:49:19,CMP_101,Summer Apparel,OLV,q3_75,0.0,0.0
EVT_104897,2026-07-31 14:27:40,CMP_102,Tech Gadgets Launch,CTV,impression,0.0132,0.0
EVT_520347,2026-07-30 18:35:31,CMP_102,Tech Gadgets Launch,CTV,impression,0.0073,0.0
EVT_745511,2026-07-29 03:17:25,CMP_102,Tech Gadgets Launch,CTV,q4_100,0.0,0.0
EVT_832075,2026-07-30 15:37:36,CMP_101,Summer Apparel,OLV,impression,0.014,0.0
EVT_508924,2026-07-31 14:05:35,CMP_103,B2B SaaS Trial,Display,q1_25,0.0,0.0
EVT_780040,2026-07-28 23:25:54,CMP_101,Summer Apparel,OLV,click,0.0,0.0
EVT_249088,2026-07-30 08:28:38,CMP_102,Tech Gadgets Launch,CTV,q3_75,0.0,0.0
EVT_143055,2026-07-31 02:26:48,CMP_102,Tech Gadgets Launch,CTV,impression,0.0118,0.0
EVT_792345,2026-07-30 14:49:12,CMP_102,Tech Gadgets Launch,CTV,impression,0.0085,0.0
EVT_470617,2026-07-30 14:37:00,CMP_101,Summer Apparel,OLV,impression,0.006,0.0
EVT_513866,2026-07-30 06:59:59,CMP_103,B2B SaaS Trial,Display,conversion,0.0,59.19
EVT_428167,2026-07-29 08:43:42,CMP_101,Summer Apparel,OLV,q2_50,0.0,0.0
EVT_687226,2026-07-30 23:57:24,CMP_103,B2B SaaS Trial,Display,impression,0.0055,0.0
EVT_505159,2026-07-29 13:33:07,CMP_101,Summer Apparel,OLV,impression,0.0066,0.0
EVT_932727,2026-07-29 03:02:08,CMP_102,Tech Gadgets Launch,CTV,q1_25,0.0,0.0
EVT_912332,2026-07-31 01:15:15,CMP_101,Summer Apparel,OLV,impression,0.0047,0.0
EVT_119052,2026-07-31 03:23:03,CMP_101,Summer Apparel,OLV,q1_25,0.0,0.0
EVT_145614,2026-07-31 06:10:38,CMP_101,Summer Apparel,OLV,impression,0.0078,0.0
EVT_824976,2026-07-30 17:16:53,CMP_103,B2B SaaS Trial,Display,q4_100,0.0,0.0
EVT_383510,2026-07-30 21:52:33,CMP_101,Summer Apparel,OLV,q1_25,0.0,0.0
EVT_953369,2026-07-29 21:48:52,CMP_103,B2B SaaS Trial,Display,impression,0.0087,0.0
EVT_973741,2026-07-30 15:48:27,CMP_102,Tech Gadgets Launch,CTV,impression,0.0114,0.0
EVT_524584,2026-07-31 11:59:47,CMP_102,Tech Gadgets Launch,CTV,impression,0.0137,0.0
EVT_973310,2026-07-29 01:09:28,CMP_103,B2B SaaS Trial,Display,q4_100,0.0,0.0
EVT_527161,2026-07-29 10:29:40,CMP_102,Tech Gadgets Launch,CTV,impression,0.0089,0.0
EVT_161167,2026-07-29 19:16:45,CMP_101,Summer Apparel,OLV,impression,0.0131,0.0
EVT_241466,2026-07-31 03:46:52,CMP_103,B2B SaaS Trial,Display,impression,0.0149,0.0
EVT_627009,2026-07-29 18:53:40,CMP_102,Tech Gadgets Launch,CTV,impression,0.0083,0.0
EVT_809378,2026-07-29 12:10:15,CMP_101,Summer Apparel,OLV,impression,0.0114,0.0
EVT_923854,2026-07-31 06:07:47,CMP_102,Tech Gadgets Launch,CTV,q1_25,0.0,0.0
EVT_257649,2026-07-29 05:08:30,CMP_102,Tech Gadgets Launch,CTV,impression,0.0138,0.0
EVT_238953,2026-07-29 10:50:50,CMP_102,Tech Gadgets Launch,CTV,impression,0.0083,0.0
EVT_966097,2026-07-29 19:33:03,CMP_101,Summer Apparel,OLV,impression,0.0058,0.0
EVT_148739,2026-07-28 21:32:36,CMP_101,Summer Apparel,OLV,q2_50,0.0,0.0
EVT_592501,2026-07-29 15:06:35,CMP_101,Summer Apparel,OLV,q3_75,0.0,0.0
EVT_389198,2026-07-29 00:21:50,CMP_101,Summer Apparel,OLV,q3_75,0.0,0.0
EVT_410554,2026-07-31 05:39:20,CMP_103,B2B SaaS Trial,Display,q1_25,0.0,0.0
EVT_406107,2026-07-31 08:53:07,CMP_102,Tech Gadgets Launch,CTV,q1_25,0.0,0.0
EVT_227726,2026-07-31 15:03:56,CMP_102,Tech Gadgets Launch,CTV,q1_25,0.0,0.0
EVT_992506,2026-07-30 19:06:07,CMP_101,Summer Apparel,OLV,q1_25,0.0,0.0
EVT_557899,2026-07-31 13:20:37,CMP_102,Tech Gadgets Launch,CTV,impression,0.0144,0.0
EVT_420175,2026-07-30 15:21:16,CMP_101,Summer Apparel,OLV,impression,0.0023,0.0
EVT_211670,2026-07-29 09:48:37,CMP_101,Summer Apparel,OLV,q1_25,0.0,0.0
EVT_715671,2026-07-30 19:50:22,CMP_101,Summer Apparel,OLV,q3_75,0.0,0.0
EVT_762058,2026-07-31 07:36:12,CMP_103,B2B SaaS Trial,Display,impression,0.0135,0.0
EVT_583378,2026-07-28 22:54:18,CMP_102,Tech Gadgets Launch,CTV,impression,0.0055,0.0
EVT_758270,2026-07-31 12:49:38,CMP_103,B2B SaaS Trial,Display,q3_75,0.0,0.0
EVT_375559,2026-07-31 19:18:47,CMP_103,B2B SaaS Trial,Display,q3_75,0.0,0.0
EVT_705929,2026-07-30 03:07:45,CMP_101,Summer Apparel,OLV,q1_25,0.0,0.0
EVT_381875,2026-07-29 16:10:03,CMP_103,B2B SaaS Trial,Display,q1_25,0.0,0.0
EVT_447023,2026-07-30 02:47:29,CMP_103,B2B SaaS Trial,Display,q3_75,0.0,0.0
EVT_968098,2026-07-30 19:23:47,CMP_101,Summer Apparel,OLV,impression,0.0056,0.0
EVT_641907,2026-07-30 01:47:16,CMP_102,Tech Gadgets Launch,CTV,click,0.0,0.0
EVT_947186,2026-07-31 12:59:37,CMP_102,Tech Gadgets Launch,CTV,q1_25,0.0,0.0
EVT_530848,2026-07-31 13:29:03,CMP_101,Summer Apparel,OLV,q1_25,0.0,0.0
EVT_454426,2026-07-30 05:45:20,CMP_101,Summer Apparel,OLV,impression,0.0083,0.0
EVT_249879,2026-07-29 11:35:34,CMP_102,Tech Gadgets Launch,CTV,impression,0.0134,0.0
EVT_414557,2026-07-29 21:21:48,CMP_101,Summer Apparel,OLV,impression,0.0139,0.0
EVT_604210,2026-07-29 22:54:37,CMP_102,Tech Gadgets Launch,CTV,impression,0.0139,0.0
EVT_362226,2026-07-29 05:44:00,CMP_103,B2B SaaS Trial,Display,q2_50,0.0,0.0
EVT_805729,2026-07-31 05:56:56,CMP_102,Tech Gadgets Launch,CTV,q1_25,0.0,0.0
EVT_796623,2026-07-30 13:24:24,CMP_102,Tech Gadgets Launch,CTV,q1_25,0.0,0.0
EVT_937439,2026-07-30 00:56:09,CMP_101,Summer Apparel,OLV,impression,0.0077,0.0
EVT_641861,2026-07-29 08:02:07,CMP_101,Summer Apparel,OLV,q2_50,0.0,0.0
EVT_458859,2026-07-31 09:03:50,CMP_103,B2B SaaS Trial,Display,impression,0.01,0.0
EVT_359448,2026-07-29 19:07:20,CMP_103,B2B SaaS Trial,Display,impression,0.0035,0.0
EVT_401910,2026-07-31 17:17:59,CMP_102,Tech Gadgets Launch,CTV,impression,0.0022,0.0
EVT_282518,2026-07-30 10:10:49,CMP_101,Summer Apparel,OLV,q2_50,0.0,0.0
EVT_200164,2026-07-30 22:11:01,CMP_103,B2B SaaS Trial,Display,impression,0.0036,0.0
EVT_937796,2026-07-31 09:48:41,CMP_101,Summer Apparel,OLV,impression,0.0099,0.0
EVT_239713,2026-07-29 23:27:04,CMP_101,Summer Apparel,OLV,impression,0.0064,0.0
EVT_526459,2026-07-30 10:16:05,CMP_102,Tech Gadgets Launch,CTV,q1_25,0.0,0.0
EVT_514955,2026-07-31 09:33:17,CMP_101,Summer Apparel,OLV,impression,0.0054,0.0
EVT_142589,2026-07-31 15:09:08,CMP_101,Summer Apparel,OLV,q1_25,0.0,0.0
EVT_419140,2026-07-31 15:07:57,CMP_101,Summer Apparel,OLV,impression,0.0076,0.0
EVT_536406,2026-07-29 06:56:16,CMP_102,Tech Gadgets Launch,CTV,q1_25,0.0,0.0
EVT_209592,2026-07-30 18:46:17,CMP_103,B2B SaaS Trial,Display,q2_50,0.0,0.0
EVT_655092,2026-07-31 11:54:39,CMP_103,B2B SaaS Trial,Display,impression,0.011,0.0
EVT_388076,2026-07-29 03:58:10,CMP_101,Summer Apparel,OLV,impression,0.0114,0.0
EVT_232178,2026-07-31 17:39:43,CMP_103,B2B SaaS Trial,Display,q1_25,0.0,0.0
EVT_344336,2026-07-31 00:29:11,CMP_101,Summer Apparel,OLV,impression,0.0061,0.0
EVT_283488,2026-07-30 08:21:17,CMP_103,B2B SaaS Trial,Display,impression,0.0134,0.0
EVT_719843,2026-07-31 05:31:27,CMP_103,B2B SaaS Trial,Display,impression,0.0039,0.0
EVT_442770,2026-07-29 04:03:23,CMP_102,Tech Gadgets Launch,CTV,impression,0.0037,0.0
EVT_965397,2026-07-31 04:24:58,CMP_103,B2B SaaS Trial,Display,q2_50,0.0,0.0
EVT_263870,2026-07-31 11:38:15,CMP_101,Summer Apparel,OLV,q3_75,0.0,0.0
EVT_831053,2026-07-31 14:43:21,CMP_103,B2B SaaS Trial,Display,q1_25,0.0,0.0
EVT_321362,2026-07-31 10:08:06,CMP_103,B2B SaaS Trial,Display,impression,0.0096,0.0
EVT_458016,2026-07-31 08:49:27,CMP_103,B2B SaaS Trial,Display,q1_25,0.0,0.0
EVT_954943,2026-07-30 21:27:57,CMP_102,Tech Gadgets Launch,CTV,q1_25,0.0,0.0
EVT_372162,2026-07-29 18:15:31,CMP_101,Summer Apparel,OLV,q1_25,0.0,0.0
EVT_816466,2026-07-30 17:26:13,CMP_103,B2B SaaS Trial,Display,impression,0.0058,0.0
EVT_483433,2026-07-30 07:40:58,CMP_103,B2B SaaS Trial,Display,impression,0.012,0.0
EVT_358683,2026-07-31 15:47:13,CMP_103,B2B SaaS Trial,Display,q1_25,0.0,0.0
EVT_448099,2026-07-29 03:30:49,CMP_102,Tech Gadgets Launch,CTV,q1_25,0.0,0.0
EVT_263426,2026-07-29 19:48:48,CMP_102,Tech Gadgets Launch,CTV,q1_25,0.0,0.0
EVT_315759,2026-07-29 18:35:45,CMP_103,B2B SaaS Trial,Display,impression,0.0146,0.0
EVT_161998,2026-07-29 04:40:44,CMP_101,Summer Apparel,OLV,q4_100,0.0,0.0
EVT_248270,2026-07-31 06:24:18,CMP_102,Tech Gadgets Launch,CTV,impression,0.0131,0.0
EVT_448829,2026-07-28 21:44:47,CMP_102,Tech Gadgets Launch,CTV,q3_75,0.0,0.0
EVT_703787,2026-07-30 15:44:50,CMP_103,B2B SaaS Trial,Display,q2_50,0.0,0.0
EVT_342144,2026-07-29 15:22:15,CMP_103,B2B SaaS Trial,Display,q1_25,0.0,0.0
EVT_812569,2026-07-29 10:34:44,CMP_101,Summer Apparel,OLV,q3_75,0.0,0.0
EVT_570267,2026-07-31 06:11:06,CMP_102,Tech Gadgets Launch,CTV,impression,0.0118,0.0
EVT_697551,2026-07-29 03:46:28,CMP_103,B2B SaaS Trial,Display,q1_25,0.0,0.0
EVT_402609,2026-07-31 15:05:22,CMP_102,Tech Gadgets Launch,CTV,q1_25,0.0,0.0
EVT_763915,2026-07-29 12:42:40,CMP_101,Summer Apparel,OLV,impression,0.01,0.0
EVT_315252,2026-07-30 04:20:52,CMP_103,B2B SaaS Trial,Display,impression,0.0034,0.0
EVT_256661,2026-07-30 00:03:19,CMP_101,Summer Apparel,OLV,q4_100,0.0,0.0
EVT_558327,2026-07-29 14:19:35,CMP_102,Tech Gadgets Launch,CTV,impression,0.0097,0.0
EVT_776080,2026-07-31 08:33:50,CMP_103,B2B SaaS Trial,Display,impression,0.0084,0.0
EVT_197993,2026-07-29 11:00:00,CMP_102,Tech Gadgets Launch,CTV,impression,0.0143,0.0
EVT_527294,2026-07-31 11:47:11,CMP_102,Tech Gadgets Launch,CTV,impression,0.0146,0.0
EVT_626593,2026-07-29 07:25:05,CMP_102,Tech Gadgets Launch,CTV,impression,0.0026,0.0
EVT_783317,2026-07-29 16:14:07,CMP_101,Summer Apparel,OLV,impression,0.0023,0.0
EVT_159529,2026-07-29 08:06:52,CMP_101,Summer Apparel,OLV,impression,0.009,0.0
EVT_963371,2026-07-29 06:53:39,CMP_103,B2B SaaS Trial,Display,impression,0.0056,0.0
EVT_236270,2026-07-31 14:49:02,CMP_103,B2B SaaS Trial,Display,impression,0.005,0.0
EVT_974721,2026-07-31 04:43:56,CMP_103,B2B SaaS Trial,Display,q1_25,0.0,0.0
EVT_486394,2026-07-30 05:38:36,CMP_102,Tech Gadgets Launch,CTV,q3_75,0.0,0.0
EVT_524026,2026-07-31 01:17:03,CMP_102,Tech Gadgets Launch,CTV,q2_50,0.0,0.0
EVT_366759,2026-07-29 12:30:21,CMP_101,Summer Apparel,OLV,q1_25,0.0,0.0
EVT_562847,2026-07-29 18:42:19,CMP_101,Summer Apparel,OLV,q1_25,0.0,0.0
EVT_591609,2026-07-30 08:17:45,CMP_103,B2B SaaS Trial,Display,q1_25,0.0,0.0
EVT_330323,2026-07-29 07:27:33,CMP_102,Tech Gadgets Launch,CTV,impression,0.0107,0.0
EVT_387382,2026-07-29 04:37:44,CMP_102,Tech Gadgets Launch,CTV,impression,0.0106,0.0
EVT_142102,2026-07-29 10:28:15,CMP_101,Summer Apparel,OLV,q1_25,0.0,0.0
EVT_413674,2026-07-31 01:26:30,CMP_101,Summer Apparel,OLV,q3_75,0.0,0.0
EVT_994229,2026-07-30 22:07:41,CMP_101,Summer Apparel,OLV,impression,0.0053,0.0
EVT_920613,2026-07-30 08:19:03,CMP_101,Summer Apparel,OLV,impression,0.0056,0.0
EVT_927629,2026-07-31 08:03:24,CMP_103,B2B SaaS Trial,Display,q3_75,0.0,0.0
EVT_491913,2026-07-29 06:30:44,CMP_101,Summer Apparel,OLV,impression,0.0068,0.0
EVT_103663,2026-07-30 09:50:43,CMP_103,B2B SaaS Trial,Display,impression,0.0117,0.0
EVT_516610,2026-07-30 07:05:09,CMP_101,Summer Apparel,OLV,impression,0.0082,0.0
EVT_841452,2026-07-31 02:44:15,CMP_101,Summer Apparel,OLV,q3_75,0.0,0.0
EVT_587082,2026-07-31 01:16:29,CMP_103,B2B SaaS Trial,Display,q3_75,0.0,0.0
EVT_172495,2026-07-30 08:37:45,CMP_101,Summer Apparel,OLV,impression,0.0092,0.0
EVT_650558,2026-07-29 07:38:57,CMP_103,B2B SaaS Trial,Display,impression,0.0073,0.0
EVT_838202,2026-07-29 00:19:07,CMP_103,B2B SaaS Trial,Display,q3_75,0.0,0.0
EVT_526770,2026-07-31 11:26:05,CMP_101,Summer Apparel,OLV,impression,0.0127,0.0
EVT_607104,2026-07-31 03:14:57,CMP_103,B2B SaaS Trial,Display,q3_75,0.0,0.0
EVT_930225,2026-07-29 16:27:35,CMP_103,B2B SaaS Trial,Display,impression,0.0147,0.0
EVT_380983,2026-07-31 12:10:48,CMP_102,Tech Gadgets Launch,CTV,q1_25,0.0,0.0
EVT_248538,2026-07-29 09:20:42,CMP_101,Summer Apparel,OLV,q3_75,0.0,0.0
EVT_928134,2026-07-30 16:50:21,CMP_102,Tech Gadgets Launch,CTV,q1_25,0.0,0.0
EVT_553075,2026-07-30 07:02:12,CMP_101,Summer Apparel,OLV,impression,0.0027,0.0
EVT_757176,2026-07-29 17:32:04,CMP_102,Tech Gadgets Launch,CTV,q1_25,0.0,0.0
EVT_480594,2026-07-31 20:21:16,CMP_103,B2B SaaS Trial,Display,impression,0.0071,0.0
EVT_734554,2026-07-30 02:14:15,CMP_102,Tech Gadgets Launch,CTV,impression,0.0065,0.0
EVT_518372,2026-07-31 01:47:47,CMP_102,Tech Gadgets Launch,CTV,impression,0.0091,0.0
EVT_511368,2026-07-29 00:07:23,CMP_101,Summer Apparel,OLV,impression,0.0051,0.0
EVT_114605,2026-07-29 05:45:38,CMP_103,B2B SaaS Trial,Display,impression,0.0091,0.0
EVT_323583,2026-07-30 08:59:29,CMP_103,B2B SaaS Trial,Display,q1_25,0.0,0.0
EVT_946380,2026-07-29 17:21:25,CMP_101,Summer Apparel,OLV,impression,0.0085,0.0
EVT_898966,2026-07-30 12:06:18,CMP_103,B2B SaaS Trial,Display,q2_50,0.0,0.0
EVT_684331,2026-07-29 16:17:05,CMP_103,B2B SaaS Trial,Display,q2_50,0.0,0.0
EVT_177026,2026-07-30 07:32:13,CMP_103,B2B SaaS Trial,Display,impression,0.003,0.0
EVT_597388,2026-07-29 23:01:08,CMP_102,Tech Gadgets Launch,CTV,impression,0.0107,0.0
EVT_610003,2026-07-30 17:36:43,CMP_101,Summer Apparel,OLV,impression,0.0035,0.0
EVT_303101,2026-07-29 11:01:52,CMP_101,Summer Apparel,OLV,impression,0.012,0.0
EVT_754530,2026-07-29 18:44:15,CMP_101,Summer Apparel,OLV,q2_50,0.0,0.0
EVT_679941,2026-07-29 09:18:45,CMP_101,Summer Apparel,OLV,q2_50,0.0,0.0
EVT_352047,2026-07-31 04:37:04,CMP_102,Tech Gadgets Launch,CTV,impression,0.0024,0.0
EVT_457080,2026-07-28 20:38:16,CMP_102,Tech Gadgets Launch,CTV,click,0.0,0.0
EVT_540361,2026-07-31 15:36:33,CMP_102,Tech Gadgets Launch,CTV,impression,0.0085,0.0
EVT_290863,2026-07-29 20:07:25,CMP_103,B2B SaaS Trial,Display,q2_50,0.0,0.0
EVT_338344,2026-07-31 17:23:37,CMP_102,Tech Gadgets Launch,CTV,q4_100,0.0,0.0
EVT_400754,2026-07-29 02:55:16,CMP_102,Tech Gadgets Launch,CTV,q1_25,0.0,0.0
EVT_234264,2026-07-30 21:48:58,CMP_102,Tech Gadgets Launch,CTV,q2_50,0.0,0.0
EVT_174125,2026-07-31 12:37:39,CMP_103,B2B SaaS Trial,Display,impression,0.0131,0.0
EVT_957510,2026-07-30 03:07:32,CMP_103,B2B SaaS Trial,Display,impression,0.0113,0.0
EVT_568013,2026-07-30 16:54:22,CMP_101,Summer Apparel,OLV,impression,0.0038,0.0
EVT_236262,2026-07-31 05:22:12,CMP_101,Summer Apparel,OLV,q3_75,0.0,0.0
EVT_672874,2026-07-29 20:15:27,CMP_101,Summer Apparel,OLV,impression,0.0099,0.0
EVT_256859,2026-07-31 13:14:15,CMP_103,B2B SaaS Trial,Display,impression,0.0136,0.0
EVT_560058,2026-07-30 19:47:54,CMP_102,Tech Gadgets Launch,CTV,q2_50,0.0,0.0
EVT_786389,2026-07-28 22:02:45,CMP_101,Summer Apparel,OLV,impression,0.0049,0.0
EVT_197084,2026-07-30 14:10:58,CMP_103,B2B SaaS Trial,Display,q2_50,0.0,0.0
EVT_672116,2026-07-29 22:35:06,CMP_101,Summer Apparel,OLV,impression,0.012,0.0
EVT_226325,2026-07-30 02:06:49,CMP_103,B2B SaaS Trial,Display,impression,0.0083,0.0
EVT_572504,2026-07-29 09:12:54,CMP_101,Summer Apparel,OLV,q2_50,0.0,0.0
EVT_220083,2026-07-31 06:51:07,CMP_102,Tech Gadgets Launch,CTV,impression,0.0142,0.0
EVT_484115,2026-07-31 16:02:24,CMP_102,Tech Gadgets Launch,CTV,impression,0.0144,0.0
EVT_608932,2026-07-30 03:36:59,CMP_102,Tech Gadgets Launch,CTV,impression,0.0036,0.0
EVT_868240,2026-07-29 11:14:47,CMP_102,Tech Gadgets Launch,CTV,impression,0.0053,0.0
EVT_630369,2026-07-29 04:09:15,CMP_103,B2B SaaS Trial,Display,q4_100,0.0,0.0
EVT_781912,2026-07-30 03:58:13,CMP_101,Summer Apparel,OLV,impression,0.0044,0.0
EVT_718399,2026-07-31 13:15:18,CMP_101,Summer Apparel,OLV,q3_75,0.0,0.0
EVT_292101,2026-07-29 20:57:49,CMP_101,Summer Apparel,OLV,impression,0.002,0.0
EVT_663436,2026-07-31 13:22:10,CMP_102,Tech Gadgets Launch,CTV,impression,0.0133,0.0
EVT_793948,2026-07-29 13:12:00,CMP_101,Summer Apparel,OLV,impression,0.0068,0.0
EVT_358030,2026-07-30 09:26:27,CMP_102,Tech Gadgets Launch,CTV,q3_75,0.0,0.0
EVT_981779,2026-07-30 20:37:57,CMP_102,Tech Gadgets Launch,CTV,impression,0.0108,0.0
EVT_726429,2026-07-30 16:03:20,CMP_102,Tech Gadgets Launch,CTV,impression,0.0027,0.0
EVT_236630,2026-07-29 18:47:26,CMP_103,B2B SaaS Trial,Display,q1_25,0.0,0.0
EVT_616138,2026-07-31 14:21:03,CMP_103,B2B SaaS Trial,Display,q2_50,0.0,0.0
EVT_524372,2026-07-30 23:59:12,CMP_101,Summer Apparel,OLV,q3_75,0.0,0.0
EVT_618986,2026-07-30 03:32:42,CMP_101,Summer Apparel,OLV,impression,0.0145,0.0
EVT_565055,2026-07-30 10:08:30,CMP_103,B2B SaaS Trial,Display,impression,0.0093,0.0
EVT_779332,2026-07-31 10:43:47,CMP_101,Summer Apparel,OLV,impression,0.0047,0.0
EVT_449911,2026-07-30 22:07:13,CMP_103,B2B SaaS Trial,Display,impression,0.0028,0.0
EVT_363387,2026-07-30 18:42:33,CMP_101,Summer Apparel,OLV,q1_25,0.0,0.0
EVT_376573,2026-07-29 03:26:44,CMP_102,Tech Gadgets Launch,CTV,impression,0.0061,0.0
EVT_748203,2026-07-29 22:12:49,CMP_102,Tech Gadgets Launch,CTV,impression,0.0131,0.0
EVT_159303,2026-07-29 19:56:06,CMP_102,Tech Gadgets Launch,CTV,q2_50,0.0,0.0
EVT_877585,2026-07-29 20:36:26,CMP_102,Tech Gadgets Launch,CTV,q1_25,0.0,0.0
EVT_688121,2026-07-29 21:39:51,CMP_102,Tech Gadgets Launch,CTV,q2_50,0.0,0.0
EVT_116421,2026-07-29 06:50:53,CMP_103,B2B SaaS Trial,Display,q1_25,0.0,0.0
EVT_389186,2026-07-29 23:12:52,CMP_103,B2B SaaS Trial,Display,q2_50,0.0,0.0
EVT_385384,2026-07-28 23:40:52,CMP_102,Tech Gadgets Launch,CTV,impression,0.0122,0.0
EVT_808266,2026-07-31 12:59:37,CMP_102,Tech Gadgets Launch,CTV,impression,0.0146,0.0
EVT_540278,2026-07-29 15:26:32,CMP_103,B2B SaaS Trial,Display,impression,0.0128,0.0
EVT_847344,2026-07-30 22:13:24,CMP_103,B2B SaaS Trial,Display,impression,0.0132,0.0
EVT_208616,2026-07-31 07:05:32,CMP_102,Tech Gadgets Launch,CTV,q1_25,0.0,0.0
EVT_716532,2026-07-29 08:48:29,CMP_103,B2B SaaS Trial,Display,q3_75,0.0,0.0
EVT_431287,2026-07-30 13:04:07,CMP_101,Summer Apparel,OLV,q1_25,0.0,0.0
EVT_590525,2026-07-29 01:01:22,CMP_102,Tech Gadgets Launch,CTV,impression,0.0136,0.0
EVT_742976,2026-07-29 22:25:39,CMP_103,B2B SaaS Trial,Display,q1_25,0.0,0.0
EVT_804457,2026-07-30 01:22:14,CMP_102,Tech Gadgets Launch,CTV,impression,0.0102,0.0
EVT_414556,2026-07-30 04:15:06,CMP_103,B2B SaaS Trial,Display,impression,0.0148,0.0
EVT_729881,2026-07-30 11:58:57,CMP_102,Tech Gadgets Launch,CTV,impression,0.0091,0.0
EVT_261645,2026-07-31 18:11:45,CMP_103,B2B SaaS Trial,Display,q4_100,0.0,0.0
EVT_976822,2026-07-30 11:46:34,CMP_102,Tech Gadgets Launch,CTV,impression,0.0081,0.0
EVT_647677,2026-07-30 10:25:46,CMP_102,Tech Gadgets Launch,CTV,q1_25,0.0,0.0
EVT_760520,2026-07-30 01:35:36,CMP_102,Tech Gadgets Launch,CTV,impression,0.0049,0.0
EVT_885549,2026-07-31 06:39:07,CMP_101,Summer Apparel,OLV,impression,0.0062,0.0
EVT_845715,2026-07-29 13:40:19,CMP_102,Tech Gadgets Launch,CTV,q1_25,0.0,0.0
EVT_846209,2026-07-28 21:44:16,CMP_101,Summer Apparel,OLV,impression,0.0059,0.0
EVT_541095,2026-07-31 14:58:47,CMP_102,Tech Gadgets Launch,CTV,q1_25,0.0,0.0
EVT_678423,2026-07-29 15:37:52,CMP_101,Summer Apparel,OLV,impression,0.0045,0.0
EVT_708854,2026-07-28 22:12:51,CMP_102,Tech Gadgets Launch,CTV,q1_25,0.0,0.0
EVT_797936,2026-07-31 11:01:37,CMP_103,B2B SaaS Trial,Display,q1_25,0.0,0.0
EVT_250737,2026-07-30 21:05:04,CMP_101,Summer Apparel,OLV,impression,0.0137,0.0
EVT_818742,2026-07-29 23:19:35,CMP_103,B2B SaaS Trial,Display,impression,0.0021,0.0
EVT_749483,2026-07-29 17:18:34,CMP_103,B2B SaaS Trial,Display,impression,0.0026,0.0
EVT_499442,2026-07-30 21:29:50,CMP_103,B2B SaaS Trial,Display,impression,0.0108,0.0
EVT_433934,2026-07-31 18:59:14,CMP_102,Tech Gadgets Launch,CTV,impression,0.0023,0.0
EVT_443733,2026-07-31 02:11:29,CMP_101,Summer Apparel,OLV,q1_25,0.0,0.0
EVT_916192,2026-07-29 04:43:32,CMP_103,B2B SaaS Trial,Display,q1_25,0.0,0.0
EVT_788659,2026-07-29 20:13:43,CMP_101,Summer Apparel,OLV,impression,0.0089,0.0
EVT_530996,2026-07-30 16:00:22,CMP_101,Summer Apparel,OLV,impression,0.0082,0.0
EVT_987665,2026-07-30 16:22:56,CMP_102,Tech Gadgets Launch,CTV,impression,0.0047,0.0
EVT_651753,2026-07-29 06:47:15,CMP_102,Tech Gadgets Launch,CTV,impression,0.0119,0.0
EVT_296960,2026-07-29 20:58:59,CMP_102,Tech Gadgets Launch,CTV,q3_75,0.0,0.0
EVT_507060,2026-07-31 17:55:24,CMP_101,Summer Apparel,OLV,q1_25,0.0,0.0
EVT_391182,2026-07-30 02:52:16,CMP_103,B2B SaaS Trial,Display,q3_75,0.0,0.0
EVT_206966,2026-07-30 01:22:57,CMP_101,Summer Apparel,OLV,q2_50,0.0,0.0
EVT_558516,2026-07-29 02:23:26,CMP_102,Tech Gadgets Launch,CTV,impression,0.0108,0.0
EVT_861718,2026-07-31 10:20:00,CMP_101,Summer Apparel,OLV,impression,0.0095,0.0
EVT_548115,2026-07-29 01:28:22,CMP_102,Tech Gadgets Launch,CTV,q1_25,0.0,0.0
EVT_352033,2026-07-30 16:01:26,CMP_101,Summer Apparel,OLV,q1_25,0.0,0.0
EVT_207999,2026-07-30 06:30:59,CMP_101,Summer Apparel,OLV,q1_25,0.0,0.0
EVT_948658,2026-07-31 19:32:31,CMP_103,B2B SaaS Trial,Display,q2_50,0.0,0.0
EVT_471083,2026-07-30 14:57:26,CMP_102,Tech Gadgets Launch,CTV,impression,0.0138,0.0
EVT_385275,2026-07-31 04:02:34,CMP_103,B2B SaaS Trial,Display,impression,0.0022,0.0
EVT_804959,2026-07-29 05:30:11,CMP_102,Tech Gadgets Launch,CTV,impression,0.0103,0.0
EVT_325281,2026-07-30 06:06:49,CMP_102,Tech Gadgets Launch,CTV,impression,0.0074,0.0
EVT_519358,2026-07-31 01:30:45,CMP_103,B2B SaaS Trial,Display,impression,0.0089,0.0
EVT_539454,2026-07-29 21:39:42,CMP_103,B2B SaaS Trial,Display,conversion,0.0,59.61
EVT_114452,2026-07-28 21:06:31,CMP_103,B2B SaaS Trial,Display,q3_75,0.0,0.0
EVT_839165,2026-07-31 11:14:10,CMP_103,B2B SaaS Trial,Display,q2_50,0.0,0.0
EVT_878071,2026-07-31 01:38:13,CMP_101,Summer Apparel,OLV,q3_75,0.0,0.0
EVT_319121,2026-07-30 23:06:10,CMP_101,Summer Apparel,OLV,q2_50,0.0,0.0
EVT_718027,2026-07-31 18:21:34,CMP_103,B2B SaaS Trial,Display,q1_25,0.0,0.0
EVT_366493,2026-07-30 01:06:20,CMP_102,Tech Gadgets Launch,CTV,click,0.0,0.0
EVT_623616,2026-07-31 12:16:03,CMP_101,Summer Apparel,OLV,q4_100,0.0,0.0
EVT_471985,2026-07-29 13:37:14,CMP_101,Summer Apparel,OLV,q2_50,0.0,0.0
EVT_202479,2026-07-29 06:08:55,CMP_103,B2B SaaS Trial,Display,q1_25,0.0,0.0
EVT_326973,2026-07-29 16:33:28,CMP_101,Summer Apparel,OLV,q2_50,0.0,0.0
EVT_534683,2026-07-30 16:17:12,CMP_103,B2B SaaS Trial,Display,impression,0.0059,0.0
EVT_557260,2026-07-29 00:30:49,CMP_103,B2B SaaS Trial,Display,impression,0.0092,0.0
EVT_806995,2026-07-29 18:47:46,CMP_102,Tech Gadgets Launch,CTV,impression,0.0104,0.0
EVT_760795,2026-07-30 06:16:27,CMP_102,Tech Gadgets Launch,CTV,q2_50,0.0,0.0
EVT_761631,2026-07-29 18:23:10,CMP_102,Tech Gadgets Launch,CTV,impression,0.0106,0.0
EVT_180854,2026-07-31 10:31:42,CMP_101,Summer Apparel,OLV,impression,0.0094,0.0
EVT_647448,2026-07-30 09:05:15,CMP_101,Summer Apparel,OLV,impression,0.0089,0.0
EVT_390227,2026-07-29 22:10:22,CMP_101,Summer Apparel,OLV,q1_25,0.0,0.0
EVT_552862,2026-07-31 11:00:55,CMP_103,B2B SaaS Trial,Display,impression,0.0049,0.0
EVT_369594,2026-07-29 00:14:03,CMP_101,Summer Apparel,OLV,q2_50,0.0,0.0
EVT_741824,2026-07-29 12:26:09,CMP_102,Tech Gadgets Launch,CTV,impression,0.005,0.0
EVT_572507,2026-07-31 13:06:37,CMP_102,Tech Gadgets Launch,CTV,q1_25,0.0,0.0
EVT_549151,2026-07-31 11:19:59,CMP_103,B2B SaaS Trial,Display,impression,0.0102,0.0
EVT_129475,2026-07-30 11:53:10,CMP_102,Tech Gadgets Launch,CTV,q2_50,0.0,0.0
EVT_915544,2026-07-31 07:12:05,CMP_101,Summer Apparel,OLV,impression,0.0142,0.0
EVT_784868,2026-07-31 19:05:29,CMP_102,Tech Gadgets Launch,CTV,q1_25,0.0,0.0
EVT_972935,2026-07-29 06:43:49,CMP_102,Tech Gadgets Launch,CTV,q3_75,0.0,0.0
EVT_981692,2026-07-30 04:11:31,CMP_103,B2B SaaS Trial,Display,impression,0.0094,0.0
EVT_362650,2026-07-30 15:38:44,CMP_101,Summer Apparel,OLV,q1_25,0.0,0.0
EVT_575308,2026-07-31 02:02:36,CMP_101,Summer Apparel,OLV,impression,0.0028,0.0
EVT_214183,2026-07-29 11:02:02,CMP_102,Tech Gadgets Launch,CTV,q1_25,0.0,0.0
EVT_163743,2026-07-30 06:54:56,CMP_102,Tech Gadgets Launch,CTV,click,0.0,0.0
EVT_415024,2026-07-31 17:48:07,CMP_101,Summer Apparel,OLV,impression,0.0114,0.0
EVT_424602,2026-07-29 02:07:00,CMP_101,Summer Apparel,OLV,q1_25,0.0,0.0
EVT_795128,2026-07-31 14:33:35,CMP_102,Tech Gadgets Launch,CTV,impression,0.0041,0.0
EVT_167423,2026-07-29 11:04:29,CMP_102,Tech Gadgets Launch,CTV,impression,0.0032,0.0
EVT_924841,2026-07-29 15:15:24,CMP_102,Tech Gadgets Launch,CTV,impression,0.0103,0.0
EVT_778249,2026-07-31 12:40:55,CMP_101,Summer Apparel,OLV,click,0.0,0.0
EVT_420024,2026-07-31 02:45:19,CMP_101,Summer Apparel,OLV,q2_50,0.0,0.0
EVT_416940,2026-07-31 20:24:43,CMP_103,B2B SaaS Trial,Display,impression,0.0115,0.0
EVT_664180,2026-07-31 04:46:11,CMP_103,B2B SaaS Trial,Display,q3_75,0.0,0.0
EVT_773196,2026-07-30 01:17:23,CMP_102,Tech Gadgets Launch,CTV,impression,0.0127,0.0
EVT_819185,2026-07-29 12:11:21,CMP_101,Summer Apparel,OLV,impression,0.0034,0.0
EVT_728869,2026-07-30 14:05:27,CMP_103,B2B SaaS Trial,Display,q1_25,0.0,0.0
EVT_370176,2026-07-31 14:56:07,CMP_102,Tech Gadgets Launch,CTV,impression,0.0126,0.0
EVT_932239,2026-07-31 16:26:41,CMP_103,B2B SaaS Trial,Display,impression,0.0133,0.0
EVT_423775,2026-07-28 22:05:06,CMP_102,Tech Gadgets Launch,CTV,impression,0.0046,0.0
EVT_331964,2026-07-31 14:05:34,CMP_102,Tech Gadgets Launch,CTV,q2_50,0.0,0.0
EVT_740044,2026-07-30 20:03:21,CMP_101,Summer Apparel,OLV,q1_25,0.0,0.0
EVT_978525,2026-07-30 14:15:10,CMP_102,Tech Gadgets Launch,CTV,q1_25,0.0,0.0
EVT_872360,2026-07-28 21:25:36,CMP_102,Tech Gadgets Launch,CTV,impression,0.0035,0.0
EVT_169826,2026-07-28 23:50:21,CMP_103,B2B SaaS Trial,Display,impression,0.0132,0.0
EVT_799399,2026-07-31 08:49:41,CMP_102,Tech Gadgets Launch,CTV,q1_25,0.0,0.0
EVT_619296,2026-07-29 15:31:28,CMP_103,B2B SaaS Trial,Display,impression,0.0077,0.0
EVT_107532,2026-07-29 10:53:43,CMP_102,Tech Gadgets Launch,CTV,q1_25,0.0,0.0
EVT_965040,2026-07-28 23:18:12,CMP_102,Tech Gadgets Launch,CTV,q1_25,0.0,0.0
EVT_182052,2026-07-29 17:51:09,CMP_102,Tech Gadgets Launch,CTV,impression,0.0038,0.0
EVT_450412,2026-07-31 17:31:36,CMP_102,Tech Gadgets Launch,CTV,impression,0.0046,0.0
EVT_664101,2026-07-30 01:23:53,CMP_101,Summer Apparel,OLV,impression,0.012,0.0
EVT_341930,2026-07-30 15:08:50,CMP_101,Summer Apparel,OLV,q3_75,0.0,0.0
EVT_958911,2026-07-29 03:33:15,CMP_102,Tech Gadgets Launch,CTV,q1_25,0.0,0.0
EVT_473094,2026-07-30 01:05:28,CMP_101,Summer Apparel,OLV,impression,0.0112,0.0
EVT_754294,2026-07-29 09:12:15,CMP_101,Summer Apparel,OLV,q1_25,0.0,0.0
EVT_692580,2026-07-30 08:27:11,CMP_102,Tech Gadgets Launch,CTV,q1_25,0.0,0.0
EVT_635420,2026-07-30 00:07:48,CMP_101,Summer Apparel,OLV,impression,0.0141,0.0
EVT_862884,2026-07-30 15:48:30,CMP_102,Tech Gadgets Launch,CTV,impression,0.012,0.0
EVT_589960,2026-07-30 18:29:03,CMP_103,B2B SaaS Trial,Display,q1_25,0.0,0.0
EVT_727259,2026-07-29 08:04:15,CMP_101,Summer Apparel,OLV,impression,0.0088,0.0
EVT_621705,2026-07-30 04:55:00,CMP_102,Tech Gadgets Launch,CTV,impression,0.0039,0.0
EVT_120011,2026-07-30 12:20:46,CMP_102,Tech Gadgets Launch,CTV,impression,0.0049,0.0
EVT_941270,2026-07-29 12:59:01,CMP_101,Summer Apparel,OLV,impression,0.0028,0.0
EVT_534298,2026-07-29 12:05:14,CMP_101,Summer Apparel,OLV,impression,0.0113,0.0
EVT_433904,2026-07-29 06:47:48,CMP_102,Tech Gadgets Launch,CTV,q2_50,0.0,0.0
EVT_269507,2026-07-28 21:11:02,CMP_101,Summer Apparel,OLV,q1_25,0.0,0.0
EVT_270928,2026-07-31 00:30:01,CMP_103,B2B SaaS Trial,Display,impression,0.0044,0.0
EVT_277578,2026-07-31 13:33:24,CMP_102,Tech Gadgets Launch,CTV,impression,0.0129,0.0
EVT_983266,2026-07-31 11:58:21,CMP_103,B2B SaaS Trial,Display,impression,0.0147,0.0
EVT_874963,2026-07-29 07:38:39,CMP_101,Summer Apparel,OLV,q1_25,0.0,0.0
EVT_432665,2026-07-29 14:26:42,CMP_102,Tech Gadgets Launch,CTV,impression,0.0132,0.0
EVT_870565,2026-07-31 05:44:41,CMP_101,Summer Apparel,OLV,q1_25,0.0,0.0
EVT_882505,2026-07-31 19:33:07,CMP_102,Tech Gadgets Launch,CTV,impression,0.0058,0.0
EVT_200754,2026-07-30 14:53:30,CMP_101,Summer Apparel,OLV,q1_25,0.0,0.0
EVT_503147,2026-07-28 22:00:09,CMP_102,Tech Gadgets Launch,CTV,impression,0.0132,0.0
EVT_831745,2026-07-29 15:17:38,CMP_102,Tech Gadgets Launch,CTV,impression,0.0044,0.0
EVT_428277,2026-07-29 03:52:37,CMP_102,Tech Gadgets Launch,CTV,q3_75,0.0,0.0
EVT_179719,2026-07-30 04:36:18,CMP_101,Summer Apparel,OLV,q1_25,0.0,0.0
EVT_566168,2026-07-30 17:25:54,CMP_102,Tech Gadgets Launch,CTV,q1_25,0.0,0.0
EVT_496587,2026-07-29 12:59:43,CMP_102,Tech Gadgets Launch,CTV,conversion,0.0,71.68
EVT_757047,2026-07-31 15:27:03,CMP_102,Tech Gadgets Launch,CTV,q1_25,0.0,0.0
EVT_985308,2026-07-30 04:19:33,CMP_101,Summer Apparel,OLV,q2_50,0.0,0.0
EVT_358879,2026-07-31 12:19:45,CMP_101,Summer Apparel,OLV,impression,0.0047,0.0
EVT_713362,2026-07-29 10:34:49,CMP_102,Tech Gadgets Launch,CTV,q1_25,0.0,0.0
EVT_564116,2026-07-30 16:49:17,CMP_101,Summer Apparel,OLV,impression,0.0042,0.0
EVT_616559,2026-07-30 18:22:04,CMP_102,Tech Gadgets Launch,CTV,impression,0.0116,0.0
EVT_907047,2026-07-31 10:38:23,CMP_103,B2B SaaS Trial,Display,impression,0.0083,0.0
EVT_408959,2026-07-29 19:02:15,CMP_101,Summer Apparel,OLV,impression,0.013,0.0
EVT_321260,2026-07-31 12:27:52,CMP_102,Tech Gadgets Launch,CTV,impression,0.0094,0.0
EVT_872243,2026-07-30 19:24:15,CMP_102,Tech Gadgets Launch,CTV,impression,0.0101,0.0
EVT_150403,2026-07-30 15:59:15,CMP_103,B2B SaaS Trial,Display,impression,0.0048,0.0
EVT_490351,2026-07-30 19:03:44,CMP_101,Summer Apparel,OLV,impression,0.0147,0.0
EVT_241289,2026-07-31 11:52:46,CMP_103,B2B SaaS Trial,Display,q2_50,0.0,0.0
EVT_557575,2026-07-30 03:46:41,CMP_101,Summer Apparel,OLV,q3_75,0.0,0.0
EVT_528805,2026-07-29 00:41:46,CMP_101,Summer Apparel,OLV,q3_75,0.0,0.0
EVT_441740,2026-07-30 14:51:34,CMP_101,Summer Apparel,OLV,q1_25,0.0,0.0
EVT_551417,2026-07-31 09:40:52,CMP_101,Summer Apparel,OLV,q2_50,0.0,0.0
EVT_229860,2026-07-29 18:03:50,CMP_102,Tech Gadgets Launch,CTV,impression,0.0131,0.0
EVT_430437,2026-07-30 15:05:28,CMP_101,Summer Apparel,OLV,impression,0.0087,0.0
EVT_695983,2026-07-29 14:06:17,CMP_102,Tech Gadgets Launch,CTV,impression,0.0092,0.0
EVT_100922,2026-07-31 05:28:35,CMP_102,Tech Gadgets Launch,CTV,q1_25,0.0,0.0
EVT_387227,2026-07-29 09:14:57,CMP_102,Tech Gadgets Launch,CTV,impression,0.0048,0.0
EVT_717628,2026-07-29 16:58:21,CMP_101,Summer Apparel,OLV,impression,0.0089,0.0
EVT_494639,2026-07-29 09:57:10,CMP_103,B2B SaaS Trial,Display,impression,0.0027,0.0
EVT_202137,2026-07-31 03:09:54,CMP_103,B2B SaaS Trial,Display,impression,0.0142,0.0
EVT_626243,2026-07-30 16:48:55,CMP_102,Tech Gadgets Launch,CTV,impression,0.0132,0.0
EVT_143739,2026-07-31 19:33:28,CMP_103,B2B SaaS Trial,Display,q2_50,0.0,0.0
EVT_143512,2026-07-31 13:56:51,CMP_103,B2B SaaS Trial,Display,impression,0.0052,0.0
EVT_154248,2026-07-30 04:31:48,CMP_102,Tech Gadgets Launch,CTV,impression,0.0038,0.0
EVT_759563,2026-07-31 09:08:35,CMP_102,Tech Gadgets Launch,CTV,impression,0.0116,0.0
EVT_498301,2026-07-30 21:10:10,CMP_103,B2B SaaS Trial,Display,q1_25,0.0,0.0
EVT_191414,2026-07-31 18:08:50,CMP_102,Tech Gadgets Launch,CTV,impression,0.0026,0.0
EVT_836375,2026-07-28 22:41:56,CMP_102,Tech Gadgets Launch,CTV,impression,0.0022,0.0
EVT_368842,2026-07-30 03:09:37,CMP_103,B2B SaaS Trial,Display,q3_75,0.0,0.0
EVT_120555,2026-07-31 00:38:31,CMP_102,Tech Gadgets Launch,CTV,impression,0.0113,0.0
EVT_367529,2026-07-30 03:11:31,CMP_102,Tech Gadgets Launch,CTV,impression,0.0036,0.0
EVT_719779,2026-07-30 02:15:42,CMP_101,Summer Apparel,OLV,impression,0.0032,0.0
EVT_637502,2026-07-28 23:03:56,CMP_102,Tech Gadgets Launch,CTV,impression,0.0119,0.0
EVT_131276,2026-07-31 04:10:03,CMP_103,B2B SaaS Trial,Display,impression,0.0103,0.0
EVT_432755,2026-07-29 11:15:33,CMP_103,B2B SaaS Trial,Display,q4_100,0.0,0.0
EVT_164844,2026-07-30 11:41:52,CMP_101,Summer Apparel,OLV,impression,0.0083,0.0
EVT_238007,2026-07-29 16:58:18,CMP_102,Tech Gadgets Launch,CTV,impression,0.0118,0.0
EVT_684681,2026-07-31 16:47:15,CMP_102,Tech Gadgets Launch,CTV,q1_25,0.0,0.0
EVT_942736,2026-07-31 19:36:01,CMP_101,Summer Apparel,OLV,q2_50,0.0,0.0
EVT_249614,2026-07-29 09:49:08,CMP_102,Tech Gadgets Launch,CTV,q1_25,0.0,0.0
EVT_886762,2026-07-30 19:41:05,CMP_103,B2B SaaS Trial,Display,q1_25,0.0,0.0
EVT_565789,2026-07-31 12:43:27,CMP_101,Summer Apparel,OLV,impression,0.0085,0.0
EVT_637301,2026-07-29 08:04:17,CMP_102,Tech Gadgets Launch,CTV,impression,0.0081,0.0
EVT_365030,2026-07-29 07:27:24,CMP_101,Summer Apparel,OLV,impression,0.0052,0.0
EVT_734697,2026-07-29 22:20:43,CMP_103,B2B SaaS Trial,Display,impression,0.0063,0.0
EVT_965341,2026-07-29 09:02:30,CMP_103,B2B SaaS Trial,Display,impression,0.0111,0.0
EVT_683790,2026-07-31 00:55:34,CMP_102,Tech Gadgets Launch,CTV,impression,0.0074,0.0
EVT_295311,2026-07-31 20:14:12,CMP_103,B2B SaaS Trial,Display,click,0.0,0.0
EVT_534316,2026-07-28 21:14:56,CMP_101,Summer Apparel,OLV,q3_75,0.0,0.0
EVT_385758,2026-07-30 07:13:37,CMP_101,Summer Apparel,OLV,q2_50,0.0,0.0
EVT_630337,2026-07-31 10:35:28,CMP_103,B2B SaaS Trial,Display,impression,0.0132,0.0
EVT_987903,2026-07-29 00:06:00,CMP_102,Tech Gadgets Launch,CTV,q3_75,0.0,0.0
EVT_765740,2026-07-30 11:10:44,CMP_103,B2B SaaS Trial,Display,click,0.0,0.0
EVT_392358,2026-07-29 06:18:08,CMP_101,Summer Apparel,OLV,q3_75,0.0,0.0
EVT_974086,2026-07-29 06:33:28,CMP_103,B2B SaaS Trial,Display,impression,0.0062,0.0
EVT_970857,2026-07-31 14:18:59,CMP_101,Summer Apparel,OLV,q4_100,0.0,0.0
EVT_958313,2026-07-29 17:07:47,CMP_103,B2B SaaS Trial,Display,impression,0.0126,0.0
EVT_567167,2026-07-29 10:57:34,CMP_101,Summer Apparel,OLV,q3_75,0.0,0.0
EVT_439139,2026-07-30 18:14:49,CMP_103,B2B SaaS Trial,Display,impression,0.0031,0.0
EVT_579932,2026-07-30 08:08:57,CMP_101,Summer Apparel,OLV,impression,0.0106,0.0
EVT_779869,2026-07-30 00:18:09,CMP_102,Tech Gadgets Launch,CTV,impression,0.0034,0.0
EVT_541370,2026-07-30 23:51:45,CMP_101,Summer Apparel,OLV,q2_50,0.0,0.0
EVT_606918,2026-07-29 01:59:15,CMP_102,Tech Gadgets Launch,CTV,impression,0.0138,0.0
EVT_755797,2026-07-28 23:28:56,CMP_101,Summer Apparel,OLV,q4_100,0.0,0.0
EVT_138648,2026-07-29 15:37:19,CMP_103,B2B SaaS Trial,Display,q1_25,0.0,0.0
EVT_692235,2026-07-31 02:00:40,CMP_102,Tech Gadgets Launch,CTV,q3_75,0.0,0.0
EVT_782779,2026-07-31 06:37:52,CMP_102,Tech Gadgets Launch,CTV,impression,0.0028,0.0
EVT_817232,2026-07-31 09:45:38,CMP_103,B2B SaaS Trial,Display,impression,0.0121,0.0
EVT_536598,2026-07-29 19:11:21,CMP_103,B2B SaaS Trial,Display,q2_50,0.0,0.0
EVT_399267,2026-07-31 17:30:13,CMP_102,Tech Gadgets Launch,CTV,impression,0.0056,0.0
EVT_197182,2026-07-29 11:47:08,CMP_103,B2B SaaS Trial,Display,conversion,0.0,77.16
EVT_480456,2026-07-30 23:31:02,CMP_102,Tech Gadgets Launch,CTV,impression,0.0045,0.0
EVT_279750,2026-07-31 05:59:29,CMP_101,Summer Apparel,OLV,q1_25,0.0,0.0
EVT_967339,2026-07-29 07:53:57,CMP_102,Tech Gadgets Launch,CTV,impression,0.004,0.0
EVT_156645,2026-07-31 20:37:21,CMP_102,Tech Gadgets Launch,CTV,impression,0.0092,0.0
EVT_962104,2026-07-30 01:38:59,CMP_103,B2B SaaS Trial,Display,impression,0.0111,0.0
EVT_269184,2026-07-30 00:15:35,CMP_101,Summer Apparel,OLV,q1_25,0.0,0.0
EVT_696457,2026-07-29 22:57:38,CMP_101,Summer Apparel,OLV,impression,0.006,0.0
EVT_238540,2026-07-30 21:35:46,CMP_101,Summer Apparel,OLV,q1_25,0.0,0.0
EVT_454675,2026-07-31 00:54:40,CMP_103,B2B SaaS Trial,Display,q1_25,0.0,0.0
EVT_647379,2026-07-31 15:10:58,CMP_101,Summer Apparel,OLV,impression,0.0033,0.0
EVT_968198,2026-07-29 03:35:27,CMP_103,B2B SaaS Trial,Display,q1_25,0.0,0.0
EVT_755371,2026-07-30 09:43:54,CMP_101,Summer Apparel,OLV,q3_75,0.0,0.0
EVT_348444,2026-07-31 05:48:04,CMP_101,Summer Apparel,OLV,impression,0.0023,0.0
EVT_966203,2026-07-31 17:03:43,CMP_103,B2B SaaS Trial,Display,impression,0.0025,0.0
EVT_394756,2026-07-30 17:43:59,CMP_101,Summer Apparel,OLV,impression,0.0043,0.0
EVT_488781,2026-07-29 20:48:35,CMP_101,Summer Apparel,OLV,q2_50,0.0,0.0
EVT_983212,2026-07-30 04:18:18,CMP_101,Summer Apparel,OLV,click,0.0,0.0
EVT_557262,2026-07-31 12:46:14,CMP_102,Tech Gadgets Launch,CTV,q1_25,0.0,0.0
EVT_466702,2026-07-31 00:43:04,CMP_103,B2B SaaS Trial,Display,q2_50,0.0,0.0
EVT_339294,2026-07-29 22:00:08,CMP_103,B2B SaaS Trial,Display,impression,0.0028,0.0
EVT_479684,2026-07-30 22:34:50,CMP_103,B2B SaaS Trial,Display,q3_75,0.0,0.0
EVT_455163,2026-07-29 11:13:56,CMP_101,Summer Apparel,OLV,q3_75,0.0,0.0
EVT_476954,2026-07-29 03:39:21,CMP_101,Summer Apparel,OLV,impression,0.0082,0.0
EVT_433448,2026-07-30 01:47:18,CMP_102,Tech Gadgets Launch,CTV,impression,0.0026,0.0
EVT_531575,2026-07-31 18:36:03,CMP_101,Summer Apparel,OLV,impression,0.0143,0.0
EVT_702829,2026-07-29 19:53:22,CMP_102,Tech Gadgets Launch,CTV,impression,0.0091,0.0
EVT_369010,2026-07-31 10:25:30,CMP_103,B2B SaaS Trial,Display,impression,0.012,0.0
EVT_698463,2026-07-31 01:37:43,CMP_102,Tech Gadgets Launch,CTV,impression,0.0071,0.0
EVT_814141,2026-07-30 20:23:44,CMP_101,Summer Apparel,OLV,q1_25,0.0,0.0
EVT_815314,2026-07-30 01:10:55,CMP_103,B2B SaaS Trial,Display,impression,0.0023,0.0
EVT_861744,2026-07-30 12:35:02,CMP_101,Summer Apparel,OLV,impression,0.0039,0.0
EVT_239121,2026-07-30 06:24:14,CMP_101,Summer Apparel,OLV,click,0.0,0.0
EVT_651981,2026-07-30 00:24:19,CMP_102,Tech Gadgets Launch,CTV,impression,0.0093,0.0
EVT_633274,2026-07-29 04:45:37,CMP_103,B2B SaaS Trial,Display,q1_25,0.0,0.0
EVT_197467,2026-07-30 01:34:53,CMP_102,Tech Gadgets Launch,CTV,q2_50,0.0,0.0
EVT_206478,2026-07-31 09:31:24,CMP_101,Summer Apparel,OLV,q2_50,0.0,0.0
EVT_984689,2026-07-31 07:06:10,CMP_103,B2B SaaS Trial,Display,impression,0.0053,0.0
EVT_866563,2026-07-29 18:42:37,CMP_103,B2B SaaS Trial,Display,impression,0.0076,0.0
EVT_905214,2026-07-29 12:07:20,CMP_103,B2B SaaS Trial,Display,impression,0.0022,0.0
EVT_290821,2026-07-31 10:46:41,CMP_103,B2B SaaS Trial,Display,q2_50,0.0,0.0
EVT_219437,2026-07-31 13:45:22,CMP_101,Summer Apparel,OLV,impression,0.0093,0.0
EVT_138225,2026-07-29 22:16:38,CMP_103,B2B SaaS Trial,Display,impression,0.0084,0.0
EVT_891977,2026-07-30 04:25:36,CMP_101,Summer Apparel,OLV,q3_75,0.0,0.0
EVT_589569,2026-07-31 10:11:21,CMP_101,Summer Apparel,OLV,impression,0.0107,0.0
EVT_739060,2026-07-29 23:16:32,CMP_103,B2B SaaS Trial,Display,impression,0.0021,0.0
EVT_378583,2026-07-31 12:34:50,CMP_101,Summer Apparel,OLV,impression,0.0024,0.0
EVT_380938,2026-07-31 16:19:48,CMP_103,B2B SaaS Trial,Display,click,0.0,0.0
EVT_544722,2026-07-30 07:46:50,CMP_101,Summer Apparel,OLV,q1_25,0.0,0.0
EVT_774189,2026-07-31 17:14:30,CMP_101,Summer Apparel,OLV,q1_25,0.0,0.0
EVT_832215,2026-07-29 08:29:12,CMP_103,B2B SaaS Trial,Display,q2_50,0.0,0.0
EVT_567048,2026-07-29 10:43:53,CMP_102,Tech Gadgets Launch,CTV,click,0.0,0.0
EVT_732602,2026-07-30 21:07:18,CMP_102,Tech Gadgets Launch,CTV,q1_25,0.0,0.0
EVT_966697,2026-07-28 22:56:04,CMP_103,B2B SaaS Trial,Display,impression,0.0085,0.0
EVT_868093,2026-07-30 23:57:09,CMP_103,B2B SaaS Trial,Display,impression,0.0139,0.0
EVT_895589,2026-07-31 14:08:39,CMP_102,Tech Gadgets Launch,CTV,impression,0.0053,0.0
EVT_759552,2026-07-29 02:43:34,CMP_101,Summer Apparel,OLV,impression,0.0099,0.0
EVT_427671,2026-07-31 17:32:55,CMP_102,Tech Gadgets Launch,CTV,q1_25,0.0,0.0
EVT_588906,2026-07-31 03:33:09,CMP_102,Tech Gadgets Launch,CTV,q2_50,0.0,0.0
EVT_189501,2026-07-31 11:28:58,CMP_102,Tech Gadgets Launch,CTV,q2_50,0.0,0.0
EVT_464894,2026-07-31 15:35:34,CMP_101,Summer Apparel,OLV,q2_50,0.0,0.0
EVT_577856,2026-07-30 22:30:10,CMP_101,Summer Apparel,OLV,impression,0.0114,0.0
EVT_172008,2026-07-31 00:02:03,CMP_102,Tech Gadgets Launch,CTV,q1_25,0.0,0.0
EVT_873949,2026-07-31 00:36:02,CMP_102,Tech Gadgets Launch,CTV,impression,0.0087,0.0
EVT_145643,2026-07-29 02:22:52,CMP_102,Tech Gadgets Launch,CTV,impression,0.0131,0.0
EVT_889560,2026-07-31 00:35:40,CMP_103,B2B SaaS Trial,Display,impression,0.0057,0.0
EVT_909809,2026-07-30 09:59:21,CMP_102,Tech Gadgets Launch,CTV,impression,0.0035,0.0
EVT_706602,2026-07-29 11:27:44,CMP_102,Tech Gadgets Launch,CTV,q1_25,0.0,0.0
EVT_774643,2026-07-30 14:44:21,CMP_102,Tech Gadgets Launch,CTV,q1_25,0.0,0.0
EVT_819426,2026-07-30 21:41:13,CMP_102,Tech Gadgets Launch,CTV,impression,0.009,0.0
EVT_904911,2026-07-29 07:40:47,CMP_102,Tech Gadgets Launch,CTV,impression,0.0096,0.0
EVT_182616,2026-07-30 18:14:11,CMP_103,B2B SaaS Trial,Display,q2_50,0.0,0.0
EVT_446406,2026-07-31 03:26:46,CMP_102,Tech Gadgets Launch,CTV,impression,0.0126,0.0
EVT_246561,2026-07-29 07:20:30,CMP_101,Summer Apparel,OLV,q1_25,0.0,0.0
EVT_130104,2026-07-30 15:02:04,CMP_101,Summer Apparel,OLV,impression,0.0065,0.0
EVT_667833,2026-07-30 10:50:50,CMP_103,B2B SaaS Trial,Display,q2_50,0.0,0.0
EVT_999967,2026-07-28 21:47:08,CMP_101,Summer Apparel,OLV,impression,0.0062,0.0
EVT_968731,2026-07-29 10:55:22,CMP_103,B2B SaaS Trial,Display,impression,0.0096,0.0
EVT_837509,2026-07-30 17:56:57,CMP_103,B2B SaaS Trial,Display,impression,0.0041,0.0
EVT_914950,2026-07-31 16:57:57,CMP_102,Tech Gadgets Launch,CTV,impression,0.0058,0.0
EVT_337771,2026-07-30 12:02:18,CMP_103,B2B SaaS Trial,Display,impression,0.0115,0.0
EVT_236675,2026-07-28 20:45:28,CMP_102,Tech Gadgets Launch,CTV,q3_75,0.0,0.0
EVT_917652,2026-07-30 21:03:22,CMP_101,Summer Apparel,OLV,impression,0.0058,0.0
EVT_522178,2026-07-29 16:51:35,CMP_101,Summer Apparel,OLV,impression,0.0031,0.0
EVT_907073,2026-07-30 22:08:31,CMP_101,Summer Apparel,OLV,q2_50,0.0,0.0
EVT_320880,2026-07-31 09:28:48,CMP_102,Tech Gadgets Launch,CTV,q1_25,0.0,0.0
EVT_296649,2026-07-30 05:36:56,CMP_102,Tech Gadgets Launch,CTV,impression,0.0127,0.0
EVT_436136,2026-07-29 15:36:18,CMP_101,Summer Apparel,OLV,q3_75,0.0,0.0
EVT_369651,2026-07-29 10:23:45,CMP_102,Tech Gadgets Launch,CTV,impression,0.01,0.0
EVT_440436,2026-07-30 03:06:39,CMP_103,B2B SaaS Trial,Display,q1_25,0.0,0.0
EVT_759582,2026-07-29 15:10:59,CMP_102,Tech Gadgets Launch,CTV,impression,0.0074,0.0
EVT_236597,2026-07-30 09:20:09,CMP_102,Tech Gadgets Launch,CTV,q2_50,0.0,0.0
EVT_930582,2026-07-30 00:49:44,CMP_103,B2B SaaS Trial,Display,impression,0.0033,0.0
EVT_668333,2026-07-30 01:37:13,CMP_103,B2B SaaS Trial,Display,q1_25,0.0,0.0
EVT_418842,2026-07-30 14:07:25,CMP_103,B2B SaaS Trial,Display,q4_100,0.0,0.0
EVT_370245,2026-07-30 09:55:29,CMP_102,Tech Gadgets Launch,CTV,impression,0.0069,0.0
EVT_142805,2026-07-30 19:03:04,CMP_102,Tech Gadgets Launch,CTV,q1_25,0.0,0.0
EVT_268818,2026-07-30 18:58:14,CMP_102,Tech Gadgets Launch,CTV,impression,0.0134,0.0
EVT_201861,2026-07-31 00:11:54,CMP_101,Summer Apparel,OLV,q1_25,0.0,0.0
EVT_988021,2026-07-30 11:52:53,CMP_102,Tech Gadgets Launch,CTV,impression,0.0081,0.0
EVT_961831,2026-07-30 08:52:41,CMP_102,Tech Gadgets Launch,CTV,q1_25,0.0,0.0
EVT_416657,2026-07-29 09:15:49,CMP_102,Tech Gadgets Launch,CTV,q1_25,0.0,0.0
EVT_677529,2026-07-29 23:21:24,CMP_101,Summer Apparel,OLV,impression,0.0039,0.0
EVT_670984,2026-07-31 05:22:33,CMP_101,Summer Apparel,OLV,q2_50,0.0,0.0
EVT_176644,2026-07-29 18:39:09,CMP_101,Summer Apparel,OLV,impression,0.0046,0.0
EVT_246974,2026-07-31 02:35:15,CMP_102,Tech Gadgets Launch,CTV,q3_75,0.0,0.0
EVT_941640,2026-07-31 09:35:39,CMP_102,Tech Gadgets Launch,CTV,q2_50,0.0,0.0
EVT_697285,2026-07-31 09:32:35,CMP_103,B2B SaaS Trial,Display,q2_50,0.0,0.0
EVT_900007,2026-07-31 02:06:45,CMP_102,Tech Gadgets Launch,CTV,q2_50,0.0,0.0
EVT_406077,2026-07-31 18:35:43,CMP_101,Summer Apparel,OLV,q3_75,0.0,0.0
EVT_795484,2026-07-31 08:11:22,CMP_102,Tech Gadgets Launch,CTV,q2_50,0.0,0.0
EVT_308911,2026-07-31 09:02:50,CMP_102,Tech Gadgets Launch,CTV,impression,0.0133,0.0
EVT_967088,2026-07-30 10:43:54,CMP_102,Tech Gadgets Launch,CTV,q1_25,0.0,0.0
EVT_829454,2026-07-30 17:19:32,CMP_103,B2B SaaS Trial,Display,q1_25,0.0,0.0
EVT_598422,2026-07-31 11:20:31,CMP_101,Summer Apparel,OLV,q1_25,0.0,0.0
EVT_440712,2026-07-30 22:07:04,CMP_103,B2B SaaS Trial,Display,impression,0.0071,0.0
EVT_292117,2026-07-31 14:46:54,CMP_101,Summer Apparel,OLV,impression,0.0098,0.0
EVT_638157,2026-07-29 21:40:57,CMP_102,Tech Gadgets Launch,CTV,q1_25,0.0,0.0
EVT_348356,2026-07-30 13:29:44,CMP_103,B2B SaaS Trial,Display,impression,0.0085,0.0
EVT_350609,2026-07-30 13:18:01,CMP_101,Summer Apparel,OLV,q4_100,0.0,0.0
EVT_592251,2026-07-29 22:04:00,CMP_103,B2B SaaS Trial,Display,impression,0.0033,0.0
EVT_854025,2026-07-29 18:26:49,CMP_101,Summer Apparel,OLV,click,0.0,0.0
EVT_983756,2026-07-28 20:52:57,CMP_102,Tech Gadgets Launch,CTV,q2_50,0.0,0.0
EVT_581959,2026-07-29 12:18:35,CMP_101,Summer Apparel,OLV,impression,0.0022,0.0
EVT_458893,2026-07-31 08:58:08,CMP_103,B2B SaaS Trial,Display,impression,0.003,0.0
EVT_197057,2026-07-31 14:38:55,CMP_103,B2B SaaS Trial,Display,q1_25,0.0,0.0
EVT_518335,2026-07-28 21:37:11,CMP_103,B2B SaaS Trial,Display,impression,0.0105,0.0
EVT_804370,2026-07-30 00:45:04,CMP_101,Summer Apparel,OLV,q2_50,0.0,0.0
EVT_644679,2026-07-30 13:28:13,CMP_102,Tech Gadgets Launch,CTV,impression,0.0095,0.0
EVT_650368,2026-07-30 11:53:40,CMP_101,Summer Apparel,OLV,impression,0.0083,0.0
EVT_898808,2026-07-30 18:42:25,CMP_101,Summer Apparel,OLV,q3_75,0.0,0.0
EVT_942395,2026-07-30 16:29:43,CMP_103,B2B SaaS Trial,Display,q2_50,0.0,0.0
EVT_554397,2026-07-30 13:22:42,CMP_102,Tech Gadgets Launch,CTV,impression,0.0119,0.0
EVT_245324,2026-07-30 09:21:51,CMP_103,B2B SaaS Trial,Display,q1_25,0.0,0.0
EVT_955561,2026-07-31 15:51:23,CMP_102,Tech Gadgets Launch,CTV,impression,0.009,0.0
EVT_645237,2026-07-29 02:06:16,CMP_101,Summer Apparel,OLV,impression,0.0085,0.0
EVT_870437,2026-07-31 07:29:32,CMP_102,Tech Gadgets Launch,CTV,q3_75,0.0,0.0
EVT_916359,2026-07-29 10:14:32,CMP_102,Tech Gadgets Launch,CTV,impression,0.0091,0.0
EVT_183633,2026-07-30 23:29:58,CMP_101,Summer Apparel,OLV,q2_50,0.0,0.0
EVT_761122,2026-07-31 07:01:00,CMP_101,Summer Apparel,OLV,q1_25,0.0,0.0
EVT_321947,2026-07-29 00:49:16,CMP_101,Summer Apparel,OLV,impression,0.0056,0.0
EVT_944520,2026-07-31 01:23:56,CMP_102,Tech Gadgets Launch,CTV,impression,0.0096,0.0
EVT_172222,2026-07-30 14:43:30,CMP_103,B2B SaaS Trial,Display,impression,0.0114,0.0
EVT_439870,2026-07-31 09:52:27,CMP_103,B2B SaaS Trial,Display,impression,0.0043,0.0
EVT_212917,2026-07-29 18:17:17,CMP_102,Tech Gadgets Launch,CTV,impression,0.0035,0.0
EVT_454817,2026-07-30 17:57:16,CMP_103,B2B SaaS Trial,Display,q1_25,0.0,0.0
EVT_889765,2026-07-31 20:19:20,CMP_101,Summer Apparel,OLV,q1_25,0.0,0.0
EVT_429416,2026-07-28 23:22:04,CMP_102,Tech Gadgets Launch,CTV,q1_25,0.0,0.0
EVT_985303,2026-07-28 22:57:12,CMP_102,Tech Gadgets Launch,CTV,impression,0.0149,0.0
EVT_909049,2026-07-28 22:01:06,CMP_103,B2B SaaS Trial,Display,impression,0.0065,0.0
EVT_165927,2026-07-31 06:41:10,CMP_101,Summer Apparel,OLV,impression,0.0083,0.0
EVT_136049,2026-07-30 16:42:57,CMP_103,B2B SaaS Trial,Display,impression,0.0049,0.0
EVT_243342,2026-07-31 19:36:26,CMP_101,Summer Apparel,OLV,impression,0.0066,0.0
EVT_513824,2026-07-30 12:20:23,CMP_101,Summer Apparel,OLV,impression,0.0072,0.0
EVT_942130,2026-07-31 18:49:37,CMP_103,B2B SaaS Trial,Display,q2_50,0.0,0.0
EVT_939991,2026-07-30 17:12:46,CMP_101,Summer Apparel,OLV,q1_25,0.0,0.0
EVT_515963,2026-07-30 07:25:33,CMP_102,Tech Gadgets Launch,CTV,impression,0.0134,0.0
EVT_133159,2026-07-29 01:12:38,CMP_102,Tech Gadgets Launch,CTV,impression,0.0072,0.0
EVT_130887,2026-07-29 07:01:54,CMP_103,B2B SaaS Trial,Display,q2_50,0.0,0.0
EVT_680265,2026-07-30 04:49:48,CMP_102,Tech Gadgets Launch,CTV,impression,0.0138,0.0
EVT_451397,2026-07-30 10:13:34,CMP_101,Summer Apparel,OLV,impression,0.0034,0.0
EVT_229914,2026-07-31 03:53:47,CMP_103,B2B SaaS Trial,Display,q4_100,0.0,0.0
EVT_345784,2026-07-30 16:54:39,CMP_103,B2B SaaS Trial,Display,impression,0.0061,0.0
EVT_334189,2026-07-29 04:59:36,CMP_102,Tech Gadgets Launch,CTV,impression,0.0065,0.0
EVT_694282,2026-07-30 15:07:32,CMP_103,B2B SaaS Trial,Display,impression,0.0129,0.0
EVT_668350,2026-07-28 22:18:29,CMP_102,Tech Gadgets Launch,CTV,impression,0.0099,0.0
EVT_734949,2026-07-29 18:37:31,CMP_103,B2B SaaS Trial,Display,impression,0.0022,0.0
EVT_597021,2026-07-31 18:28:33,CMP_103,B2B SaaS Trial,Display,impression,0.0074,0.0
EVT_836234,2026-07-29 04:06:43,CMP_102,Tech Gadgets Launch,CTV,impression,0.0087,0.0
EVT_117492,2026-07-29 18:58:20,CMP_103,B2B SaaS Trial,Display,q2_50,0.0,0.0
EVT_193935,2026-07-31 06:01:56,CMP_102,Tech Gadgets Launch,CTV,q3_75,0.0,0.0
EVT_847104,2026-07-29 07:41:53,CMP_103,B2B SaaS Trial,Display,q1_25,0.0,0.0
EVT_764597,2026-07-30 00:34:00,CMP_103,B2B SaaS Trial,Display,impression,0.0143,0.0
EVT_985090,2026-07-30 13:21:09,CMP_101,Summer Apparel,OLV,impression,0.0082,0.0
EVT_352168,2026-07-31 12:59:53,CMP_102,Tech Gadgets Launch,CTV,impression,0.0024,0.0
EVT_803964,2026-07-30 10:23:44,CMP_103,B2B SaaS Trial,Display,q1_25,0.0,0.0
EVT_101465,2026-07-30 20:26:43,CMP_101,Summer Apparel,OLV,impression,0.0107,0.0
EVT_230320,2026-07-29 07:47:22,CMP_103,B2B SaaS Trial,Display,q2_50,0.0,0.0
EVT_762462,2026-07-30 19:26:33,CMP_101,Summer Apparel,OLV,impression,0.0119,0.0
EVT_662368,2026-07-29 03:25:16,CMP_102,Tech Gadgets Launch,CTV,click,0.0,0.0
EVT_848800,2026-07-29 01:51:38,CMP_102,Tech Gadgets Launch,CTV,q1_25,0.0,0.0
EVT_512402,2026-07-29 06:31:48,CMP_101,Summer Apparel,OLV,conversion,0.0,86.17
EVT_630258,2026-07-30 06:23:10,CMP_102,Tech Gadgets Launch,CTV,impression,0.0077,0.0
EVT_969696,2026-07-29 02:56:51,CMP_103,B2B SaaS Trial,Display,impression,0.0048,0.0
EVT_644220,2026-07-31 20:32:02,CMP_101,Summer Apparel,OLV,impression,0.0052,0.0
EVT_457222,2026-07-29 01:40:03,CMP_103,B2B SaaS Trial,Display,impression,0.0106,0.0
EVT_927835,2026-07-31 20:05:12,CMP_103,B2B SaaS Trial,Display,impression,0.0106,0.0
EVT_957449,2026-07-30 04:04:51,CMP_102,Tech Gadgets Launch,CTV,impression,0.0066,0.0
EVT_525853,2026-07-30 10:59:12,CMP_102,Tech Gadgets Launch,CTV,impression,0.0059,0.0
EVT_782388,2026-07-30 07:06:47,CMP_101,Summer Apparel,OLV,q2_50,0.0,0.0
EVT_260964,2026-07-30 13:33:02,CMP_103,B2B SaaS Trial,Display,impression,0.0125,0.0
EVT_440431,2026-07-28 23:28:28,CMP_101,Summer Apparel,OLV,q1_25,0.0,0.0
EVT_711341,2026-07-31 17:09:44,CMP_103,B2B SaaS Trial,Display,impression,0.0047,0.0
EVT_190874,2026-07-31 11:02:01,CMP_103,B2B SaaS Trial,Display,q2_50,0.0,0.0
EVT_784866,2026-07-31 16:59:05,CMP_102,Tech Gadgets Launch,CTV,impression,0.005,0.0
EVT_845496,2026-07-31 09:26:30,CMP_102,Tech Gadgets Launch,CTV,impression,0.0141,0.0
EVT_176231,2026-07-29 20:25:16,CMP_102,Tech Gadgets Launch,CTV,impression,0.0079,0.0
EVT_206218,2026-07-30 19:16:15,CMP_102,Tech Gadgets Launch,CTV,impression,0.0122,0.0
EVT_399653,2026-07-29 22:43:29,CMP_102,Tech Gadgets Launch,CTV,impression,0.0143,0.0
EVT_411432,2026-07-29 02:45:22,CMP_101,Summer Apparel,OLV,impression,0.0135,0.0
EVT_555230,2026-07-29 20:39:23,CMP_103,B2B SaaS Trial,Display,q1_25,0.0,0.0
EVT_886899,2026-07-30 10:42:44,CMP_101,Summer Apparel,OLV,click,0.0,0.0
EVT_700425,2026-07-30 00:21:12,CMP_103,B2B SaaS Trial,Display,q1_25,0.0,0.0
EVT_929107,2026-07-30 20:36:00,CMP_101,Summer Apparel,OLV,q2_50,0.0,0.0
EVT_870719,2026-07-29 11:55:54,CMP_102,Tech Gadgets Launch,CTV,impression,0.0086,0.0
EVT_704541,2026-07-31 14:09:19,CMP_103,B2B SaaS Trial,Display,impression,0.0111,0.0
EVT_517692,2026-07-30 16:36:55,CMP_101,Summer Apparel,OLV,q1_25,0.0,0.0
EVT_213154,2026-07-31 18:12:04,CMP_102,Tech Gadgets Launch,CTV,impression,0.0118,0.0
EVT_937501,2026-07-29 18:25:00,CMP_101,Summer Apparel,OLV,q2_50,0.0,0.0
EVT_233566,2026-07-31 17:12:34,CMP_101,Summer Apparel,OLV,impression,0.0103,0.0
EVT_437860,2026-07-31 12:24:22,CMP_103,B2B SaaS Trial,Display,impression,0.0139,0.0
EVT_709731,2026-07-29 20:17:59,CMP_101,Summer Apparel,OLV,impression,0.0145,0.0
EVT_205148,2026-07-31 07:14:11,CMP_101,Summer Apparel,OLV,impression,0.0027,0.0
EVT_801751,2026-07-31 11:30:33,CMP_101,Summer Apparel,OLV,q2_50,0.0,0.0
EVT_923628,2026-07-28 21:44:22,CMP_103,B2B SaaS Trial,Display,impression,0.0119,0.0
EVT_232751,2026-07-30 00:08:27,CMP_101,Summer Apparel,OLV,impression,0.0127,0.0
EVT_251605,2026-07-30 08:22:52,CMP_101,Summer Apparel,OLV,q2_50,0.0,0.0
EVT_727609,2026-07-28 23:35:38,CMP_102,Tech Gadgets Launch,CTV,impression,0.0052,0.0
EVT_748312,2026-07-30 21:31:20,CMP_102,Tech Gadgets Launch,CTV,impression,0.0148,0.0
EVT_729035,2026-07-29 05:54:32,CMP_102,Tech Gadgets Launch,CTV,impression,0.0092,0.0
EVT_483362,2026-07-31 15:36:30,CMP_101,Summer Apparel,OLV,q1_25,0.0,0.0
EVT_992704,2026-07-29 17:53:40,CMP_101,Summer Apparel,OLV,q3_75,0.0,0.0
EVT_952982,2026-07-30 00:46:30,CMP_103,B2B SaaS Trial,Display,q1_25,0.0,0.0
EVT_179300,2026-07-29 08:48:02,CMP_101,Summer Apparel,OLV,q1_25,0.0,0.0
EVT_347157,2026-07-29 09:07:37,CMP_103,B2B SaaS Trial,Display,q1_25,0.0,0.0
EVT_978365,2026-07-31 19:59:12,CMP_101,Summer Apparel,OLV,q2_50,0.0,0.0
EVT_149061,2026-07-31 20:05:57,CMP_102,Tech Gadgets Launch,CTV,q3_75,0.0,0.0
EVT_192095,2026-07-30 00:03:30,CMP_102,Tech Gadgets Launch,CTV,impression,0.0072,0.0
EVT_936050,2026-07-30 12:03:44,CMP_101,Summer Apparel,OLV,impression,0.007,0.0
EVT_980526,2026-07-31 06:54:58,CMP_102,Tech Gadgets Launch,CTV,q1_25,0.0,0.0
EVT_776147,2026-07-31 05:17:01,CMP_101,Summer Apparel,OLV,q1_25,0.0,0.0
EVT_770406,2026-07-29 05:21:03,CMP_103,B2B SaaS Trial,Display,q1_25,0.0,0.0
EVT_766709,2026-07-28 22:08:20,CMP_103,B2B SaaS Trial,Display,q2_50,0.0,0.0
EVT_233701,2026-07-30 07:34:21,CMP_101,Summer Apparel,OLV,q1_25,0.0,0.0
EVT_817601,2026-07-31 03:36:17,CMP_103,B2B SaaS Trial,Display,q1_25,0.0,0.0
EVT_775475,2026-07-31 00:15:36,CMP_103,B2B SaaS Trial,Display,q1_25,0.0,0.0
EVT_310174,2026-07-30 08:17:35,CMP_103,B2B SaaS Trial,Display,q2_50,0.0,0.0
EVT_206776,2026-07-30 09:13:58,CMP_103,B2B SaaS Trial,Display,impression,0.0092,0.0
EVT_881704,2026-07-28 21:14:34,CMP_103,B2B SaaS Trial,Display,impression,0.0102,0.0
EVT_143586,2026-07-29 05:04:53,CMP_101,Summer Apparel,OLV,q2_50,0.0,0.0
EVT_814873,2026-07-31 01:37:12,CMP_103,B2B SaaS Trial,Display,q1_25,0.0,0.0
EVT_798581,2026-07-31 20:12:47,CMP_102,Tech Gadgets Launch,CTV,impression,0.0117,0.0
EVT_386461,2026-07-30 04:21:07,CMP_103,B2B SaaS Trial,Display,q1_25,0.0,0.0
EVT_695217,2026-07-29 20:12:42,CMP_101,Summer Apparel,OLV,q4_100,0.0,0.0
EVT_146964,2026-07-29 22:08:24,CMP_102,Tech Gadgets Launch,CTV,impression,0.0066,0.0
EVT_748160,2026-07-29 06:26:19,CMP_101,Summer Apparel,OLV,q3_75,0.0,0.0
EVT_155996,2026-07-29 02:19:46,CMP_101,Summer Apparel,OLV,impression,0.0128,0.0
EVT_952595,2026-07-31 18:13:57,CMP_101,Summer Apparel,OLV,impression,0.0144,0.0
EVT_116099,2026-07-29 11:44:16,CMP_101,Summer Apparel,OLV,impression,0.0052,0.0
EVT_233416,2026-07-31 06:32:54,CMP_101,Summer Apparel,OLV,impression,0.0093,0.0
EVT_435643,2026-07-31 10:25:46,CMP_103,B2B SaaS Trial,Display,impression,0.0106,0.0
EVT_182699,2026-07-29 23:24:12,CMP_102,Tech Gadgets Launch,CTV,impression,0.0038,0.0
EVT_494169,2026-07-31 11:43:17,CMP_103,B2B SaaS Trial,Display,impression,0.014,0.0
EVT_914665,2026-07-30 17:30:56,CMP_103,B2B SaaS Trial,Display,q2_50,0.0,0.0
EVT_391366,2026-07-30 16:27:22,CMP_101,Summer Apparel,OLV,q2_50,0.0,0.0
EVT_981904,2026-07-30 23:12:51,CMP_101,Summer Apparel,OLV,q2_50,0.0,0.0
EVT_279408,2026-07-30 23:39:15,CMP_102,Tech Gadgets Launch,CTV,impression,0.0036,0.0
EVT_268366,2026-07-30 07:24:59,CMP_101,Summer Apparel,OLV,impression,0.0112,0.0
EVT_722143,2026-07-29 04:23:48,CMP_103,B2B SaaS Trial,Display,q1_25,0.0,0.0
EVT_577182,2026-07-31 02:53:26,CMP_101,Summer Apparel,OLV,q3_75,0.0,0.0
EVT_967311,2026-07-31 17:47:00,CMP_101,Summer Apparel,OLV,q4_100,0.0,0.0
EVT_857004,2026-07-30 22:26:57,CMP_103,B2B SaaS Trial,Display,impression,0.0131,0.0
EVT_333589,2026-07-30 18:25:47,CMP_103,B2B SaaS Trial,Display,impression,0.0055,0.0
EVT_618204,2026-07-30 11:28:03,CMP_103,B2B SaaS Trial,Display,q2_50,0.0,0.0
EVT_316789,2026-07-29 09:11:38,CMP_103,B2B SaaS Trial,Display,q1_25,0.0,0.0
EVT_923536,2026-07-29 02:51:00,CMP_103,B2B SaaS Trial,Display,impression,0.0137,0.0
EVT_759907,2026-07-31 13:40:20,CMP_101,Summer Apparel,OLV,impression,0.0142,0.0
EVT_266299,2026-07-31 10:07:27,CMP_102,Tech Gadgets Launch,CTV,impression,0.0089,0.0
EVT_252615,2026-07-31 20:09:20,CMP_101,Summer Apparel,OLV,q2_50,0.0,0.0
EVT_123528,2026-07-31 03:41:07,CMP_101,Summer Apparel,OLV,q2_50,0.0,0.0
EVT_824676,2026-07-29 01:35:48,CMP_102,Tech Gadgets Launch,CTV,impression,0.0078,0.0
EVT_746176,2026-07-29 08:11:42,CMP_102,Tech Gadgets Launch,CTV,q2_50,0.0,0.0
EVT_719530,2026-07-29 14:08:10,CMP_102,Tech Gadgets Launch,CTV,impression,0.0064,0.0
EVT_201322,2026-07-30 06:08:22,CMP_101,Summer Apparel,OLV,q1_25,0.0,0.0
EVT_296510,2026-07-30 23:10:40,CMP_103,B2B SaaS Trial,Display,impression,0.0105,0.0
EVT_554011,2026-07-28 22:48:53,CMP_101,Summer Apparel,OLV,impression,0.0123,0.0
EVT_556836,2026-07-30 23:51:13,CMP_103,B2B SaaS Trial,Display,impression,0.0087,0.0
EVT_697550,2026-07-31 14:12:19,CMP_102,Tech Gadgets Launch,CTV,impression,0.0045,0.0
EVT_904218,2026-07-31 16:19:48,CMP_101,Summer Apparel,OLV,impression,0.0136,0.0
EVT_475400,2026-07-31 17:23:46,CMP_101,Summer Apparel,OLV,q1_25,0.0,0.0
EVT_760635,2026-07-30 16:03:29,CMP_101,Summer Apparel,OLV,q2_50,0.0,0.0
EVT_725688,2026-07-29 07:27:37,CMP_101,Summer Apparel,OLV,impression,0.0033,0.0
EVT_749843,2026-07-31 10:07:46,CMP_101,Summer Apparel,OLV,q1_25,0.0,0.0
EVT_800895,2026-07-31 00:54:54,CMP_102,Tech Gadgets Launch,CTV,q2_50,0.0,0.0
EVT_444728,2026-07-30 06:27:51,CMP_101,Summer Apparel,OLV,q1_25,0.0,0.0
EVT_515116,2026-07-29 04:45:26,CMP_103,B2B SaaS Trial,Display,impression,0.0141,0.0
EVT_819584,2026-07-30 12:46:42,CMP_103,B2B SaaS Trial,Display,impression,0.0132,0.0
EVT_548407,2026-07-29 08:19:32,CMP_102,Tech Gadgets Launch,CTV,impression,0.0093,0.0
EVT_233579,2026-07-29 20:23:00,CMP_101,Summer Apparel,OLV,impression,0.0058,0.0
EVT_707114,2026-07-30 16:22:02,CMP_102,Tech Gadgets Launch,CTV,q2_50,0.0,0.0
EVT_410044,2026-07-30 22:49:27,CMP_102,Tech Gadgets Launch,CTV,q1_25,0.0,0.0
EVT_844878,2026-07-31 19:03:20,CMP_101,Summer Apparel,OLV,impression,0.0077,0.0
EVT_612365,2026-07-28 22:16:08,CMP_103,B2B SaaS Trial,Display,q2_50,0.0,0.0
EVT_312251,2026-07-31 15:36:02,CMP_103,B2B SaaS Trial,Display,q1_25,0.0,0.0
EVT_939674,2026-07-30 12:10:15,CMP_101,Summer Apparel,OLV,impression,0.0116,0.0
EVT_359324,2026-07-30 09:19:35,CMP_103,B2B SaaS Trial,Display,q1_25,0.0,0.0
EVT_232409,2026-07-30 06:47:00,CMP_101,Summer Apparel,OLV,impression,0.0089,0.0
EVT_635430,2026-07-29 04:14:47,CMP_103,B2B SaaS Trial,Display,impression,0.0039,0.0
EVT_696776,2026-07-29 20:52:19,CMP_102,Tech Gadgets Launch,CTV,q1_25,0.0,0.0
EVT_673642,2026-07-29 20:02:29,CMP_102,Tech Gadgets Launch,CTV,q4_100,0.0,0.0
EVT_492723,2026-07-29 18:18:42,CMP_103,B2B SaaS Trial,Display,q2_50,0.0,0.0
EVT_218258,2026-07-29 18:58:05,CMP_103,B2B SaaS Trial,Display,click,0.0,0.0
EVT_366423,2026-07-28 21:47:22,CMP_102,Tech Gadgets Launch,CTV,impression,0.0097,0.0
EVT_529923,2026-07-29 22:03:40,CMP_103,B2B SaaS Trial,Display,q1_25,0.0,0.0
EVT_411556,2026-07-28 22:46:29,CMP_103,B2B SaaS Trial,Display,impression,0.0068,0.0
EVT_134127,2026-07-29 02:37:20,CMP_102,Tech Gadgets Launch,CTV,impression,0.0084,0.0
EVT_815849,2026-07-31 04:40:51,CMP_102,Tech Gadgets Launch,CTV,impression,0.0118,0.0
EVT_677555,2026-07-31 02:34:32,CMP_101,Summer Apparel,OLV,q2_50,0.0,0.0
EVT_125916,2026-07-31 12:17:30,CMP_102,Tech Gadgets Launch,CTV,impression,0.0081,0.0
EVT_842640,2026-07-29 08:57:44,CMP_103,B2B SaaS Trial,Display,q2_50,0.0,0.0
EVT_961299,2026-07-29 23:52:33,CMP_101,Summer Apparel,OLV,impression,0.0128,0.0
EVT_502942,2026-07-30 12:09:07,CMP_103,B2B SaaS Trial,Display,impression,0.0023,0.0
EVT_182526,2026-07-29 10:09:20,CMP_102,Tech Gadgets Launch,CTV,impression,0.0126,0.0
EVT_803624,2026-07-30 17:45:41,CMP_103,B2B SaaS Trial,Display,impression,0.0045,0.0
EVT_145549,2026-07-30 08:53:02,CMP_101,Summer Apparel,OLV,q1_25,0.0,0.0
EVT_258949,2026-07-30 17:40:26,CMP_103,B2B SaaS Trial,Display,q1_25,0.0,0.0
EVT_295254,2026-07-29 04:19:10,CMP_102,Tech Gadgets Launch,CTV,q2_50,0.0,0.0
EVT_488620,2026-07-30 09:58:16,CMP_103,B2B SaaS Trial,Display,q1_25,0.0,0.0
EVT_639947,2026-07-29 13:56:58,CMP_102,Tech Gadgets Launch,CTV,impression,0.0135,0.0
EVT_835967,2026-07-30 05:17:15,CMP_103,B2B SaaS Trial,Display,q1_25,0.0,0.0
EVT_356267,2026-07-30 07:55:51,CMP_103,B2B SaaS Trial,Display,q1_25,0.0,0.0
EVT_630859,2026-07-30 21:09:39,CMP_101,Summer Apparel,OLV,click,0.0,0.0
EVT_364525,2026-07-31 04:51:06,CMP_103,B2B SaaS Trial,Display,q2_50,0.0,0.0
EVT_676541,2026-07-29 04:37:33,CMP_103,B2B SaaS Trial,Display,q1_25,0.0,0.0
EVT_872527,2026-07-29 17:04:47,CMP_103,B2B SaaS Trial,Display,impression,0.0058,0.0
EVT_184773,2026-07-29 12:37:42,CMP_102,Tech Gadgets Launch,CTV,impression,0.0138,0.0
EVT_783796,2026-07-30 01:35:36,CMP_103,B2B SaaS Trial,Display,impression,0.0099,0.0
EVT_838863,2026-07-30 01:22:23,CMP_102,Tech Gadgets Launch,CTV,q1_25,0.0,0.0
EVT_749560,2026-07-29 10:44:41,CMP_101,Summer Apparel,OLV,impression,0.011,0.0
EVT_440831,2026-07-29 23:54:17,CMP_101,Summer Apparel,OLV,q2_50,0.0,0.0
EVT_244295,2026-07-30 22:00:14,CMP_102,Tech Gadgets Launch,CTV,impression,0.0072,0.0
EVT_747927,2026-07-30 17:56:58,CMP_101,Summer Apparel,OLV,impression,0.0052,0.0
EVT_114829,2026-07-29 13:19:29,CMP_101,Summer Apparel,OLV,q2_50,0.0,0.0
EVT_181612,2026-07-29 17:28:44,CMP_101,Summer Apparel,OLV,impression,0.0064,0.0
EVT_882253,2026-07-30 07:49:01,CMP_101,Summer Apparel,OLV,impression,0.0084,0.0
EVT_468417,2026-07-30 15:01:20,CMP_102,Tech Gadgets Launch,CTV,q3_75,0.0,0.0
EVT_569670,2026-07-30 09:09:56,CMP_103,B2B SaaS Trial,Display,q2_50,0.0,0.0
EVT_371269,2026-07-30 16:39:28,CMP_101,Summer Apparel,OLV,q1_25,0.0,0.0
EVT_523142,2026-07-30 04:55:52,CMP_101,Summer Apparel,OLV,impression,0.0025,0.0
EVT_240104,2026-07-29 09:48:46,CMP_101,Summer Apparel,OLV,q2_50,0.0,0.0
EVT_787897,2026-07-30 04:17:35,CMP_103,B2B SaaS Trial,Display,q4_100,0.0,0.0
EVT_873118,2026-07-29 16:50:14,CMP_101,Summer Apparel,OLV,impression,0.0108,0.0
EVT_802413,2026-07-29 14:09:27,CMP_103,B2B SaaS Trial,Display,q1_25,0.0,0.0
EVT_469147,2026-07-29 14:06:46,CMP_101,Summer Apparel,OLV,impression,0.0049,0.0
EVT_307772,2026-07-30 01:49:19,CMP_101,Summer Apparel,OLV,impression,0.0126,0.0
EVT_302461,2026-07-29 07:50:36,CMP_102,Tech Gadgets Launch,CTV,q1_25,0.0,0.0
EVT_781871,2026-07-30 23:27:11,CMP_103,B2B SaaS Trial,Display,impression,0.0045,0.0
EVT_307898,2026-07-29 13:24:30,CMP_101,Summer Apparel,OLV,q2_50,0.0,0.0
EVT_678494,2026-07-31 10:21:56,CMP_103,B2B SaaS Trial,Display,q1_25,0.0,0.0
EVT_480584,2026-07-30 23:13:07,CMP_102,Tech Gadgets Launch,CTV,q1_25,0.0,0.0
EVT_410293,2026-07-29 09:17:32,CMP_102,Tech Gadgets Launch,CTV,impression,0.0075,0.0
EVT_502199,2026-07-29 18:03:05,CMP_101,Summer Apparel,OLV,q1_25,0.0,0.0
EVT_524765,2026-07-29 01:52:54,CMP_101,Summer Apparel,OLV,impression,0.0135,0.0
EVT_579328,2026-07-29 15:13:02,CMP_103,B2B SaaS Trial,Display,q2_50,0.0,0.0
EVT_774072,2026-07-30 19:44:14,CMP_103,B2B SaaS Trial,Display,impression,0.008,0.0
EVT_557239,2026-07-31 18:26:22,CMP_102,Tech Gadgets Launch,CTV,impression,0.0044,0.0
EVT_203483,2026-07-29 17:54:57,CMP_102,Tech Gadgets Launch,CTV,q2_50,0.0,0.0
EVT_679272,2026-07-28 20:41:59,CMP_102,Tech Gadgets Launch,CTV,impression,0.0025,0.0
EVT_588617,2026-07-30 07:53:50,CMP_101,Summer Apparel,OLV,impression,0.0057,0.0
EVT_566335,2026-07-31 14:40:06,CMP_103,B2B SaaS Trial,Display,impression,0.0138,0.0
EVT_646039,2026-07-28 21:25:05,CMP_102,Tech Gadgets Launch,CTV,impression,0.005,0.0
EVT_784594,2026-07-29 06:00:34,CMP_103,B2B SaaS Trial,Display,impression,0.0096,0.0
EVT_465766,2026-07-30 22:37:51,CMP_103,B2B SaaS Trial,Display,impression,0.0054,0.0
EVT_840884,2026-07-30 03:56:07,CMP_101,Summer Apparel,OLV,impression,0.0033,0.0
EVT_248558,2026-07-29 10:00:07,CMP_103,B2B SaaS Trial,Display,q1_25,0.0,0.0
EVT_806618,2026-07-31 06:31:13,CMP_103,B2B SaaS Trial,Display,q2_50,0.0,0.0
EVT_595700,2026-07-29 16:20:39,CMP_101,Summer Apparel,OLV,impression,0.0022,0.0
EVT_374772,2026-07-30 10:27:42,CMP_103,B2B SaaS Trial,Display,q2_50,0.0,0.0
EVT_313980,2026-07-28 21:53:51,CMP_102,Tech Gadgets Launch,CTV,q1_25,0.0,0.0
EVT_464103,2026-07-29 22:58:29,CMP_102,Tech Gadgets Launch,CTV,q1_25,0.0,0.0
EVT_343790,2026-07-29 19:11:44,CMP_101,Summer Apparel,OLV,impression,0.0073,0.0
EVT_404077,2026-07-30 11:52:03,CMP_102,Tech Gadgets Launch,CTV,impression,0.0031,0.0
EVT_442918,2026-07-29 06:44:06,CMP_101,Summer Apparel,OLV,q2_50,0.0,0.0
EVT_814043,2026-07-31 06:04:59,CMP_102,Tech Gadgets Launch,CTV,impression,0.0069,0.0
EVT_401458,2026-07-30 15:22:32,CMP_103,B2B SaaS Trial,Display,impression,0.007,0.0
EVT_557029,2026-07-29 00:52:19,CMP_103,B2B SaaS Trial,Display,q2_50,0.0,0.0
EVT_948031,2026-07-29 06:57:53,CMP_102,Tech Gadgets Launch,CTV,impression,0.0103,0.0
EVT_132365,2026-07-30 05:34:30,CMP_103,B2B SaaS Trial,Display,impression,0.0031,0.0
EVT_608312,2026-07-29 17:43:33,CMP_102,Tech Gadgets Launch,CTV,impression,0.0047,0.0
EVT_696789,2026-07-29 22:13:57,CMP_102,Tech Gadgets Launch,CTV,conversion,0.0,73.62
EVT_986341,2026-07-29 22:31:22,CMP_103,B2B SaaS Trial,Display,q2_50,0.0,0.0
EVT_197144,2026-07-31 20:09:01,CMP_102,Tech Gadgets Launch,CTV,impression,0.0048,0.0
EVT_325594,2026-07-29 10:08:48,CMP_103,B2B SaaS Trial,Display,impression,0.0064,0.0
EVT_826975,2026-07-29 11:19:25,CMP_102,Tech Gadgets Launch,CTV,q3_75,0.0,0.0
EVT_394184,2026-07-31 15:52:20,CMP_102,Tech Gadgets Launch,CTV,q2_50,0.0,0.0
EVT_810439,2026-07-31 14:04:29,CMP_101,Summer Apparel,OLV,q1_25,0.0,0.0
EVT_724532,2026-07-31 19:40:08,CMP_101,Summer Apparel,OLV,q1_25,0.0,0.0
EVT_777999,2026-07-30 18:40:33,CMP_103,B2B SaaS Trial,Display,q3_75,0.0,0.0
EVT_388045,2026-07-30 23:58:45,CMP_103,B2B SaaS Trial,Display,impression,0.0107,0.0
EVT_619745,2026-07-29 15:44:15,CMP_102,Tech Gadgets Launch,CTV,impression,0.0108,0.0
EVT_643334,2026-07-29 18:49:04,CMP_101,Summer Apparel,OLV,impression,0.0023,0.0
EVT_436282,2026-07-31 06:57:19,CMP_101,Summer Apparel,OLV,q1_25,0.0,0.0
EVT_133877,2026-07-29 10:40:39,CMP_103,B2B SaaS Trial,Display,impression,0.003,0.0
EVT_697600,2026-07-30 21:49:06,CMP_103,B2B SaaS Trial,Display,impression,0.0134,0.0
EVT_534634,2026-07-30 21:19:31,CMP_101,Summer Apparel,OLV,q2_50,0.0,0.0
EVT_338571,2026-07-30 00:01:54,CMP_101,Summer Apparel,OLV,impression,0.0125,0.0
EVT_588320,2026-07-28 22:10:08,CMP_103,B2B SaaS Trial,Display,impression,0.0041,0.0
EVT_534748,2026-07-29 04:22:47,CMP_103,B2B SaaS Trial,Display,impression,0.0087,0.0
EVT_751905,2026-07-29 02:25:26,CMP_103,B2B SaaS Trial,Display,impression,0.0087,0.0
EVT_653889,2026-07-30 11:37:25,CMP_103,B2B SaaS Trial,Display,impression,0.0049,0.0
EVT_777713,2026-07-30 23:18:42,CMP_102,Tech Gadgets Launch,CTV,impression,0.0145,0.0
EVT_758978,2026-07-31 13:47:42,CMP_101,Summer Apparel,OLV,impression,0.0033,0.0
EVT_354560,2026-07-29 09:08:19,CMP_101,Summer Apparel,OLV,impression,0.0139,0.0
EVT_864412,2026-07-29 12:07:12,CMP_103,B2B SaaS Trial,Display,q4_100,0.0,0.0
EVT_990667,2026-07-30 20:22:52,CMP_102,Tech Gadgets Launch,CTV,q1_25,0.0,0.0
EVT_990078,2026-07-29 20:07:39,CMP_103,B2B SaaS Trial,Display,q3_75,0.0,0.0
EVT_688584,2026-07-29 05:18:20,CMP_101,Summer Apparel,OLV,q2_50,0.0,0.0
EVT_388279,2026-07-30 22:48:02,CMP_101,Summer Apparel,OLV,impression,0.0065,0.0
EVT_817332,2026-07-29 02:06:58,CMP_102,Tech Gadgets Launch,CTV,conversion,0.0,35.74
EVT_305374,2026-07-29 16:01:52,CMP_102,Tech Gadgets Launch,CTV,impression,0.0143,0.0
EVT_430232,2026-07-29 01:28:26,CMP_103,B2B SaaS Trial,Display,impression,0.0035,0.0
EVT_540838,2026-07-31 16:17:58,CMP_101,Summer Apparel,OLV,impression,0.0095,0.0
EVT_348198,2026-07-31 05:26:33,CMP_101,Summer Apparel,OLV,q2_50,0.0,0.0
EVT_791293,2026-07-30 21:51:43,CMP_101,Summer Apparel,OLV,q3_75,0.0,0.0
EVT_308582,2026-07-31 08:44:10,CMP_101,Summer Apparel,OLV,impression,0.0069,0.0
EVT_962312,2026-07-30 18:51:52,CMP_103,B2B SaaS Trial,Display,conversion,0.0,112.79
EVT_348004,2026-07-29 17:28:06,CMP_101,Summer Apparel,OLV,impression,0.0123,0.0
EVT_249654,2026-07-31 05:12:01,CMP_101,Summer Apparel,OLV,impression,0.0123,0.0
EVT_885649,2026-07-28 21:10:22,CMP_102,Tech Gadgets Launch,CTV,q4_100,0.0,0.0
EVT_492539,2026-07-31 12:51:54,CMP_101,Summer Apparel,OLV,q1_25,0.0,0.0
EVT_978842,2026-07-29 18:40:02,CMP_101,Summer Apparel,OLV,q2_50,0.0,0.0
EVT_438079,2026-07-30 06:32:06,CMP_101,Summer Apparel,OLV,impression,0.0062,0.0
EVT_173463,2026-07-30 18:56:24,CMP_101,Summer Apparel,OLV,q3_75,0.0,0.0
EVT_457698,2026-07-28 21:38:12,CMP_102,Tech Gadgets Launch,CTV,q2_50,0.0,0.0
EVT_358402,2026-07-30 01:16:42,CMP_103,B2B SaaS Trial,Display,impression,0.0129,0.0
EVT_156035,2026-07-30 19:20:03,CMP_103,B2B SaaS Trial,Display,q2_50,0.0,0.0
EVT_764552,2026-07-29 07:56:36,CMP_103,B2B SaaS Trial,Display,impression,0.005,0.0
EVT_632115,2026-07-31 09:52:14,CMP_101,Summer Apparel,OLV,impression,0.0037,0.0
EVT_329273,2026-07-29 18:04:53,CMP_103,B2B SaaS Trial,Display,impression,0.0131,0.0
EVT_918258,2026-07-29 05:47:22,CMP_102,Tech Gadgets Launch,CTV,impression,0.0025,0.0
EVT_745972,2026-07-29 15:45:41,CMP_101,Summer Apparel,OLV,q3_75,0.0,0.0
EVT_144083,2026-07-29 04:44:38,CMP_103,B2B SaaS Trial,Display,impression,0.007,0.0
EVT_693360,2026-07-29 01:55:09,CMP_102,Tech Gadgets Launch,CTV,impression,0.0089,0.0
EVT_466292,2026-07-30 11:03:36,CMP_103,B2B SaaS Trial,Display,q2_50,0.0,0.0
EVT_478598,2026-07-29 02:52:18,CMP_102,Tech Gadgets Launch,CTV,impression,0.0128,0.0
EVT_797161,2026-07-30 02:54:03,CMP_101,Summer Apparel,OLV,q3_75,0.0,0.0
EVT_925797,2026-07-31 02:43:23,CMP_102,Tech Gadgets Launch,CTV,impression,0.0054,0.0
EVT_569399,2026-07-30 18:43:17,CMP_102,Tech Gadgets Launch,CTV,q2_50,0.0,0.0
EVT_381225,2026-07-31 18:07:39,CMP_101,Summer Apparel,OLV,q1_25,0.0,0.0
EVT_296316,2026-07-29 06:50:26,CMP_103,B2B SaaS Trial,Display,q2_50,0.0,0.0
EVT_773148,2026-07-30 10:47:37,CMP_102,Tech Gadgets Launch,CTV,impression,0.0026,0.0
EVT_345297,2026-07-30 06:14:00,CMP_102,Tech Gadgets Launch,CTV,q1_25,0.0,0.0
EVT_426580,2026-07-30 07:16:14,CMP_103,B2B SaaS Trial,Display,q1_25,0.0,0.0
EVT_480638,2026-07-29 13:27:27,CMP_102,Tech Gadgets Launch,CTV,impression,0.007,0.0
EVT_528458,2026-07-31 03:52:20,CMP_101,Summer Apparel,OLV,q2_50,0.0,0.0
EVT_629929,2026-07-30 06:08:15,CMP_103,B2B SaaS Trial,Display,impression,0.0045,0.0
EVT_285042,2026-07-29 17:32:29,CMP_102,Tech Gadgets Launch,CTV,q1_25,0.0,0.0
EVT_897461,2026-07-29 09:42:53,CMP_103,B2B SaaS Trial,Display,impression,0.0075,0.0
EVT_640595,2026-07-29 20:58:34,CMP_103,B2B SaaS Trial,Display,impression,0.0028,0.0
EVT_486411,2026-07-31 05:14:30,CMP_103,B2B SaaS Trial,Display,q3_75,0.0,0.0
EVT_757785,2026-07-31 03:01:44,CMP_101,Summer Apparel,OLV,q2_50,0.0,0.0
EVT_919607,2026-07-30 20:34:05,CMP_101,Summer Apparel,OLV,q2_50,0.0,0.0
EVT_919889,2026-07-29 15:26:34,CMP_102,Tech Gadgets Launch,CTV,impression,0.0091,0.0
EVT_966294,2026-07-29 22:35:02,CMP_103,B2B SaaS Trial,Display,impression,0.0141,0.0
EVT_547127,2026-07-29 05:56:49,CMP_101,Summer Apparel,OLV,q2_50,0.0,0.0
EVT_372350,2026-07-30 13:07:57,CMP_102,Tech Gadgets Launch,CTV,impression,0.0051,0.0
EVT_412449,2026-07-29 21:40:12,CMP_102,Tech Gadgets Launch,CTV,impression,0.0054,0.0
EVT_320785,2026-07-30 09:09:50,CMP_103,B2B SaaS Trial,Display,impression,0.007,0.0
EVT_792201,2026-07-31 00:56:14,CMP_102,Tech Gadgets Launch,CTV,q1_25,0.0,0.0
EVT_536577,2026-07-31 05:49:41,CMP_101,Summer Apparel,OLV,q1_25,0.0,0.0
EVT_660230,2026-07-29 09:41:52,CMP_103,B2B SaaS Trial,Display,impression,0.0041,0.0
EVT_339084,2026-07-29 12:14:23,CMP_101,Summer Apparel,OLV,q1_25,0.0,0.0
EVT_921370,2026-07-29 22:23:00,CMP_102,Tech Gadgets Launch,CTV,q1_25,0.0,0.0
EVT_782532,2026-07-29 05:13:34,CMP_102,Tech Gadgets Launch,CTV,impression,0.0129,0.0
EVT_571456,2026-07-31 11:07:54,CMP_102,Tech Gadgets Launch,CTV,impression,0.0146,0.0
EVT_295705,2026-07-30 21:12:11,CMP_101,Summer Apparel,OLV,impression,0.0034,0.0
EVT_140531,2026-07-29 22:40:10,CMP_103,B2B SaaS Trial,Display,q2_50,0.0,0.0
EVT_530273,2026-07-31 10:53:05,CMP_101,Summer Apparel,OLV,conversion,0.0,54.22
EVT_172253,2026-07-31 03:34:11,CMP_101,Summer Apparel,OLV,q4_100,0.0,0.0
EVT_525971,2026-07-31 11:32:00,CMP_103,B2B SaaS Trial,Display,q1_25,0.0,0.0
EVT_757295,2026-07-30 16:18:50,CMP_101,Summer Apparel,OLV,q1_25,0.0,0.0
EVT_768191,2026-07-31 14:28:02,CMP_102,Tech Gadgets Launch,CTV,impression,0.0133,0.0
EVT_324576,2026-07-29 03:11:46,CMP_101,Summer Apparel,OLV,impression,0.0109,0.0
EVT_300284,2026-07-29 01:39:51,CMP_102,Tech Gadgets Launch,CTV,impression,0.0115,0.0
EVT_656730,2026-07-29 04:39:49,CMP_101,Summer Apparel,OLV,q3_75,0.0,0.0
EVT_250837,2026-07-29 01:33:09,CMP_101,Summer Apparel,OLV,click,0.0,0.0
EVT_327372,2026-07-31 13:53:14,CMP_102,Tech Gadgets Launch,CTV,impression,0.011,0.0
EVT_807238,2026-07-31 07:35:08,CMP_103,B2B SaaS Trial,Display,q1_25,0.0,0.0
EVT_419730,2026-07-31 01:06:22,CMP_103,B2B SaaS Trial,Display,q1_25,0.0,0.0
EVT_504499,2026-07-29 22:22:09,CMP_102,Tech Gadgets Launch,CTV,q2_50,0.0,0.0
EVT_304737,2026-07-29 09:02:17,CMP_103,B2B SaaS Trial,Display,impression,0.014,0.0
EVT_449509,2026-07-31 02:42:54,CMP_101,Summer Apparel,OLV,impression,0.0068,0.0
EVT_200125,2026-07-29 11:45:03,CMP_103,B2B SaaS Trial,Display,impression,0.0143,0.0
EVT_330067,2026-07-31 02:44:07,CMP_102,Tech Gadgets Launch,CTV,impression,0.0095,0.0
EVT_142719,2026-07-29 09:10:52,CMP_102,Tech Gadgets Launch,CTV,q1_25,0.0,0.0
EVT_508384,2026-07-31 11:22:27,CMP_101,Summer Apparel,OLV,impression,0.0081,0.0
EVT_700956,2026-07-28 21:06:47,CMP_102,Tech Gadgets Launch,CTV,impression,0.0056,0.0
EVT_963624,2026-07-31 06:18:36,CMP_101,Summer Apparel,OLV,impression,0.0114,0.0
EVT_436823,2026-07-30 20:15:12,CMP_103,B2B SaaS Trial,Display,q3_75,0.0,0.0
EVT_172291,2026-07-29 07:04:37,CMP_101,Summer Apparel,OLV,impression,0.0107,0.0
EVT_807781,2026-07-29 22:01:07,CMP_101,Summer Apparel,OLV,impression,0.0109,0.0
EVT_851185,2026-07-29 20:06:28,CMP_102,Tech Gadgets Launch,CTV,q1_25,0.0,0.0
EVT_563496,2026-07-31 06:02:30,CMP_103,B2B SaaS Trial,Display,q1_25,0.0,0.0
EVT_244784,2026-07-30 11:16:11,CMP_102,Tech Gadgets Launch,CTV,impression,0.006,0.0
EVT_995649,2026-07-30 17:24:50,CMP_102,Tech Gadgets Launch,CTV,q3_75,0.0,0.0
EVT_614624,2026-07-28 21:14:27,CMP_103,B2B SaaS Trial,Display,click,0.0,0.0
EVT_926500,2026-07-29 16:18:53,CMP_101,Summer Apparel,OLV,q1_25,0.0,0.0
EVT_217949,2026-07-31 05:02:49,CMP_103,B2B SaaS Trial,Display,q2_50,0.0,0.0
EVT_725759,2026-07-31 06:12:40,CMP_102,Tech Gadgets Launch,CTV,impression,0.0106,0.0
EVT_791885,2026-07-31 20:09:33,CMP_101,Summer Apparel,OLV,q4_100,0.0,0.0
EVT_581261,2026-07-29 14:55:53,CMP_103,B2B SaaS Trial,Display,q2_50,0.0,0.0
EVT_886318,2026-07-29 00:07:53,CMP_102,Tech Gadgets Launch,CTV,q2_50,0.0,0.0
EVT_140964,2026-07-29 01:44:05,CMP_101,Summer Apparel,OLV,impression,0.0106,0.0
EVT_447079,2026-07-31 02:35:32,CMP_103,B2B SaaS Trial,Display,q1_25,0.0,0.0
EVT_540392,2026-07-30 17:28:01,CMP_101,Summer Apparel,OLV,q1_25,0.0,0.0
EVT_430048,2026-07-29 13:32:55,CMP_101,Summer Apparel,OLV,q3_75,0.0,0.0
EVT_209015,2026-07-29 00:23:49,CMP_103,B2B SaaS Trial,Display,impression,0.009,0.0
EVT_267505,2026-07-29 20:56:14,CMP_103,B2B SaaS Trial,Display,click,0.0,0.0
EVT_148467,2026-07-29 13:37:05,CMP_103,B2B SaaS Trial,Display,q1_25,0.0,0.0
EVT_940963,2026-07-29 21:26:06,CMP_103,B2B SaaS Trial,Display,impression,0.0061,0.0
EVT_787730,2026-07-31 08:13:13,CMP_102,Tech Gadgets Launch,CTV,q1_25,0.0,0.0
EVT_191585,2026-07-31 07:24:48,CMP_102,Tech Gadgets Launch,CTV,q2_50,0.0,0.0
EVT_893269,2026-07-28 22:04:45,CMP_102,Tech Gadgets Launch,CTV,q1_25,0.0,0.0
EVT_132937,2026-07-31 07:10:35,CMP_103,B2B SaaS Trial,Display,impression,0.0113,0.0
EVT_274700,2026-07-29 09:12:31,CMP_101,Summer Apparel,OLV,impression,0.0078,0.0
EVT_926982,2026-07-29 23:12:00,CMP_103,B2B SaaS Trial,Display,q2_50,0.0,0.0
EVT_442796,2026-07-29 00:12:48,CMP_102,Tech Gadgets Launch,CTV,q2_50,0.0,0.0
EVT_310965,2026-07-31 15:09:31,CMP_102,Tech Gadgets Launch,CTV,impression,0.0022,0.0
EVT_343174,2026-07-30 09:13:40,CMP_101,Summer Apparel,OLV,q1_25,0.0,0.0
EVT_469688,2026-07-31 10:43:04,CMP_103,B2B SaaS Trial,Display,impression,0.0049,0.0
EVT_156573,2026-07-29 12:22:34,CMP_103,B2B SaaS Trial,Display,impression,0.0103,0.0
EVT_532039,2026-07-30 12:15:09,CMP_102,Tech Gadgets Launch,CTV,q1_25,0.0,0.0
EVT_671861,2026-07-29 19:46:33,CMP_101,Summer Apparel,OLV,impression,0.0141,0.0
EVT_500387,2026-07-29 08:41:09,CMP_101,Summer Apparel,OLV,q4_100,0.0,0.0
EVT_363914,2026-07-29 16:38:02,CMP_103,B2B SaaS Trial,Display,impression,0.0055,0.0
EVT_587937,2026-07-30 03:38:33,CMP_103,B2B SaaS Trial,Display,impression,0.0102,0.0
EVT_935417,2026-07-31 02:00:43,CMP_102,Tech Gadgets Launch,CTV,impression,0.0024,0.0
EVT_262964,2026-07-31 17:47:07,CMP_102,Tech Gadgets Launch,CTV,impression,0.0058,0.0
EVT_186581,2026-07-30 16:03:18,CMP_102,Tech Gadgets Launch,CTV,impression,0.0098,0.0
EVT_403364,2026-07-31 20:00:38,CMP_102,Tech Gadgets Launch,CTV,impression,0.0026,0.0
EVT_851136,2026-07-30 18:50:54,CMP_103,B2B SaaS Trial,Display,q3_75,0.0,0.0
EVT_194532,2026-07-30 08:02:10,CMP_103,B2B SaaS Trial,Display,q4_100,0.0,0.0
EVT_968109,2026-07-30 00:38:02,CMP_102,Tech Gadgets Launch,CTV,impression,0.008,0.0
EVT_875442,2026-07-30 04:35:07,CMP_101,Summer Apparel,OLV,q2_50,0.0,0.0
EVT_387857,2026-07-30 14:17:53,CMP_103,B2B SaaS Trial,Display,impression,0.0127,0.0
EVT_536478,2026-07-30 15:44:10,CMP_101,Summer Apparel,OLV,impression,0.0045,0.0
EVT_380111,2026-07-31 07:01:57,CMP_101,Summer Apparel,OLV,q4_100,0.0,0.0
EVT_446857,2026-07-29 17:41:07,CMP_102,Tech Gadgets Launch,CTV,impression,0.0073,0.0
EVT_158125,2026-07-29 05:06:10,CMP_102,Tech Gadgets Launch,CTV,impression,0.0075,0.0
EVT_143453,2026-07-29 01:13:32,CMP_103,B2B SaaS Trial,Display,q1_25,0.0,0.0
EVT_549222,2026-07-31 18:08:20,CMP_101,Summer Apparel,OLV,impression,0.0039,0.0
EVT_353076,2026-07-29 06:48:24,CMP_102,Tech Gadgets Launch,CTV,q3_75,0.0,0.0
EVT_692649,2026-07-30 21:01:48,CMP_101,Summer Apparel,OLV,q1_25,0.0,0.0
EVT_693385,2026-07-30 13:07:30,CMP_102,Tech Gadgets Launch,CTV,impression,0.0055,0.0
EVT_258334,2026-07-30 12:44:29,CMP_101,Summer Apparel,OLV,q3_75,0.0,0.0
EVT_177834,2026-07-29 15:03:31,CMP_103,B2B SaaS Trial,Display,impression,0.0084,0.0
EVT_225544,2026-07-29 22:44:01,CMP_101,Summer Apparel,OLV,impression,0.0129,0.0
EVT_296689,2026-07-29 11:38:27,CMP_103,B2B SaaS Trial,Display,impression,0.0089,0.0
EVT_627143,2026-07-29 15:50:02,CMP_103,B2B SaaS Trial,Display,impression,0.0029,0.0
EVT_467211,2026-07-29 23:51:46,CMP_102,Tech Gadgets Launch,CTV,q1_25,0.0,0.0
EVT_529979,2026-07-31 11:28:11,CMP_103,B2B SaaS Trial,Display,impression,0.0134,0.0
EVT_917563,2026-07-30 17:26:00,CMP_102,Tech Gadgets Launch,CTV,q3_75,0.0,0.0
EVT_773665,2026-07-30 10:20:18,CMP_101,Summer Apparel,OLV,impression,0.0118,0.0
EVT_424389,2026-07-29 13:45:57,CMP_102,Tech Gadgets Launch,CTV,impression,0.0123,0.0
EVT_853744,2026-07-30 08:10:13,CMP_102,Tech Gadgets Launch,CTV,impression,0.0087,0.0
EVT_545394,2026-07-30 11:29:44,CMP_102,Tech Gadgets Launch,CTV,impression,0.0137,0.0
EVT_736594,2026-07-29 02:56:18,CMP_101,Summer Apparel,OLV,impression,0.0059,0.0
EVT_813458,2026-07-31 02:13:32,CMP_103,B2B SaaS Trial,Display,q2_50,0.0,0.0
EVT_333439,2026-07-29 10:37:24,CMP_103,B2B SaaS Trial,Display,impression,0.0039,0.0
EVT_438789,2026-07-31 04:26:06,CMP_101,Summer Apparel,OLV,impression,0.0068,0.0
EVT_552015,2026-07-30 00:47:07,CMP_102,Tech Gadgets Launch,CTV,impression,0.0142,0.0
EVT_793517,2026-07-30 23:40:03,CMP_101,Summer Apparel,OLV,impression,0.0057,0.0
EVT_866582,2026-07-28 23:40:24,CMP_103,B2B SaaS Trial,Display,impression,0.0085,0.0
EVT_517935,2026-07-30 14:19:03,CMP_103,B2B SaaS Trial,Display,impression,0.0089,0.0
EVT_602012,2026-07-29 07:07:22,CMP_103,B2B SaaS Trial,Display,impression,0.0147,0.0
EVT_251702,2026-07-31 18:59:52,CMP_101,Summer Apparel,OLV,impression,0.0071,0.0
EVT_832563,2026-07-29 14:30:53,CMP_102,Tech Gadgets Launch,CTV,q2_50,0.0,0.0
EVT_636322,2026-07-29 19:17:51,CMP_101,Summer Apparel,OLV,impression,0.0109,0.0
EVT_636566,2026-07-31 07:00:52,CMP_102,Tech Gadgets Launch,CTV,q1_25,0.0,0.0
EVT_667145,2026-07-31 00:38:19,CMP_102,Tech Gadgets Launch,CTV,impression,0.0086,0.0
EVT_599444,2026-07-31 03:42:34,CMP_101,Summer Apparel,OLV,q1_25,0.0,0.0
EVT_281305,2026-07-31 10:58:31,CMP_101,Summer Apparel,OLV,q1_25,0.0,0.0
EVT_485373,2026-07-30 12:15:32,CMP_103,B2B SaaS Trial,Display,impression,0.0104,0.0
EVT_486208,2026-07-31 18:52:35,CMP_101,Summer Apparel,OLV,impression,0.0085,0.0
EVT_524871,2026-07-29 13:44:32,CMP_101,Summer Apparel,OLV,impression,0.0053,0.0
EVT_879343,2026-07-29 06:55:26,CMP_103,B2B SaaS Trial,Display,impression,0.0103,0.0
EVT_734572,2026-07-29 05:55:30,CMP_103,B2B SaaS Trial,Display,q1_25,0.0,0.0
EVT_899945,2026-07-31 15:33:53,CMP_101,Summer Apparel,OLV,impression,0.0057,0.0
EVT_392263,2026-07-30 04:34:43,CMP_102,Tech Gadgets Launch,CTV,q1_25,0.0,0.0
EVT_328103,2026-07-29 13:21:50,CMP_102,Tech Gadgets Launch,CTV,impression,0.0048,0.0
EVT_311565,2026-07-30 22:43:05,CMP_102,Tech Gadgets Launch,CTV,q1_25,0.0,0.0
EVT_906499,2026-07-30 22:18:32,CMP_101,Summer Apparel,OLV,q1_25,0.0,0.0
EVT_692527,2026-07-29 01:58:22,CMP_103,B2B SaaS Trial,Display,conversion,0.0,47.6
EVT_986076,2026-07-31 05:57:21,CMP_101,Summer Apparel,OLV,impression,0.0102,0.0
EVT_205671,2026-07-28 22:33:34,CMP_103,B2B SaaS Trial,Display,impression,0.0039,0.0
EVT_166530,2026-07-29 09:42:00,CMP_103,B2B SaaS Trial,Display,impression,0.0135,0.0
EVT_957702,2026-07-29 12:14:42,CMP_102,Tech Gadgets Launch,CTV,q1_25,0.0,0.0
EVT_885606,2026-07-29 20:41:48,CMP_101,Summer Apparel,OLV,q1_25,0.0,0.0
EVT_496214,2026-07-30 19:16:33,CMP_101,Summer Apparel,OLV,impression,0.0118,0.0
EVT_855242,2026-07-28 23:16:31,CMP_102,Tech Gadgets Launch,CTV,impression,0.0056,0.0
EVT_390465,2026-07-29 17:15:22,CMP_101,Summer Apparel,OLV,q1_25,0.0,0.0
EVT_279291,2026-07-31 17:35:33,CMP_103,B2B SaaS Trial,Display,q1_25,0.0,0.0
EVT_661764,2026-07-29 05:53:55,CMP_103,B2B SaaS Trial,Display,q2_50,0.0,0.0
EVT_769078,2026-07-30 07:44:17,CMP_102,Tech Gadgets Launch,CTV,q1_25,0.0,0.0
EVT_821920,2026-07-31 16:58:45,CMP_102,Tech Gadgets Launch,CTV,q1_25,0.0,0.0
EVT_589899,2026-07-29 06:40:55,CMP_101,Summer Apparel,OLV,q4_100,0.0,0.0
EVT_423073,2026-07-30 11:14:07,CMP_101,Summer Apparel,OLV,impression,0.009,0.0
EVT_944210,2026-07-31 18:36:54,CMP_101,Summer Apparel,OLV,impression,0.007,0.0
EVT_105395,2026-07-29 04:05:27,CMP_103,B2B SaaS Trial,Display,impression,0.0046,0.0
EVT_421957,2026-07-30 03:16:43,CMP_101,Summer Apparel,OLV,click,0.0,0.0
EVT_377377,2026-07-30 16:26:52,CMP_102,Tech Gadgets Launch,CTV,q2_50,0.0,0.0
EVT_908036,2026-07-30 02:09:05,CMP_101,Summer Apparel,OLV,q3_75,0.0,0.0
EVT_152158,2026-07-30 06:39:12,CMP_103,B2B SaaS Trial,Display,q3_75,0.0,0.0
EVT_954750,2026-07-29 06:26:12,CMP_102,Tech Gadgets Launch,CTV,impression,0.0063,0.0
EVT_526419,2026-07-29 21:43:50,CMP_101,Summer Apparel,OLV,impression,0.0024,0.0
EVT_443774,2026-07-30 13:13:41,CMP_103,B2B SaaS Trial,Display,impression,0.0032,0.0
EVT_971661,2026-07-29 01:43:52,CMP_103,B2B SaaS Trial,Display,impression,0.0045,0.0
EVT_903548,2026-07-29 11:30:30,CMP_103,B2B SaaS Trial,Display,impression,0.0031,0.0
EVT_982300,2026-07-30 21:52:06,CMP_101,Summer Apparel,OLV,impression,0.0047,0.0
EVT_928754,2026-07-30 03:31:00,CMP_103,B2B SaaS Trial,Display,impression,0.0055,0.0
EVT_656099,2026-07-31 19:49:06,CMP_102,Tech Gadgets Launch,CTV,q1_25,0.0,0.0
EVT_784005,2026-07-28 21:13:05,CMP_102,Tech Gadgets Launch,CTV,q1_25,0.0,0.0
EVT_288044,2026-07-29 11:30:56,CMP_102,Tech Gadgets Launch,CTV,q4_100,0.0,0.0
EVT_272571,2026-07-30 05:51:07,CMP_103,B2B SaaS Trial,Display,q2_50,0.0,0.0
EVT_426085,2026-07-30 17:33:33,CMP_101,Summer Apparel,OLV,q1_25,0.0,0.0
EVT_642010,2026-07-29 13:10:11,CMP_102,Tech Gadgets Launch,CTV,impression,0.0032,0.0
EVT_882771,2026-07-29 22:42:42,CMP_103,B2B SaaS Trial,Display,impression,0.0071,0.0
EVT_988784,2026-07-30 06:55:15,CMP_103,B2B SaaS Trial,Display,impression,0.003,0.0
EVT_298366,2026-07-31 18:39:28,CMP_101,Summer Apparel,OLV,impression,0.01,0.0
EVT_650569,2026-07-30 13:28:12,CMP_102,Tech Gadgets Launch,CTV,q4_100,0.0,0.0
EVT_973081,2026-07-29 09:35:47,CMP_102,Tech Gadgets Launch,CTV,impression,0.0126,0.0
EVT_531142,2026-07-30 19:54:41,CMP_102,Tech Gadgets Launch,CTV,impression,0.0104,0.0
EVT_472939,2026-07-31 11:58:10,CMP_101,Summer Apparel,OLV,impression,0.0088,0.0
EVT_819669,2026-07-31 13:16:41,CMP_101,Summer Apparel,OLV,impression,0.008,0.0
EVT_307933,2026-07-30 14:05:33,CMP_101,Summer Apparel,OLV,impression,0.0113,0.0
EVT_644410,2026-07-30 00:07:30,CMP_102,Tech Gadgets Launch,CTV,q2_50,0.0,0.0
EVT_907837,2026-07-29 06:46:12,CMP_102,Tech Gadgets Launch,CTV,q1_25,0.0,0.0
EVT_661222,2026-07-31 07:33:37,CMP_103,B2B SaaS Trial,Display,impression,0.0131,0.0
EVT_236596,2026-07-28 23:26:42,CMP_103,B2B SaaS Trial,Display,impression,0.0049,0.0
EVT_338715,2026-07-29 06:13:29,CMP_101,Summer Apparel,OLV,q3_75,0.0,0.0
EVT_406303,2026-07-29 11:34:44,CMP_103,B2B SaaS Trial,Display,q1_25,0.0,0.0
EVT_613741,2026-07-29 12:31:22,CMP_103,B2B SaaS Trial,Display,impression,0.0057,0.0
EVT_674239,2026-07-29 05:59:29,CMP_102,Tech Gadgets Launch,CTV,impression,0.0034,0.0
EVT_723374,2026-07-30 22:06:19,CMP_102,Tech Gadgets Launch,CTV,q1_25,0.0,0.0
EVT_597537,2026-07-30 05:09:43,CMP_102,Tech Gadgets Launch,CTV,impression,0.0067,0.0
EVT_910305,2026-07-31 06:26:25,CMP_101,Summer Apparel,OLV,q3_75,0.0,0.0
EVT_600376,2026-07-30 04:48:55,CMP_101,Summer Apparel,OLV,impression,0.0097,0.0
EVT_472437,2026-07-29 01:38:09,CMP_102,Tech Gadgets Launch,CTV,conversion,0.0,64.43
EVT_501545,2026-07-29 11:42:04,CMP_103,B2B SaaS Trial,Display,q3_75,0.0,0.0
EVT_649098,2026-07-30 19:15:15,CMP_102,Tech Gadgets Launch,CTV,impression,0.0132,0.0
EVT_962086,2026-07-30 12:40:22,CMP_102,Tech Gadgets Launch,CTV,impression,0.0129,0.0
EVT_269864,2026-07-29 19:58:00,CMP_101,Summer Apparel,OLV,q2_50,0.0,0.0
EVT_332976,2026-07-31 03:33:09,CMP_102,Tech Gadgets Launch,CTV,impression,0.0135,0.0
EVT_447718,2026-07-30 18:26:22,CMP_101,Summer Apparel,OLV,q1_25,0.0,0.0
EVT_343911,2026-07-31 10:17:46,CMP_101,Summer Apparel,OLV,impression,0.0077,0.0
EVT_631009,2026-07-31 01:30:32,CMP_102,Tech Gadgets Launch,CTV,impression,0.0066,0.0
EVT_508730,2026-07-29 17:29:25,CMP_101,Summer Apparel,OLV,impression,0.0061,0.0
EVT_863532,2026-07-31 11:22:33,CMP_101,Summer Apparel,OLV,impression,0.0095,0.0
EVT_102954,2026-07-31 05:20:40,CMP_101,Summer Apparel,OLV,impression,0.0049,0.0
EVT_198301,2026-07-31 15:02:41,CMP_103,B2B SaaS Trial,Display,impression,0.0099,0.0
EVT_144883,2026-07-31 01:45:38,CMP_103,B2B SaaS Trial,Display,q4_100,0.0,0.0
EVT_402080,2026-07-30 12:59:51,CMP_102,Tech Gadgets Launch,CTV,impression,0.006,0.0
EVT_190098,2026-07-30 09:15:36,CMP_101,Summer Apparel,OLV,impression,0.0059,0.0
EVT_792314,2026-07-30 08:24:55,CMP_102,Tech Gadgets Launch,CTV,impression,0.0051,0.0
EVT_255958,2026-07-30 02:01:55,CMP_103,B2B SaaS Trial,Display,impression,0.0118,0.0
EVT_574477,2026-07-28 22:26:57,CMP_101,Summer Apparel,OLV,impression,0.006,0.0
EVT_485887,2026-07-31 13:57:50,CMP_103,B2B SaaS Trial,Display,q2_50,0.0,0.0
EVT_638729,2026-07-29 00:51:13,CMP_103,B2B SaaS Trial,Display,impression,0.0106,0.0
EVT_238581,2026-07-30 05:03:42,CMP_103,B2B SaaS Trial,Display,q4_100,0.0,0.0
EVT_485751,2026-07-29 09:40:50,CMP_103,B2B SaaS Trial,Display,q2_50,0.0,0.0
EVT_582788,2026-07-30 14:41:55,CMP_102,Tech Gadgets Launch,CTV,impression,0.0104,0.0
EVT_588037,2026-07-30 09:10:29,CMP_103,B2B SaaS Trial,Display,q2_50,0.0,0.0
EVT_790458,2026-07-30 07:33:44,CMP_102,Tech Gadgets Launch,CTV,impression,0.0021,0.0
EVT_428164,2026-07-29 01:11:58,CMP_103,B2B SaaS Trial,Display,q1_25,0.0,0.0
EVT_380888,2026-07-29 03:34:34,CMP_101,Summer Apparel,OLV,impression,0.006,0.0
EVT_279995,2026-07-29 13:34:54,CMP_103,B2B SaaS Trial,Display,q3_75,0.0,0.0
EVT_937774,2026-07-30 18:20:19,CMP_102,Tech Gadgets Launch,CTV,q1_25,0.0,0.0
EVT_440107,2026-07-29 20:42:35,CMP_102,Tech Gadgets Launch,CTV,impression,0.0063,0.0
EVT_603868,2026-07-30 00:05:52,CMP_103,B2B SaaS Trial,Display,impression,0.0081,0.0
EVT_467418,2026-07-29 14:58:07,CMP_103,B2B SaaS Trial,Display,impression,0.0068,0.0
EVT_146368,2026-07-30 03:01:01,CMP_103,B2B SaaS Trial,Display,q3_75,0.0,0.0
EVT_198336,2026-07-29 01:52:04,CMP_101,Summer Apparel,OLV,q1_25,0.0,0.0
EVT_893027,2026-07-30 21:46:22,CMP_101,Summer Apparel,OLV,impression,0.0038,0.0
EVT_601348,2026-07-30 23:16:07,CMP_101,Summer Apparel,OLV,q1_25,0.0,0.0
EVT_119824,2026-07-28 22:20:48,CMP_103,B2B SaaS Trial,Display,impression,0.0072,0.0
EVT_226955,2026-07-29 23:23:51,CMP_101,Summer Apparel,OLV,q2_50,0.0,0.0
EVT_687823,2026-07-29 22:19:54,CMP_102,Tech Gadgets Launch,CTV,impression,0.0131,0.0
EVT_409318,2026-07-29 10:03:49,CMP_102,Tech Gadgets Launch,CTV,q3_75,0.0,0.0
EVT_710362,2026-07-30 06:11:29,CMP_103,B2B SaaS Trial,Display,q2_50,0.0,0.0
EVT_988328,2026-07-29 17:23:15,CMP_103,B2B SaaS Trial,Display,q2_50,0.0,0.0
EVT_620390,2026-07-30 23:37:14,CMP_102,Tech Gadgets Launch,CTV,q2_50,0.0,0.0
EVT_907136,2026-07-28 23:30:53,CMP_102,Tech Gadgets Launch,CTV,impression,0.0035,0.0
EVT_853958,2026-07-29 02:15:48,CMP_102,Tech Gadgets Launch,CTV,impression,0.0026,0.0
EVT_977296,2026-07-30 05:55:31,CMP_101,Summer Apparel,OLV,impression,0.0086,0.0
EVT_395247,2026-07-30 19:28:02,CMP_102,Tech Gadgets Launch,CTV,impression,0.0051,0.0
EVT_537385,2026-07-31 12:17:32,CMP_103,B2B SaaS Trial,Display,impression,0.0111,0.0
EVT_206187,2026-07-30 05:21:48,CMP_102,Tech Gadgets Launch,CTV,q2_50,0.0,0.0
EVT_238767,2026-07-30 15:22:20,CMP_103,B2B SaaS Trial,Display,impression,0.0081,0.0
EVT_347571,2026-07-30 04:07:55,CMP_101,Summer Apparel,OLV,q3_75,0.0,0.0
EVT_373568,2026-07-31 02:48:46,CMP_101,Summer Apparel,OLV,q1_25,0.0,0.0
EVT_961606,2026-07-29 00:55:46,CMP_101,Summer Apparel,OLV,q1_25,0.0,0.0
EVT_817030,2026-07-29 22:56:22,CMP_101,Summer Apparel,OLV,q2_50,0.0,0.0
EVT_520041,2026-07-29 17:41:06,CMP_102,Tech Gadgets Launch,CTV,impression,0.0076,0.0
EVT_173747,2026-07-31 17:31:49,CMP_101,Summer Apparel,OLV,impression,0.0076,0.0
EVT_814564,2026-07-29 12:59:23,CMP_103,B2B SaaS Trial,Display,q2_50,0.0,0.0
EVT_700256,2026-07-29 08:42:07,CMP_103,B2B SaaS Trial,Display,q1_25,0.0,0.0
EVT_463940,2026-07-30 20:06:50,CMP_102,Tech Gadgets Launch,CTV,impression,0.0113,0.0
EVT_499019,2026-07-31 16:53:55,CMP_103,B2B SaaS Trial,Display,impression,0.0132,0.0
EVT_555025,2026-07-29 18:17:25,CMP_102,Tech Gadgets Launch,CTV,q2_50,0.0,0.0
EVT_900119,2026-07-29 11:49:00,CMP_102,Tech Gadgets Launch,CTV,q1_25,0.0,0.0
EVT_130011,2026-07-30 13:40:39,CMP_103,B2B SaaS Trial,Display,q3_75,0.0,0.0
EVT_429662,2026-07-28 20:52:23,CMP_103,B2B SaaS Trial,Display,q3_75,0.0,0.0
EVT_421139,2026-07-28 21:19:46,CMP_103,B2B SaaS Trial,Display,q1_25,0.0,0.0
EVT_889866,2026-07-31 00:29:53,CMP_103,B2B SaaS Trial,Display,impression,0.0101,0.0
EVT_677269,2026-07-31 04:00:42,CMP_103,B2B SaaS Trial,Display,impression,0.0098,0.0
EVT_317571,2026-07-29 00:13:39,CMP_101,Summer Apparel,OLV,q4_100,0.0,0.0
EVT_808786,2026-07-30 18:40:02,CMP_101,Summer Apparel,OLV,q3_75,0.0,0.0
EVT_337889,2026-07-30 11:41:44,CMP_103,B2B SaaS Trial,Display,impression,0.0102,0.0
EVT_395827,2026-07-30 12:42:49,CMP_101,Summer Apparel,OLV,impression,0.0036,0.0
EVT_875744,2026-07-29 11:38:43,CMP_101,Summer Apparel,OLV,impression,0.0049,0.0
EVT_781772,2026-07-30 08:59:18,CMP_103,B2B SaaS Trial,Display,q2_50,0.0,0.0
EVT_839816,2026-07-30 05:55:48,CMP_102,Tech Gadgets Launch,CTV,impression,0.0021,0.0
EVT_906104,2026-07-31 07:01:07,CMP_101,Summer Apparel,OLV,impression,0.0082,0.0
EVT_826211,2026-07-30 00:10:44,CMP_102,Tech Gadgets Launch,CTV,impression,0.0095,0.0
EVT_502766,2026-07-29 21:37:43,CMP_102,Tech Gadgets Launch,CTV,q1_25,0.0,0.0
EVT_255597,2026-07-30 05:59:54,CMP_102,Tech Gadgets Launch,CTV,impression,0.0098,0.0
EVT_550067,2026-07-30 12:58:52,CMP_101,Summer Apparel,OLV,impression,0.0057,0.0
EVT_508944,2026-07-31 17:25:38,CMP_103,B2B SaaS Trial,Display,q1_25,0.0,0.0
EVT_145697,2026-07-31 05:49:21,CMP_103,B2B SaaS Trial,Display,impression,0.0073,0.0
EVT_392677,2026-07-31 16:18:35,CMP_101,Summer Apparel,OLV,impression,0.0139,0.0
EVT_985869,2026-07-31 08:26:35,CMP_103,B2B SaaS Trial,Display,q1_25,0.0,0.0
EVT_479331,2026-07-30 16:17:21,CMP_102,Tech Gadgets Launch,CTV,impression,0.0026,0.0
EVT_435767,2026-07-30 08:43:39,CMP_103,B2B SaaS Trial,Display,q3_75,0.0,0.0
EVT_178550,2026-07-29 20:08:21,CMP_101,Summer Apparel,OLV,q1_25,0.0,0.0
EVT_620116,2026-07-29 21:09:42,CMP_101,Summer Apparel,OLV,q2_50,0.0,0.0
EVT_255170,2026-07-31 00:57:17,CMP_101,Summer Apparel,OLV,q2_50,0.0,0.0
EVT_693331,2026-07-31 13:44:44,CMP_103,B2B SaaS Trial,Display,q2_50,0.0,0.0
EVT_660998,2026-07-29 11:27:37,CMP_101,Summer Apparel,OLV,q3_75,0.0,0.0
EVT_300347,2026-07-30 03:33:44,CMP_101,Summer Apparel,OLV,q1_25,0.0,0.0
EVT_222294,2026-07-29 23:25:19,CMP_103,B2B SaaS Trial,Display,q1_25,0.0,0.0
EVT_831588,2026-07-30 04:11:46,CMP_101,Summer Apparel,OLV,impression,0.004,0.0
EVT_252854,2026-07-29 01:38:35,CMP_102,Tech Gadgets Launch,CTV,impression,0.0142,0.0
EVT_155834,2026-07-29 08:08:26,CMP_101,Summer Apparel,OLV,impression,0.0081,0.0
EVT_113134,2026-07-30 04:46:48,CMP_101,Summer Apparel,OLV,q1_25,0.0,0.0
EVT_366462,2026-07-31 01:01:32,CMP_102,Tech Gadgets Launch,CTV,q3_75,0.0,0.0
EVT_667652,2026-07-31 17:26:44,CMP_102,Tech Gadgets Launch,CTV,impression,0.0102,0.0
EVT_538058,2026-07-30 02:28:47,CMP_101,Summer Apparel,OLV,q1_25,0.0,0.0
EVT_801203,2026-07-30 22:58:04,CMP_103,B2B SaaS Trial,Display,q2_50,0.0,0.0
EVT_337285,2026-07-30 08:28:37,CMP_103,B2B SaaS Trial,Display,q2_50,0.0,0.0
EVT_800641,2026-07-31 11:20:57,CMP_101,Summer Apparel,OLV,q3_75,0.0,0.0
EVT_378329,2026-07-31 01:09:13,CMP_103,B2B SaaS Trial,Display,impression,0.0119,0.0
EVT_445670,2026-07-29 18:19:44,CMP_101,Summer Apparel,OLV,q3_75,0.0,0.0
EVT_288312,2026-07-30 03:16:22,CMP_101,Summer Apparel,OLV,q2_50,0.0,0.0
EVT_947270,2026-07-29 21:03:01,CMP_102,Tech Gadgets Launch,CTV,impression,0.0136,0.0
EVT_749050,2026-07-29 11:26:04,CMP_103,B2B SaaS Trial,Display,q2_50,0.0,0.0
EVT_836404,2026-07-29 12:26:25,CMP_102,Tech Gadgets Launch,CTV,impression,0.006,0.0
EVT_890677,2026-07-31 05:32:11,CMP_103,B2B SaaS Trial,Display,impression,0.0135,0.0
EVT_284711,2026-07-30 05:00:09,CMP_101,Summer Apparel,OLV,q2_50,0.0,0.0
EVT_414120,2026-07-31 01:46:30,CMP_101,Summer Apparel,OLV,impression,0.0104,0.0
EVT_518123,2026-07-30 02:51:03,CMP_102,Tech Gadgets Launch,CTV,q3_75,0.0,0.0
EVT_914618,2026-07-30 02:16:21,CMP_102,Tech Gadgets Launch,CTV,impression,0.0142,0.0
EVT_703925,2026-07-30 08:03:45,CMP_101,Summer Apparel,OLV,q1_25,0.0,0.0
EVT_133046,2026-07-29 14:13:10,CMP_102,Tech Gadgets Launch,CTV,impression,0.0094,0.0
EVT_533150,2026-07-29 18:59:15,CMP_101,Summer Apparel,OLV,impression,0.0123,0.0
EVT_730454,2026-07-31 04:42:35,CMP_103,B2B SaaS Trial,Display,q3_75,0.0,0.0
EVT_703914,2026-07-31 20:02:29,CMP_102,Tech Gadgets Launch,CTV,impression,0.0073,0.0
EVT_533858,2026-07-31 18:48:37,CMP_103,B2B SaaS Trial,Display,click,0.0,0.0
EVT_600393,2026-07-30 08:02:15,CMP_103,B2B SaaS Trial,Display,impression,0.0125,0.0
EVT_333681,2026-07-30 21:32:58,CMP_101,Summer Apparel,OLV,impression,0.0121,0.0
EVT_416353,2026-07-30 10:54:33,CMP_103,B2B SaaS Trial,Display,impression,0.0023,0.0
EVT_533784,2026-07-30 12:56:44,CMP_102,Tech Gadgets Launch,CTV,impression,0.0036,0.0
EVT_836742,2026-07-31 16:35:54,CMP_101,Summer Apparel,OLV,impression,0.0071,0.0
EVT_720707,2026-07-31 10:13:56,CMP_101,Summer Apparel,OLV,q1_25,0.0,0.0
EVT_684356,2026-07-30 05:17:14,CMP_102,Tech Gadgets Launch,CTV,impression,0.0051,0.0
EVT_231727,2026-07-29 00:45:19,CMP_102,Tech Gadgets Launch,CTV,impression,0.0124,0.0
EVT_393634,2026-07-29 07:11:49,CMP_102,Tech Gadgets Launch,CTV,impression,0.012,0.0
EVT_219075,2026-07-31 01:34:23,CMP_101,Summer Apparel,OLV,impression,0.0093,0.0
EVT_163805,2026-07-28 23:29:09,CMP_101,Summer Apparel,OLV,impression,0.0027,0.0
EVT_781977,2026-07-31 10:37:06,CMP_101,Summer Apparel,OLV,q2_50,0.0,0.0
EVT_509058,2026-07-30 01:53:35,CMP_103,B2B SaaS Trial,Display,impression,0.0108,0.0
EVT_120248,2026-07-29 04:02:27,CMP_103,B2B SaaS Trial,Display,impression,0.0039,0.0
EVT_637751,2026-07-29 05:09:20,CMP_103,B2B SaaS Trial,Display,impression,0.0143,0.0
EVT_560702,2026-07-31 02:42:42,CMP_101,Summer Apparel,OLV,click,0.0,0.0
EVT_225510,2026-07-30 12:26:24,CMP_103,B2B SaaS Trial,Display,q1_25,0.0,0.0
EVT_276288,2026-07-28 21:09:41,CMP_102,Tech Gadgets Launch,CTV,q1_25,0.0,0.0
EVT_623954,2026-07-30 14:57:27,CMP_101,Summer Apparel,OLV,impression,0.012,0.0
EVT_699994,2026-07-31 01:25:08,CMP_101,Summer Apparel,OLV,q2_50,0.0,0.0
EVT_589195,2026-07-30 22:30:54,CMP_101,Summer Apparel,OLV,impression,0.0077,0.0
EVT_289109,2026-07-28 21:58:00,CMP_102,Tech Gadgets Launch,CTV,q1_25,0.0,0.0
EVT_289897,2026-07-30 16:18:29,CMP_101,Summer Apparel,OLV,q4_100,0.0,0.0
EVT_469629,2026-07-30 23:58:11,CMP_103,B2B SaaS Trial,Display,q3_75,0.0,0.0
EVT_183273,2026-07-30 18:27:32,CMP_102,Tech Gadgets Launch,CTV,q2_50,0.0,0.0
EVT_390649,2026-07-31 08:44:30,CMP_102,Tech Gadgets Launch,CTV,q1_25,0.0,0.0
EVT_487313,2026-07-31 18:56:58,CMP_103,B2B SaaS Trial,Display,impression,0.0134,0.0
EVT_854036,2026-07-31 12:49:05,CMP_101,Summer Apparel,OLV,impression,0.0062,0.0
EVT_723547,2026-07-29 11:19:47,CMP_103,B2B SaaS Trial,Display,q1_25,0.0,0.0
EVT_978214,2026-07-29 05:06:16,CMP_101,Summer Apparel,OLV,impression,0.0092,0.0
EVT_987488,2026-07-29 05:08:18,CMP_102,Tech Gadgets Launch,CTV,impression,0.0101,0.0
EVT_630670,2026-07-29 10:41:04,CMP_101,Summer Apparel,OLV,q4_100,0.0,0.0
EVT_233529,2026-07-30 20:06:42,CMP_103,B2B SaaS Trial,Display,impression,0.0112,0.0
EVT_481510,2026-07-31 08:00:07,CMP_102,Tech Gadgets Launch,CTV,q1_25,0.0,0.0
EVT_783008,2026-07-31 10:53:52,CMP_102,Tech Gadgets Launch,CTV,impression,0.0087,0.0
EVT_778567,2026-07-31 15:15:36,CMP_101,Summer Apparel,OLV,q3_75,0.0,0.0
EVT_760514,2026-07-31 11:21:41,CMP_101,Summer Apparel,OLV,impression,0.0036,0.0
EVT_404868,2026-07-30 19:31:40,CMP_103,B2B SaaS Trial,Display,impression,0.0087,0.0
EVT_215767,2026-07-29 10:54:58,CMP_101,Summer Apparel,OLV,impression,0.0034,0.0
EVT_811224,2026-07-31 08:35:43,CMP_101,Summer Apparel,OLV,q2_50,0.0,0.0
EVT_606479,2026-07-31 17:02:25,CMP_103,B2B SaaS Trial,Display,impression,0.0064,0.0
EVT_809484,2026-07-30 23:47:54,CMP_101,Summer Apparel,OLV,impression,0.0113,0.0
EVT_558487,2026-07-31 09:20:42,CMP_103,B2B SaaS Trial,Display,impression,0.0073,0.0
EVT_647414,2026-07-30 16:55:56,CMP_102,Tech Gadgets Launch,CTV,q1_25,0.0,0.0
EVT_271632,2026-07-29 14:53:20,CMP_101,Summer Apparel,OLV,q2_50,0.0,0.0
EVT_230490,2026-07-28 20:44:36,CMP_102,Tech Gadgets Launch,CTV,impression,0.0103,0.0
EVT_871503,2026-07-28 23:25:20,CMP_103,B2B SaaS Trial,Display,impression,0.0049,0.0
EVT_704987,2026-07-30 15:47:28,CMP_102,Tech Gadgets Launch,CTV,impression,0.0149,0.0
EVT_846064,2026-07-31 06:31:26,CMP_103,B2B SaaS Trial,Display,impression,0.0149,0.0
EVT_479422,2026-07-29 20:15:14,CMP_103,B2B SaaS Trial,Display,impression,0.0041,0.0
EVT_116956,2026-07-31 01:59:52,CMP_103,B2B SaaS Trial,Display,q3_75,0.0,0.0
EVT_940203,2026-07-28 21:20:32,CMP_103,B2B SaaS Trial,Display,q4_100,0.0,0.0
EVT_950141,2026-07-30 14:18:39,CMP_101,Summer Apparel,OLV,impression,0.0115,0.0
EVT_794199,2026-07-29 10:54:47,CMP_102,Tech Gadgets Launch,CTV,q1_25,0.0,0.0
EVT_272956,2026-07-31 01:16:09,CMP_101,Summer Apparel,OLV,q1_25,0.0,0.0
EVT_534485,2026-07-29 13:35:10,CMP_102,Tech Gadgets Launch,CTV,q1_25,0.0,0.0
EVT_877391,2026-07-30 09:23:00,CMP_102,Tech Gadgets Launch,CTV,impression,0.0064,0.0
EVT_307434,2026-07-29 16:06:29,CMP_101,Summer Apparel,OLV,impression,0.0054,0.0
EVT_187741,2026-07-28 23:50:25,CMP_101,Summer Apparel,OLV,impression,0.0139,0.0
EVT_202954,2026-07-31 05:40:44,CMP_103,B2B SaaS Trial,Display,q4_100,0.0,0.0
EVT_380725,2026-07-30 06:20:48,CMP_101,Summer Apparel,OLV,impression,0.0062,0.0
EVT_523848,2026-07-29 22:03:13,CMP_103,B2B SaaS Trial,Display,q1_25,0.0,0.0
EVT_859611,2026-07-31 15:40:44,CMP_102,Tech Gadgets Launch,CTV,impression,0.0124,0.0
EVT_490881,2026-07-29 20:43:50,CMP_101,Summer Apparel,OLV,q3_75,0.0,0.0
EVT_149518,2026-07-31 00:24:53,CMP_102,Tech Gadgets Launch,CTV,impression,0.007,0.0
EVT_952429,2026-07-30 06:17:20,CMP_101,Summer Apparel,OLV,impression,0.0137,0.0
EVT_415198,2026-07-30 14:06:53,CMP_102,Tech Gadgets Launch,CTV,impression,0.0118,0.0
EVT_898836,2026-07-30 11:07:02,CMP_102,Tech Gadgets Launch,CTV,impression,0.003,0.0
EVT_758652,2026-07-30 09:48:48,CMP_101,Summer Apparel,OLV,q1_25,0.0,0.0
EVT_974619,2026-07-30 16:08:56,CMP_101,Summer Apparel,OLV,q3_75,0.0,0.0
EVT_225056,2026-07-31 15:51:45,CMP_103,B2B SaaS Trial,Display,q3_75,0.0,0.0
EVT_154654,2026-07-30 02:47:01,CMP_103,B2B SaaS Trial,Display,q1_25,0.0,0.0
EVT_997257,2026-07-31 16:46:53,CMP_101,Summer Apparel,OLV,q2_50,0.0,0.0
EVT_300611,2026-07-31 04:29:00,CMP_101,Summer Apparel,OLV,impression,0.0103,0.0
EVT_535581,2026-07-30 17:54:33,CMP_102,Tech Gadgets Launch,CTV,impression,0.0073,0.0
EVT_156292,2026-07-30 05:47:47,CMP_101,Summer Apparel,OLV,q3_75,0.0,0.0
EVT_113460,2026-07-31 08:26:27,CMP_103,B2B SaaS Trial,Display,impression,0.0086,0.0
EVT_391980,2026-07-31 18:00:58,CMP_103,B2B SaaS Trial,Display,impression,0.0096,0.0
EVT_864959,2026-07-30 13:52:13,CMP_102,Tech Gadgets Launch,CTV,impression,0.0037,0.0
EVT_237787,2026-07-30 22:10:58,CMP_102,Tech Gadgets Launch,CTV,impression,0.0097,0.0
EVT_801763,2026-07-29 15:35:58,CMP_101,Summer Apparel,OLV,impression,0.0066,0.0
EVT_442653,2026-07-29 12:34:18,CMP_101,Summer Apparel,OLV,impression,0.0052,0.0
EVT_160028,2026-07-31 02:46:41,CMP_102,Tech Gadgets Launch,CTV,impression,0.0046,0.0
EVT_814859,2026-07-30 16:56:55,CMP_103,B2B SaaS Trial,Display,impression,0.0134,0.0
EVT_775533,2026-07-29 10:11:49,CMP_102,Tech Gadgets Launch,CTV,impression,0.0129,0.0
EVT_476740,2026-07-30 09:19:06,CMP_102,Tech Gadgets Launch,CTV,click,0.0,0.0
EVT_626657,2026-07-29 08:30:05,CMP_103,B2B SaaS Trial,Display,q1_25,0.0,0.0
EVT_128329,2026-07-29 12:38:25,CMP_102,Tech Gadgets Launch,CTV,q2_50,0.0,0.0
EVT_401639,2026-07-29 07:13:25,CMP_102,Tech Gadgets Launch,CTV,q1_25,0.0,0.0
EVT_213705,2026-07-31 00:49:49,CMP_102,Tech Gadgets Launch,CTV,impression,0.007,0.0
EVT_100448,2026-07-29 09:51:13,CMP_102,Tech Gadgets Launch,CTV,q2_50,0.0,0.0
EVT_856901,2026-07-31 12:20:47,CMP_103,B2B SaaS Trial,Display,impression,0.0131,0.0
EVT_833370,2026-07-29 15:31:20,CMP_103,B2B SaaS Trial,Display,q2_50,0.0,0.0
EVT_370672,2026-07-30 16:14:16,CMP_102,Tech Gadgets Launch,CTV,q1_25,0.0,0.0
EVT_689933,2026-07-29 13:25:33,CMP_103,B2B SaaS Trial,Display,impression,0.0111,0.0
EVT_302278,2026-07-30 14:49:29,CMP_101,Summer Apparel,OLV,q2_50,0.0,0.0
EVT_678714,2026-07-31 06:59:45,CMP_101,Summer Apparel,OLV,q4_100,0.0,0.0
EVT_165860,2026-07-29 05:03:35,CMP_101,Summer Apparel,OLV,q1_25,0.0,0.0
EVT_725722,2026-07-29 00:09:55,CMP_101,Summer Apparel,OLV,q1_25,0.0,0.0
EVT_624573,2026-07-31 10:09:04,CMP_101,Summer Apparel,OLV,q2_50,0.0,0.0
EVT_407841,2026-07-29 10:49:39,CMP_101,Summer Apparel,OLV,impression,0.0075,0.0
EVT_940473,2026-07-31 08:30:01,CMP_101,Summer Apparel,OLV,impression,0.0139,0.0
EVT_252718,2026-07-31 07:48:29,CMP_102,Tech Gadgets Launch,CTV,impression,0.0112,0.0
EVT_791805,2026-07-29 20:21:00,CMP_102,Tech Gadgets Launch,CTV,q1_25,0.0,0.0
EVT_576751,2026-07-30 02:22:47,CMP_101,Summer Apparel,OLV,impression,0.0148,0.0
EVT_988317,2026-07-29 07:44:31,CMP_101,Summer Apparel,OLV,q3_75,0.0,0.0
EVT_436958,2026-07-30 00:01:11,CMP_102,Tech Gadgets Launch,CTV,q1_25,0.0,0.0
EVT_465904,2026-07-29 16:56:11,CMP_101,Summer Apparel,OLV,impression,0.0086,0.0
EVT_623900,2026-07-29 03:41:46,CMP_102,Tech Gadgets Launch,CTV,impression,0.0028,0.0
EVT_254479,2026-07-29 11:30:16,CMP_101,Summer Apparel,OLV,q1_25,0.0,0.0
EVT_586794,2026-07-29 06:00:57,CMP_101,Summer Apparel,OLV,q1_25,0.0,0.0
EVT_704907,2026-07-29 00:18:43,CMP_102,Tech Gadgets Launch,CTV,impression,0.0113,0.0
EVT_232892,2026-07-30 17:31:25,CMP_103,B2B SaaS Trial,Display,q1_25,0.0,0.0
EVT_224631,2026-07-31 10:41:46,CMP_101,Summer Apparel,OLV,impression,0.0117,0.0
EVT_702513,2026-07-30 09:52:39,CMP_103,B2B SaaS Trial,Display,impression,0.0024,0.0
EVT_766530,2026-07-28 21:39:59,CMP_101,Summer Apparel,OLV,click,0.0,0.0
EVT_232257,2026-07-28 23:44:32,CMP_101,Summer Apparel,OLV,q1_25,0.0,0.0
EVT_247819,2026-07-31 00:15:16,CMP_103,B2B SaaS Trial,Display,q3_75,0.0,0.0
EVT_912595,2026-07-29 19:41:08,CMP_103,B2B SaaS Trial,Display,q3_75,0.0,0.0
EVT_963367,2026-07-30 12:16:36,CMP_103,B2B SaaS Trial,Display,impression,0.0041,0.0
EVT_606650,2026-07-29 05:06:12,CMP_103,B2B SaaS Trial,Display,q1_25,0.0,0.0
EVT_219578,2026-07-29 23:31:07,CMP_102,Tech Gadgets Launch,CTV,impression,0.0065,0.0
EVT_928007,2026-07-29 22:29:54,CMP_102,Tech Gadgets Launch,CTV,q1_25,0.0,0.0
EVT_167187,2026-07-31 07:37:31,CMP_103,B2B SaaS Trial,Display,impression,0.0142,0.0
EVT_476366,2026-07-31 00:29:01,CMP_101,Summer Apparel,OLV,impression,0.0092,0.0
EVT_355621,2026-07-29 22:31:04,CMP_101,Summer Apparel,OLV,impression,0.0041,0.0
EVT_570547,2026-07-29 07:35:15,CMP_103,B2B SaaS Trial,Display,impression,0.0083,0.0
EVT_103618,2026-07-29 06:00:52,CMP_102,Tech Gadgets Launch,CTV,impression,0.0108,0.0
EVT_444090,2026-07-28 23:52:53,CMP_101,Summer Apparel,OLV,q4_100,0.0,0.0
EVT_988481,2026-07-29 06:54:48,CMP_102,Tech Gadgets Launch,CTV,q3_75,0.0,0.0
EVT_996542,2026-07-30 06:13:58,CMP_101,Summer Apparel,OLV,impression,0.0022,0.0
EVT_550938,2026-07-31 08:59:19,CMP_101,Summer Apparel,OLV,impression,0.0141,0.0
EVT_990397,2026-07-29 20:43:08,CMP_102,Tech Gadgets Launch,CTV,impression,0.0038,0.0
EVT_418418,2026-07-29 11:32:19,CMP_102,Tech Gadgets Launch,CTV,impression,0.0029,0.0
EVT_264603,2026-07-31 07:09:14,CMP_103,B2B SaaS Trial,Display,impression,0.0112,0.0
EVT_341323,2026-07-29 16:39:43,CMP_101,Summer Apparel,OLV,q1_25,0.0,0.0
EVT_406784,2026-07-30 15:40:17,CMP_102,Tech Gadgets Launch,CTV,q3_75,0.0,0.0
EVT_325963,2026-07-31 13:37:23,CMP_101,Summer Apparel,OLV,impression,0.0134,0.0
EVT_143048,2026-07-31 01:52:56,CMP_103,B2B SaaS Trial,Display,impression,0.003,0.0
EVT_880349,2026-07-29 22:53:40,CMP_101,Summer Apparel,OLV,impression,0.0126,0.0
EVT_268311,2026-07-30 15:39:37,CMP_103,B2B SaaS Trial,Display,click,0.0,0.0
EVT_465997,2026-07-29 03:46:41,CMP_103,B2B SaaS Trial,Display,impression,0.0066,0.0
EVT_938342,2026-07-30 07:06:08,CMP_101,Summer Apparel,OLV,impression,0.0029,0.0
EVT_593257,2026-07-29 05:25:35,CMP_102,Tech Gadgets Launch,CTV,q1_25,0.0,0.0
EVT_445314,2026-07-30 06:18:12,CMP_101,Summer Apparel,OLV,q3_75,0.0,0.0
EVT_146052,2026-07-30 22:14:06,CMP_102,Tech Gadgets Launch,CTV,q2_50,0.0,0.0
EVT_348886,2026-07-30 08:31:05,CMP_101,Summer Apparel,OLV,impression,0.012,0.0
EVT_901856,2026-07-29 23:20:12,CMP_102,Tech Gadgets Launch,CTV,impression,0.0052,0.0
EVT_215638,2026-07-31 19:00:26,CMP_103,B2B SaaS Trial,Display,impression,0.0077,0.0
EVT_837256,2026-07-30 11:06:00,CMP_103,B2B SaaS Trial,Display,impression,0.0052,0.0
EVT_357940,2026-07-30 07:14:16,CMP_102,Tech Gadgets Launch,CTV,impression,0.0039,0.0
EVT_693048,2026-07-31 17:12:42,CMP_101,Summer Apparel,OLV,q3_75,0.0,0.0
EVT_744784,2026-07-29 09:51:35,CMP_102,Tech Gadgets Launch,CTV,impression,0.0037,0.0
EVT_396588,2026-07-29 22:26:58,CMP_101,Summer Apparel,OLV,impression,0.0036,0.0
EVT_482358,2026-07-30 04:03:56,CMP_103,B2B SaaS Trial,Display,q2_50,0.0,0.0
EVT_906354,2026-07-30 13:46:24,CMP_101,Summer Apparel,OLV,impression,0.0027,0.0
EVT_309898,2026-07-29 02:24:33,CMP_102,Tech Gadgets Launch,CTV,impression,0.0137,0.0
EVT_953184,2026-07-29 23:49:03,CMP_102,Tech Gadgets Launch,CTV,impression,0.0095,0.0
EVT_969361,2026-07-29 05:04:19,CMP_102,Tech Gadgets Launch,CTV,impression,0.0049,0.0
EVT_620696,2026-07-29 20:10:10,CMP_102,Tech Gadgets Launch,CTV,impression,0.0115,0.0
EVT_148759,2026-07-29 16:56:37,CMP_101,Summer Apparel,OLV,q1_25,0.0,0.0
EVT_288733,2026-07-29 03:22:28,CMP_102,Tech Gadgets Launch,CTV,impression,0.0146,0.0
EVT_733440,2026-07-30 01:40:16,CMP_101,Summer Apparel,OLV,impression,0.0106,0.0
EVT_980718,2026-07-30 02:05:28,CMP_103,B2B SaaS Trial,Display,impression,0.004,0.0
EVT_226081,2026-07-30 15:00:43,CMP_101,Summer Apparel,OLV,impression,0.0107,0.0
EVT_819573,2026-07-30 23:41:50,CMP_101,Summer Apparel,OLV,q1_25,0.0,0.0
EVT_411890,2026-07-31 17:14:01,CMP_102,Tech Gadgets Launch,CTV,q3_75,0.0,0.0
EVT_308783,2026-07-29 12:13:43,CMP_101,Summer Apparel,OLV,impression,0.0083,0.0
EVT_273544,2026-07-30 04:12:45,CMP_101,Summer Apparel,OLV,impression,0.0093,0.0
EVT_496476,2026-07-31 05:33:01,CMP_101,Summer Apparel,OLV,q3_75,0.0,0.0
EVT_752272,2026-07-30 21:36:50,CMP_103,B2B SaaS Trial,Display,q1_25,0.0,0.0
EVT_231989,2026-07-31 09:43:12,CMP_103,B2B SaaS Trial,Display,impression,0.002,0.0
EVT_697413,2026-07-29 21:25:06,CMP_103,B2B SaaS Trial,Display,impression,0.0113,0.0
EVT_598231,2026-07-29 07:03:26,CMP_103,B2B SaaS Trial,Display,q1_25,0.0,0.0
EVT_435386,2026-07-30 03:27:11,CMP_103,B2B SaaS Trial,Display,impression,0.01,0.0
EVT_435607,2026-07-29 11:22:34,CMP_102,Tech Gadgets Launch,CTV,conversion,0.0,82.99
EVT_110168,2026-07-29 10:19:13,CMP_102,Tech Gadgets Launch,CTV,impression,0.0138,0.0
EVT_248459,2026-07-31 05:27:11,CMP_101,Summer Apparel,OLV,q1_25,0.0,0.0
EVT_687583,2026-07-31 09:09:27,CMP_101,Summer Apparel,OLV,impression,0.0138,0.0
EVT_859384,2026-07-30 01:43:52,CMP_103,B2B SaaS Trial,Display,impression,0.0139,0.0
EVT_996137,2026-07-29 08:44:34,CMP_103,B2B SaaS Trial,Display,q3_75,0.0,0.0
EVT_515548,2026-07-29 11:59:32,CMP_101,Summer Apparel,OLV,impression,0.0106,0.0
EVT_748523,2026-07-30 08:37:52,CMP_101,Summer Apparel,OLV,q2_50,0.0,0.0
EVT_137659,2026-07-29 16:44:13,CMP_103,B2B SaaS Trial,Display,q3_75,0.0,0.0
EVT_958466,2026-07-30 03:47:03,CMP_101,Summer Apparel,OLV,q2_50,0.0,0.0
EVT_231653,2026-07-31 01:28:55,CMP_101,Summer Apparel,OLV,q1_25,0.0,0.0
EVT_424043,2026-07-30 15:57:45,CMP_103,B2B SaaS Trial,Display,impression,0.005,0.0
EVT_833793,2026-07-30 15:08:18,CMP_103,B2B SaaS Trial,Display,q2_50,0.0,0.0
EVT_895807,2026-07-29 07:13:47,CMP_103,B2B SaaS Trial,Display,q1_25,0.0,0.0
EVT_104589,2026-07-31 12:41:47,CMP_101,Summer Apparel,OLV,q4_100,0.0,0.0
EVT_360323,2026-07-31 03:17:12,CMP_102,Tech Gadgets Launch,CTV,impression,0.0116,0.0
EVT_911915,2026-07-29 19:21:31,CMP_102,Tech Gadgets Launch,CTV,impression,0.0054,0.0
EVT_910318,2026-07-31 06:54:34,CMP_101,Summer Apparel,OLV,impression,0.013,0.0
EVT_565015,2026-07-31 14:19:56,CMP_102,Tech Gadgets Launch,CTV,impression,0.0035,0.0
EVT_433125,2026-07-29 18:04:46,CMP_103,B2B SaaS Trial,Display,q1_25,0.0,0.0
EVT_118915,2026-07-30 01:21:34,CMP_101,Summer Apparel,OLV,impression,0.0077,0.0
EVT_896193,2026-07-31 04:33:59,CMP_101,Summer Apparel,OLV,impression,0.0145,0.0
EVT_342260,2026-07-30 19:27:45,CMP_101,Summer Apparel,OLV,impression,0.0094,0.0
EVT_114007,2026-07-30 07:15:30,CMP_102,Tech Gadgets Launch,CTV,q2_50,0.0,0.0
EVT_840111,2026-07-30 02:06:41,CMP_101,Summer Apparel,OLV,impression,0.0137,0.0
EVT_713622,2026-07-29 14:08:25,CMP_101,Summer Apparel,OLV,impression,0.0131,0.0
EVT_423842,2026-07-29 04:32:20,CMP_103,B2B SaaS Trial,Display,q2_50,0.0,0.0
EVT_273858,2026-07-30 07:04:45,CMP_103,B2B SaaS Trial,Display,q1_25,0.0,0.0
EVT_866914,2026-07-29 10:02:21,CMP_101,Summer Apparel,OLV,q1_25,0.0,0.0
EVT_691728,2026-07-28 23:02:37,CMP_103,B2B SaaS Trial,Display,q3_75,0.0,0.0
EVT_258942,2026-07-28 23:36:06,CMP_101,Summer Apparel,OLV,q4_100,0.0,0.0
EVT_738060,2026-07-29 23:09:58,CMP_103,B2B SaaS Trial,Display,click,0.0,0.0
EVT_918837,2026-07-28 23:01:58,CMP_101,Summer Apparel,OLV,impression,0.0129,0.0
EVT_526680,2026-07-30 03:27:44,CMP_101,Summer Apparel,OLV,impression,0.0087,0.0
EVT_164901,2026-07-31 13:28:18,CMP_103,B2B SaaS Trial,Display,impression,0.0064,0.0
EVT_182184,2026-07-29 00:34:17,CMP_101,Summer Apparel,OLV,impression,0.0049,0.0
EVT_692449,2026-07-29 06:38:40,CMP_102,Tech Gadgets Launch,CTV,impression,0.0075,0.0
EVT_277801,2026-07-30 12:46:10,CMP_103,B2B SaaS Trial,Display,q2_50,0.0,0.0
EVT_854737,2026-07-30 08:34:32,CMP_102,Tech Gadgets Launch,CTV,impression,0.0031,0.0
EVT_895687,2026-07-29 19:09:36,CMP_101,Summer Apparel,OLV,q2_50,0.0,0.0
EVT_794931,2026-07-29 06:57:45,CMP_101,Summer Apparel,OLV,q3_75,0.0,0.0
EVT_993398,2026-07-31 08:06:28,CMP_101,Summer Apparel,OLV,impression,0.0079,0.0
EVT_152384,2026-07-29 01:58:54,CMP_102,Tech Gadgets Launch,CTV,q2_50,0.0,0.0
EVT_595092,2026-07-31 00:29:58,CMP_103,B2B SaaS Trial,Display,q2_50,0.0,0.0
EVT_624910,2026-07-31 19:01:58,CMP_101,Summer Apparel,OLV,q4_100,0.0,0.0
EVT_270089,2026-07-30 23:22:40,CMP_102,Tech Gadgets Launch,CTV,q1_25,0.0,0.0
EVT_495428,2026-07-29 14:07:26,CMP_102,Tech Gadgets Launch,CTV,impression,0.0078,0.0
EVT_941198,2026-07-29 04:17:06,CMP_103,B2B SaaS Trial,Display,q1_25,0.0,0.0
EVT_996578,2026-07-30 01:21:07,CMP_101,Summer Apparel,OLV,impression,0.0031,0.0
EVT_761717,2026-07-29 18:09:07,CMP_102,Tech Gadgets Launch,CTV,impression,0.0054,0.0
EVT_668327,2026-07-30 05:15:16,CMP_101,Summer Apparel,OLV,q4_100,0.0,0.0
EVT_741700,2026-07-29 15:03:07,CMP_103,B2B SaaS Trial,Display,q1_25,0.0,0.0
EVT_874304,2026-07-31 02:02:59,CMP_102,Tech Gadgets Launch,CTV,q1_25,0.0,0.0
EVT_609848,2026-07-29 02:20:18,CMP_103,B2B SaaS Trial,Display,q1_25,0.0,0.0
EVT_825975,2026-07-29 01:19:16,CMP_102,Tech Gadgets Launch,CTV,impression,0.0111,0.0
EVT_315592,2026-07-30 18:56:55,CMP_101,Summer Apparel,OLV,q3_75,0.0,0.0
EVT_835348,2026-07-30 05:16:41,CMP_101,Summer Apparel,OLV,q1_25,0.0,0.0
EVT_589842,2026-07-31 10:09:27,CMP_101,Summer Apparel,OLV,impression,0.0033,0.0
EVT_985942,2026-07-30 10:06:34,CMP_101,Summer Apparel,OLV,impression,0.0094,0.0
EVT_827072,2026-07-31 00:27:14,CMP_103,B2B SaaS Trial,Display,q1_25,0.0,0.0
EVT_655803,2026-07-31 14:12:00,CMP_101,Summer Apparel,OLV,impression,0.0063,0.0
EVT_772148,2026-07-29 15:17:28,CMP_101,Summer Apparel,OLV,impression,0.0051,0.0
EVT_229468,2026-07-31 09:28:05,CMP_103,B2B SaaS Trial,Display,impression,0.0071,0.0
EVT_358912,2026-07-29 09:21:53,CMP_102,Tech Gadgets Launch,CTV,impression,0.0055,0.0
EVT_150603,2026-07-29 13:29:51,CMP_101,Summer Apparel,OLV,impression,0.0099,0.0
EVT_674658,2026-07-31 03:34:49,CMP_103,B2B SaaS Trial,Display,q2_50,0.0,0.0
EVT_910177,2026-07-30 20:03:39,CMP_102,Tech Gadgets Launch,CTV,q2_50,0.0,0.0
EVT_298001,2026-07-30 07:23:00,CMP_101,Summer Apparel,OLV,impression,0.0115,0.0
EVT_449987,2026-07-30 15:10:10,CMP_102,Tech Gadgets Launch,CTV,impression,0.0047,0.0
EVT_463391,2026-07-29 05:55:09,CMP_103,B2B SaaS Trial,Display,q3_75,0.0,0.0
EVT_358576,2026-07-28 21:37:08,CMP_102,Tech Gadgets Launch,CTV,q1_25,0.0,0.0
EVT_900780,2026-07-29 12:26:07,CMP_103,B2B SaaS Trial,Display,impression,0.0067,0.0
EVT_259598,2026-07-30 02:59:24,CMP_101,Summer Apparel,OLV,impression,0.0075,0.0
EVT_192474,2026-07-30 00:40:27,CMP_101,Summer Apparel,OLV,impression,0.0046,0.0
EVT_907682,2026-07-31 07:59:57,CMP_101,Summer Apparel,OLV,impression,0.0118,0.0
EVT_315615,2026-07-30 21:43:00,CMP_101,Summer Apparel,OLV,q1_25,0.0,0.0
EVT_972420,2026-07-30 05:43:36,CMP_103,B2B SaaS Trial,Display,q3_75,0.0,0.0
EVT_294992,2026-07-29 02:00:37,CMP_102,Tech Gadgets Launch,CTV,impression,0.0124,0.0
EVT_642326,2026-07-29 17:14:12,CMP_103,B2B SaaS Trial,Display,q2_50,0.0,0.0
EVT_707530,2026-07-29 17:51:47,CMP_102,Tech Gadgets Launch,CTV,impression,0.0066,0.0
EVT_598271,2026-07-30 06:46:41,CMP_101,Summer Apparel,OLV,impression,0.007,0.0
EVT_919624,2026-07-30 05:52:44,CMP_103,B2B SaaS Trial,Display,impression,0.0075,0.0
EVT_233890,2026-07-30 11:45:16,CMP_102,Tech Gadgets Launch,CTV,impression,0.0075,0.0
EVT_437614,2026-07-29 00:30:31,CMP_101,Summer Apparel,OLV,impression,0.0115,0.0
EVT_326299,2026-07-31 17:38:54,CMP_101,Summer Apparel,OLV,impression,0.0086,0.0
EVT_912984,2026-07-30 15:28:32,CMP_103,B2B SaaS Trial,Display,q1_25,0.0,0.0
EVT_633085,2026-07-30 02:30:51,CMP_103,B2B SaaS Trial,Display,q2_50,0.0,0.0
EVT_917609,2026-07-29 11:08:35,CMP_101,Summer Apparel,OLV,impression,0.0026,0.0
EVT_241412,2026-07-29 02:12:26,CMP_103,B2B SaaS Trial,Display,q1_25,0.0,0.0
EVT_599802,2026-07-29 06:50:22,CMP_101,Summer Apparel,OLV,q1_25,0.0,0.0
EVT_389886,2026-07-31 06:37:12,CMP_101,Summer Apparel,OLV,q2_50,0.0,0.0
EVT_706118,2026-07-30 22:11:28,CMP_101,Summer Apparel,OLV,impression,0.0063,0.0
EVT_764441,2026-07-30 04:41:21,CMP_101,Summer Apparel,OLV,q2_50,0.0,0.0
EVT_483273,2026-07-31 01:29:49,CMP_103,B2B SaaS Trial,Display,q1_25,0.0,0.0
EVT_237925,2026-07-30 17:09:03,CMP_103,B2B SaaS Trial,Display,q1_25,0.0,0.0
EVT_248640,2026-07-28 23:40:24,CMP_102,Tech Gadgets Launch,CTV,q2_50,0.0,0.0
EVT_298379,2026-07-30 18:26:24,CMP_103,B2B SaaS Trial,Display,q3_75,0.0,0.0
EVT_728604,2026-07-31 18:10:02,CMP_103,B2B SaaS Trial,Display,impression,0.0073,0.0
EVT_126612,2026-07-31 00:09:13,CMP_102,Tech Gadgets Launch,CTV,q1_25,0.0,0.0
EVT_139695,2026-07-29 08:58:19,CMP_101,Summer Apparel,OLV,impression,0.005,0.0
EVT_963973,2026-07-31 10:05:36,CMP_103,B2B SaaS Trial,Display,q3_75,0.0,0.0
EVT_648230,2026-07-29 05:20:03,CMP_102,Tech Gadgets Launch,CTV,impression,0.0121,0.0
EVT_880689,2026-07-29 08:26:13,CMP_101,Summer Apparel,OLV,q2_50,0.0,0.0
EVT_232626,2026-07-30 10:44:00,CMP_102,Tech Gadgets Launch,CTV,q1_25,0.0,0.0
EVT_497767,2026-07-31 06:52:51,CMP_101,Summer Apparel,OLV,impression,0.0086,0.0
EVT_242955,2026-07-29 03:59:20,CMP_103,B2B SaaS Trial,Display,impression,0.0056,0.0
EVT_797129,2026-07-29 05:23:33,CMP_101,Summer Apparel,OLV,q1_25,0.0,0.0
EVT_380655,2026-07-29 20:29:06,CMP_103,B2B SaaS Trial,Display,q1_25,0.0,0.0
EVT_998088,2026-07-30 15:36:18,CMP_101,Summer Apparel,OLV,q1_25,0.0,0.0
EVT_798444,2026-07-29 05:18:54,CMP_102,Tech Gadgets Launch,CTV,q1_25,0.0,0.0
EVT_637675,2026-07-30 17:04:45,CMP_101,Summer Apparel,OLV,impression,0.0138,0.0
EVT_719436,2026-07-30 16:42:07,CMP_103,B2B SaaS Trial,Display,impression,0.0066,0.0
EVT_667527,2026-07-31 04:42:39,CMP_103,B2B SaaS Trial,Display,q3_75,0.0,0.0
EVT_695095,2026-07-29 14:35:59,CMP_103,B2B SaaS Trial,Display,q3_75,0.0,0.0
EVT_767000,2026-07-31 19:26:19,CMP_102,Tech Gadgets Launch,CTV,impression,0.0024,0.0
EVT_715826,2026-07-31 15:01:24,CMP_102,Tech Gadgets Launch,CTV,q1_25,0.0,0.0
EVT_112279,2026-07-29 19:03:37,CMP_101,Summer Apparel,OLV,impression,0.0067,0.0
EVT_368446,2026-07-28 23:37:02,CMP_102,Tech Gadgets Launch,CTV,impression,0.0115,0.0
EVT_889365,2026-07-31 16:21:34,CMP_101,Summer Apparel,OLV,impression,0.012,0.0
EVT_946969,2026-07-30 00:46:24,CMP_102,Tech Gadgets Launch,CTV,impression,0.0087,0.0
EVT_822669,2026-07-28 21:37:42,CMP_101,Summer Apparel,OLV,q1_25,0.0,0.0
EVT_621031,2026-07-31 04:02:00,CMP_102,Tech Gadgets Launch,CTV,impression,0.0137,0.0
EVT_483704,2026-07-30 06:27:29,CMP_101,Summer Apparel,OLV,q3_75,0.0,0.0
EVT_840262,2026-07-30 22:29:05,CMP_103,B2B SaaS Trial,Display,q2_50,0.0,0.0
EVT_360935,2026-07-31 20:02:08,CMP_102,Tech Gadgets Launch,CTV,impression,0.0115,0.0
EVT_113571,2026-07-31 03:03:43,CMP_102,Tech Gadgets Launch,CTV,impression,0.0134,0.0
EVT_554485,2026-07-30 06:10:30,CMP_103,B2B SaaS Trial,Display,q2_50,0.0,0.0
EVT_216559,2026-07-29 23:01:10,CMP_101,Summer Apparel,OLV,click,0.0,0.0
EVT_667361,2026-07-30 11:53:20,CMP_101,Summer Apparel,OLV,impression,0.0052,0.0
EVT_322334,2026-07-30 04:11:39,CMP_103,B2B SaaS Trial,Display,q1_25,0.0,0.0
EVT_401302,2026-07-29 10:35:53,CMP_102,Tech Gadgets Launch,CTV,impression,0.0053,0.0
EVT_348825,2026-07-29 01:42:29,CMP_101,Summer Apparel,OLV,impression,0.0111,0.0
EVT_211209,2026-07-30 05:23:44,CMP_101,Summer Apparel,OLV,impression,0.0069,0.0
EVT_553993,2026-07-29 18:19:17,CMP_101,Summer Apparel,OLV,q4_100,0.0,0.0
EVT_370041,2026-07-31 11:46:14,CMP_103,B2B SaaS Trial,Display,impression,0.008,0.0
EVT_453321,2026-07-29 13:54:42,CMP_101,Summer Apparel,OLV,q1_25,0.0,0.0
EVT_874072,2026-07-31 07:13:22,CMP_101,Summer Apparel,OLV,q1_25,0.0,0.0
EVT_158416,2026-07-31 01:44:11,CMP_102,Tech Gadgets Launch,CTV,impression,0.0073,0.0
EVT_770813,2026-07-31 20:30:18,CMP_103,B2B SaaS Trial,Display,impression,0.0036,0.0
EVT_952406,2026-07-30 06:40:28,CMP_101,Summer Apparel,OLV,q2_50,0.0,0.0
EVT_150798,2026-07-28 21:59:21,CMP_102,Tech Gadgets Launch,CTV,impression,0.0043,0.0
EVT_428202,2026-07-30 14:30:43,CMP_102,Tech Gadgets Launch,CTV,q3_75,0.0,0.0
EVT_954094,2026-07-29 02:19:06,CMP_103,B2B SaaS Trial,Display,impression,0.0063,0.0
EVT_427120,2026-07-29 21:25:13,CMP_101,Summer Apparel,OLV,q4_100,0.0,0.0
EVT_605326,2026-07-30 11:12:27,CMP_103,B2B SaaS Trial,Display,q1_25,0.0,0.0
EVT_503518,2026-07-30 04:26:15,CMP_101,Summer Apparel,OLV,q2_50,0.0,0.0
EVT_694397,2026-07-30 13:21:31,CMP_103,B2B SaaS Trial,Display,q4_100,0.0,0.0
EVT_230981,2026-07-29 20:38:04,CMP_102,Tech Gadgets Launch,CTV,q1_25,0.0,0.0
EVT_288695,2026-07-29 07:43:58,CMP_102,Tech Gadgets Launch,CTV,impression,0.0033,0.0
EVT_506367,2026-07-29 19:28:19,CMP_102,Tech Gadgets Launch,CTV,impression,0.0071,0.0
EVT_147873,2026-07-30 23:33:59,CMP_102,Tech Gadgets Launch,CTV,impression,0.0115,0.0
EVT_236473,2026-07-31 06:35:47,CMP_103,B2B SaaS Trial,Display,q1_25,0.0,0.0
EVT_232135,2026-07-29 09:29:27,CMP_101,Summer Apparel,OLV,impression,0.0097,0.0
EVT_424748,2026-07-30 22:23:50,CMP_101,Summer Apparel,OLV,click,0.0,0.0
EVT_766507,2026-07-31 01:27:04,CMP_102,Tech Gadgets Launch,CTV,q1_25,0.0,0.0
EVT_314555,2026-07-29 13:32:14,CMP_102,Tech Gadgets Launch,CTV,impression,0.0094,0.0
EVT_743738,2026-07-31 00:31:17,CMP_101,Summer Apparel,OLV,impression,0.0059,0.0
EVT_151070,2026-07-31 06:13:45,CMP_101,Summer Apparel,OLV,q2_50,0.0,0.0
EVT_373353,2026-07-29 15:06:40,CMP_101,Summer Apparel,OLV,impression,0.0088,0.0
EVT_863492,2026-07-29 03:25:53,CMP_101,Summer Apparel,OLV,q1_25,0.0,0.0
EVT_177229,2026-07-30 16:27:53,CMP_102,Tech Gadgets Launch,CTV,q1_25,0.0,0.0
EVT_926555,2026-07-31 08:43:39,CMP_101,Summer Apparel,OLV,q3_75,0.0,0.0
EVT_342568,2026-07-30 06:35:39,CMP_103,B2B SaaS Trial,Display,impression,0.005,0.0
EVT_426196,2026-07-29 10:40:48,CMP_103,B2B SaaS Trial,Display,impression,0.0089,0.0
EVT_158684,2026-07-30 08:08:13,CMP_102,Tech Gadgets Launch,CTV,q2_50,0.0,0.0
EVT_902977,2026-07-29 20:57:58,CMP_103,B2B SaaS Trial,Display,q4_100,0.0,0.0
EVT_402475,2026-07-29 16:31:01,CMP_101,Summer Apparel,OLV,click,0.0,0.0
EVT_261363,2026-07-29 03:25:54,CMP_102,Tech Gadgets Launch,CTV,q2_50,0.0,0.0
EVT_234247,2026-07-29 17:58:46,CMP_102,Tech Gadgets Launch,CTV,impression,0.011,0.0
EVT_861007,2026-07-30 00:22:15,CMP_102,Tech Gadgets Launch,CTV,impression,0.0036,0.0
EVT_283741,2026-07-29 22:11:13,CMP_102,Tech Gadgets Launch,CTV,q1_25,0.0,0.0
EVT_360817,2026-07-30 13:28:27,CMP_101,Summer Apparel,OLV,impression,0.0116,0.0
EVT_800211,2026-07-31 13:56:30,CMP_102,Tech Gadgets Launch,CTV,impression,0.0124,0.0
EVT_742311,2026-07-31 05:26:28,CMP_103,B2B SaaS Trial,Display,q2_50,0.0,0.0
EVT_375180,2026-07-30 21:58:09,CMP_102,Tech Gadgets Launch,CTV,impression,0.0084,0.0
EVT_444126,2026-07-29 15:11:25,CMP_102,Tech Gadgets Launch,CTV,impression,0.0055,0.0
EVT_757911,2026-07-30 07:25:25,CMP_102,Tech Gadgets Launch,CTV,q1_25,0.0,0.0
EVT_162978,2026-07-30 18:48:51,CMP_101,Summer Apparel,OLV,q1_25,0.0,0.0
EVT_539404,2026-07-31 03:46:27,CMP_102,Tech Gadgets Launch,CTV,impression,0.0044,0.0
EVT_362303,2026-07-31 19:03:06,CMP_102,Tech Gadgets Launch,CTV,impression,0.0036,0.0
EVT_670867,2026-07-31 01:08:03,CMP_101,Summer Apparel,OLV,q2_50,0.0,0.0
EVT_680677,2026-07-29 07:43:31,CMP_103,B2B SaaS Trial,Display,q3_75,0.0,0.0
EVT_620057,2026-07-29 03:52:46,CMP_103,B2B SaaS Trial,Display,impression,0.0067,0.0
EVT_233220,2026-07-29 04:49:27,CMP_101,Summer Apparel,OLV,q4_100,0.0,0.0
EVT_508417,2026-07-31 03:25:21,CMP_102,Tech Gadgets Launch,CTV,impression,0.0128,0.0
EVT_638451,2026-07-29 00:11:37,CMP_103,B2B SaaS Trial,Display,impression,0.0123,0.0
EVT_617831,2026-07-30 14:12:26,CMP_103,B2B SaaS Trial,Display,impression,0.0125,0.0
EVT_112104,2026-07-29 07:20:01,CMP_103,B2B SaaS Trial,Display,impression,0.0082,0.0
EVT_308121,2026-07-29 21:45:22,CMP_103,B2B SaaS Trial,Display,impression,0.0076,0.0
EVT_591802,2026-07-31 11:06:28,CMP_102,Tech Gadgets Launch,CTV,q4_100,0.0,0.0
EVT_236939,2026-07-31 13:58:12,CMP_103,B2B SaaS Trial,Display,q1_25,0.0,0.0
EVT_631581,2026-07-31 11:27:16,CMP_103,B2B SaaS Trial,Display,impression,0.0092,0.0
EVT_215894,2026-07-31 02:49:39,CMP_101,Summer Apparel,OLV,q1_25,0.0,0.0
EVT_659217,2026-07-29 22:58:08,CMP_102,Tech Gadgets Launch,CTV,impression,0.0024,0.0
EVT_828421,2026-07-29 11:41:05,CMP_101,Summer Apparel,OLV,impression,0.01,0.0
EVT_681657,2026-07-29 10:59:58,CMP_102,Tech Gadgets Launch,CTV,q3_75,0.0,0.0
EVT_921452,2026-07-30 12:37:15,CMP_103,B2B SaaS Trial,Display,q1_25,0.0,0.0
EVT_955417,2026-07-30 05:01:26,CMP_102,Tech Gadgets Launch,CTV,impression,0.0034,0.0
EVT_954427,2026-07-31 08:49:49,CMP_103,B2B SaaS Trial,Display,q2_50,0.0,0.0
EVT_717320,2026-07-29 08:45:24,CMP_103,B2B SaaS Trial,Display,impression,0.0087,0.0
EVT_744795,2026-07-29 07:03:44,CMP_103,B2B SaaS Trial,Display,q1_25,0.0,0.0
EVT_942269,2026-07-30 19:21:33,CMP_101,Summer Apparel,OLV,q2_50,0.0,0.0
EVT_990826,2026-07-28 20:43:38,CMP_102,Tech Gadgets Launch,CTV,impression,0.0086,0.0
EVT_136088,2026-07-28 23:42:40,CMP_103,B2B SaaS Trial,Display,impression,0.0043,0.0
EVT_896839,2026-07-30 12:12:50,CMP_102,Tech Gadgets Launch,CTV,impression,0.012,0.0
EVT_319096,2026-07-31 01:18:46,CMP_101,Summer Apparel,OLV,q1_25,0.0,0.0
EVT_951509,2026-07-31 14:12:48,CMP_101,Summer Apparel,OLV,impression,0.0033,0.0
EVT_304858,2026-07-29 09:13:44,CMP_101,Summer Apparel,OLV,q2_50,0.0,0.0
EVT_662497,2026-07-29 15:33:28,CMP_103,B2B SaaS Trial,Display,impression,0.0057,0.0
EVT_287475,2026-07-31 20:00:36,CMP_103,B2B SaaS Trial,Display,impression,0.0072,0.0
EVT_617629,2026-07-28 23:42:10,CMP_103,B2B SaaS Trial,Display,q1_25,0.0,0.0
EVT_672269,2026-07-31 14:10:23,CMP_102,Tech Gadgets Launch,CTV,impression,0.0052,0.0
EVT_322718,2026-07-30 06:37:30,CMP_102,Tech Gadgets Launch,CTV,impression,0.0058,0.0
EVT_999127,2026-07-29 08:21:57,CMP_103,B2B SaaS Trial,Display,q3_75,0.0,0.0
EVT_843932,2026-07-29 01:29:24,CMP_103,B2B SaaS Trial,Display,q2_50,0.0,0.0
EVT_510089,2026-07-30 16:06:11,CMP_103,B2B SaaS Trial,Display,q4_100,0.0,0.0
EVT_840600,2026-07-29 22:35:17,CMP_102,Tech Gadgets Launch,CTV,impression,0.0121,0.0
EVT_357890,2026-07-29 20:59:07,CMP_102,Tech Gadgets Launch,CTV,impression,0.0083,0.0
EVT_272110,2026-07-30 22:56:37,CMP_101,Summer Apparel,OLV,q2_50,0.0,0.0
EVT_941068,2026-07-30 11:26:16,CMP_103,B2B SaaS Trial,Display,q1_25,0.0,0.0
EVT_233444,2026-07-29 13:43:58,CMP_101,Summer Apparel,OLV,impression,0.0025,0.0
EVT_379774,2026-07-29 23:25:27,CMP_102,Tech Gadgets Launch,CTV,impression,0.0128,0.0
EVT_939614,2026-07-30 23:05:39,CMP_103,B2B SaaS Trial,Display,q4_100,0.0,0.0
EVT_878500,2026-07-31 06:03:27,CMP_101,Summer Apparel,OLV,q1_25,0.0,0.0
EVT_678793,2026-07-29 09:44:39,CMP_102,Tech Gadgets Launch,CTV,q3_75,0.0,0.0
EVT_726588,2026-07-31 04:41:40,CMP_102,Tech Gadgets Launch,CTV,q1_25,0.0,0.0
EVT_995152,2026-07-29 20:22:22,CMP_101,Summer Apparel,OLV,impression,0.0068,0.0
EVT_419424,2026-07-29 23:22:57,CMP_101,Summer Apparel,OLV,impression,0.0093,0.0
EVT_733366,2026-07-29 02:17:02,CMP_103,B2B SaaS Trial,Display,q2_50,0.0,0.0
EVT_373960,2026-07-31 09:25:48,CMP_103,B2B SaaS Trial,Display,impression,0.0031,0.0
EVT_593707,2026-07-31 01:41:31,CMP_101,Summer Apparel,OLV,impression,0.0126,0.0
EVT_724212,2026-07-29 23:10:29,CMP_101,Summer Apparel,OLV,q2_50,0.0,0.0
EVT_571549,2026-07-29 09:59:38,CMP_102,Tech Gadgets Launch,CTV,impression,0.0033,0.0
EVT_452781,2026-07-30 01:06:28,CMP_103,B2B SaaS Trial,Display,q2_50,0.0,0.0
EVT_244854,2026-07-29 22:28:06,CMP_101,Summer Apparel,OLV,impression,0.0144,0.0
EVT_856486,2026-07-31 06:52:08,CMP_103,B2B SaaS Trial,Display,q1_25,0.0,0.0
EVT_676489,2026-07-31 05:31:05,CMP_101,Summer Apparel,OLV,q1_25,0.0,0.0
EVT_496935,2026-07-29 04:13:55,CMP_101,Summer Apparel,OLV,impression,0.0048,0.0
EVT_800983,2026-07-30 20:17:02,CMP_102,Tech Gadgets Launch,CTV,impression,0.0043,0.0
EVT_970509,2026-07-30 07:11:27,CMP_101,Summer Apparel,OLV,q1_25,0.0,0.0
EVT_512222,2026-07-29 15:30:36,CMP_101,Summer Apparel,OLV,impression,0.0067,0.0
EVT_985565,2026-07-29 10:49:41,CMP_102,Tech Gadgets Launch,CTV,impression,0.01,0.0
EVT_995325,2026-07-30 15:03:21,CMP_103,B2B SaaS Trial,Display,impression,0.0115,0.0
EVT_567760,2026-07-30 13:07:15,CMP_102,Tech Gadgets Launch,CTV,impression,0.0032,0.0
EVT_745922,2026-07-29 14:12:54,CMP_101,Summer Apparel,OLV,q3_75,0.0,0.0
EVT_967826,2026-07-29 06:38:47,CMP_101,Summer Apparel,OLV,q3_75,0.0,0.0
EVT_173241,2026-07-31 19:07:55,CMP_101,Summer Apparel,OLV,impression,0.0087,0.0
EVT_936663,2026-07-31 13:45:45,CMP_103,B2B SaaS Trial,Display,impression,0.0123,0.0
EVT_177164,2026-07-30 22:37:45,CMP_101,Summer Apparel,OLV,q1_25,0.0,0.0
EVT_417666,2026-07-29 06:10:25,CMP_103,B2B SaaS Trial,Display,q4_100,0.0,0.0
EVT_510522,2026-07-30 20:47:09,CMP_102,Tech Gadgets Launch,CTV,q1_25,0.0,0.0
EVT_492059,2026-07-28 22:58:36,CMP_102,Tech Gadgets Launch,CTV,q3_75,0.0,0.0
EVT_545012,2026-07-28 21:41:52,CMP_101,Summer Apparel,OLV,q3_75,0.0,0.0
EVT_122905,2026-07-30 10:22:45,CMP_102,Tech Gadgets Launch,CTV,q3_75,0.0,0.0
EVT_439872,2026-07-29 22:13:35,CMP_101,Summer Apparel,OLV,impression,0.0128,0.0
EVT_469937,2026-07-30 05:48:05,CMP_101,Summer Apparel,OLV,q2_50,0.0,0.0
EVT_893997,2026-07-31 17:03:16,CMP_102,Tech Gadgets Launch,CTV,q1_25,0.0,0.0
EVT_709820,2026-07-29 02:54:25,CMP_102,Tech Gadgets Launch,CTV,impression,0.0095,0.0
EVT_742926,2026-07-30 19:57:08,CMP_102,Tech Gadgets Launch,CTV,q2_50,0.0,0.0
EVT_732933,2026-07-29 17:19:29,CMP_101,Summer Apparel,OLV,impression,0.0027,0.0
EVT_943530,2026-07-30 09:59:15,CMP_102,Tech Gadgets Launch,CTV,impression,0.0107,0.0
EVT_689511,2026-07-30 06:35:50,CMP_103,B2B SaaS Trial,Display,impression,0.0081,0.0
EVT_886880,2026-07-31 20:16:45,CMP_101,Summer Apparel,OLV,q2_50,0.0,0.0
EVT_292316,2026-07-29 15:12:57,CMP_103,B2B SaaS Trial,Display,impression,0.01,0.0
EVT_849741,2026-07-30 02:35:14,CMP_102,Tech Gadgets Launch,CTV,impression,0.0128,0.0
EVT_230882,2026-07-30 02:44:18,CMP_103,B2B SaaS Trial,Display,impression,0.004,0.0
EVT_158119,2026-07-29 02:19:20,CMP_101,Summer Apparel,OLV,impression,0.006,0.0
EVT_127071,2026-07-29 23:10:59,CMP_103,B2B SaaS Trial,Display,impression,0.013,0.0
EVT_543571,2026-07-30 00:36:03,CMP_103,B2B SaaS Trial,Display,q2_50,0.0,0.0
EVT_372735,2026-07-29 18:44:53,CMP_101,Summer Apparel,OLV,impression,0.0122,0.0
EVT_703646,2026-07-29 10:27:23,CMP_103,B2B SaaS Trial,Display,q4_100,0.0,0.0
EVT_123249,2026-07-29 05:38:49,CMP_102,Tech Gadgets Launch,CTV,impression,0.006,0.0
EVT_831261,2026-07-31 18:48:17,CMP_102,Tech Gadgets Launch,CTV,impression,0.0131,0.0
EVT_352362,2026-07-30 21:25:10,CMP_101,Summer Apparel,OLV,q2_50,0.0,0.0
EVT_378521,2026-07-30 13:28:05,CMP_103,B2B SaaS Trial,Display,q1_25,0.0,0.0
EVT_796391,2026-07-29 20:43:04,CMP_101,Summer Apparel,OLV,impression,0.0081,0.0
EVT_425729,2026-07-31 07:08:17,CMP_101,Summer Apparel,OLV,impression,0.0054,0.0
EVT_414633,2026-07-31 17:17:53,CMP_102,Tech Gadgets Launch,CTV,q3_75,0.0,0.0
EVT_838928,2026-07-28 21:13:10,CMP_101,Summer Apparel,OLV,impression,0.0056,0.0
EVT_931888,2026-07-30 14:14:35,CMP_103,B2B SaaS Trial,Display,impression,0.0105,0.0
EVT_712618,2026-07-29 21:44:50,CMP_101,Summer Apparel,OLV,q4_100,0.0,0.0
EVT_938119,2026-07-29 21:07:46,CMP_101,Summer Apparel,OLV,impression,0.0091,0.0
EVT_837597,2026-07-31 16:08:26,CMP_101,Summer Apparel,OLV,impression,0.0089,0.0
EVT_429379,2026-07-30 21:02:55,CMP_101,Summer Apparel,OLV,impression,0.0147,0.0
EVT_886367,2026-07-31 12:03:48,CMP_102,Tech Gadgets Launch,CTV,impression,0.0093,0.0
EVT_425530,2026-07-30 18:41:25,CMP_101,Summer Apparel,OLV,q2_50,0.0,0.0
EVT_329812,2026-07-29 08:00:25,CMP_102,Tech Gadgets Launch,CTV,impression,0.0046,0.0
EVT_299581,2026-07-30 00:19:19,CMP_103,B2B SaaS Trial,Display,impression,0.008,0.0
EVT_123436,2026-07-30 11:58:31,CMP_102,Tech Gadgets Launch,CTV,q1_25,0.0,0.0
EVT_316845,2026-07-29 09:36:55,CMP_103,B2B SaaS Trial,Display,impression,0.0043,0.0
EVT_252572,2026-07-30 18:38:32,CMP_101,Summer Apparel,OLV,q1_25,0.0,0.0
EVT_205847,2026-07-30 17:14:06,CMP_103,B2B SaaS Trial,Display,impression,0.0092,0.0
EVT_828381,2026-07-30 14:08:45,CMP_102,Tech Gadgets Launch,CTV,q1_25,0.0,0.0
EVT_754250,2026-07-31 07:09:47,CMP_103,B2B SaaS Trial,Display,impression,0.0149,0.0
EVT_414586,2026-07-30 17:15:58,CMP_103,B2B SaaS Trial,Display,impression,0.005,0.0
EVT_709830,2026-07-30 16:11:48,CMP_101,Summer Apparel,OLV,impression,0.0132,0.0
EVT_236363,2026-07-31 01:06:12,CMP_101,Summer Apparel,OLV,q2_50,0.0,0.0
EVT_207152,2026-07-30 01:52:19,CMP_102,Tech Gadgets Launch,CTV,q2_50,0.0,0.0
EVT_713455,2026-07-31 09:11:54,CMP_102,Tech Gadgets Launch,CTV,q3_75,0.0,0.0
EVT_108635,2026-07-31 14:32:32,CMP_103,B2B SaaS Trial,Display,impression,0.0091,0.0
EVT_135772,2026-07-30 04:57:07,CMP_101,Summer Apparel,OLV,impression,0.0082,0.0
EVT_277209,2026-07-31 07:04:27,CMP_103,B2B SaaS Trial,Display,impression,0.0132,0.0
EVT_972177,2026-07-29 23:44:50,CMP_101,Summer Apparel,OLV,q1_25,0.0,0.0
EVT_476874,2026-07-29 18:26:52,CMP_101,Summer Apparel,OLV,impression,0.005,0.0
EVT_837813,2026-07-30 12:16:18,CMP_103,B2B SaaS Trial,Display,q1_25,0.0,0.0
EVT_283541,2026-07-31 16:43:06,CMP_101,Summer Apparel,OLV,impression,0.0149,0.0
EVT_724507,2026-07-31 17:36:26,CMP_101,Summer Apparel,OLV,impression,0.0113,0.0
EVT_503611,2026-07-30 13:27:54,CMP_101,Summer Apparel,OLV,impression,0.0026,0.0
EVT_773007,2026-07-29 01:15:57,CMP_103,B2B SaaS Trial,Display,impression,0.0142,0.0
EVT_568779,2026-07-30 21:59:22,CMP_102,Tech Gadgets Launch,CTV,impression,0.0117,0.0
EVT_294050,2026-07-29 20:45:59,CMP_101,Summer Apparel,OLV,q2_50,0.0,0.0
EVT_488250,2026-07-29 18:13:35,CMP_103,B2B SaaS Trial,Display,impression,0.011,0.0
EVT_390154,2026-07-29 03:07:44,CMP_103,B2B SaaS Trial,Display,q2_50,0.0,0.0
EVT_537081,2026-07-29 15:36:47,CMP_103,B2B SaaS Trial,Display,q1_25,0.0,0.0
EVT_836211,2026-07-31 13:18:25,CMP_101,Summer Apparel,OLV,impression,0.0136,0.0
EVT_395628,2026-07-29 10:49:09,CMP_101,Summer Apparel,OLV,q3_75,0.0,0.0
EVT_341836,2026-07-29 02:06:32,CMP_103,B2B SaaS Trial,Display,impression,0.0098,0.0
EVT_455508,2026-07-31 10:18:31,CMP_103,B2B SaaS Trial,Display,q2_50,0.0,0.0
EVT_952547,2026-07-29 22:19:29,CMP_103,B2B SaaS Trial,Display,q1_25,0.0,0.0
EVT_815457,2026-07-31 11:45:26,CMP_102,Tech Gadgets Launch,CTV,q1_25,0.0,0.0
EVT_440196,2026-07-31 01:32:17,CMP_101,Summer Apparel,OLV,impression,0.0027,0.0
EVT_776249,2026-07-31 18:36:39,CMP_101,Summer Apparel,OLV,q1_25,0.0,0.0
EVT_298870,2026-07-31 08:10:36,CMP_103,B2B SaaS Trial,Display,impression,0.0075,0.0
EVT_417022,2026-07-30 02:07:37,CMP_102,Tech Gadgets Launch,CTV,q2_50,0.0,0.0
EVT_567009,2026-07-30 12:22:45,CMP_103,B2B SaaS Trial,Display,q1_25,0.0,0.0
EVT_900591,2026-07-28 21:59:29,CMP_102,Tech Gadgets Launch,CTV,q2_50,0.0,0.0
EVT_193408,2026-07-31 04:16:39,CMP_102,Tech Gadgets Launch,CTV,q1_25,0.0,0.0
EVT_795717,2026-07-31 04:21:13,CMP_101,Summer Apparel,OLV,impression,0.0046,0.0
EVT_481217,2026-07-30 18:37:33,CMP_103,B2B SaaS Trial,Display,impression,0.0105,0.0
EVT_702599,2026-07-31 10:44:34,CMP_102,Tech Gadgets Launch,CTV,impression,0.0027,0.0
EVT_241032,2026-07-31 11:39:19,CMP_102,Tech Gadgets Launch,CTV,q1_25,0.0,0.0
EVT_383524,2026-07-29 17:21:50,CMP_101,Summer Apparel,OLV,q1_25,0.0,0.0
EVT_873047,2026-07-29 22:39:26,CMP_102,Tech Gadgets Launch,CTV,impression,0.0043,0.0
EVT_574732,2026-07-29 06:37:18,CMP_102,Tech Gadgets Launch,CTV,q1_25,0.0,0.0
EVT_788069,2026-07-31 17:37:08,CMP_101,Summer Apparel,OLV,impression,0.0046,0.0
EVT_316044,2026-07-29 14:55:04,CMP_102,Tech Gadgets Launch,CTV,q1_25,0.0,0.0
EVT_446789,2026-07-29 23:44:33,CMP_101,Summer Apparel,OLV,impression,0.013,0.0
EVT_153796,2026-07-30 01:23:47,CMP_103,B2B SaaS Trial,Display,impression,0.015,0.0
EVT_984287,2026-07-30 20:39:11,CMP_103,B2B SaaS Trial,Display,q4_100,0.0,0.0
EVT_124865,2026-07-30 09:48:38,CMP_103,B2B SaaS Trial,Display,q4_100,0.0,0.0
EVT_629526,2026-07-31 15:15:57,CMP_101,Summer Apparel,OLV,impression,0.0047,0.0
EVT_112403,2026-07-30 19:08:20,CMP_103,B2B SaaS Trial,Display,impression,0.0076,0.0
EVT_429851,2026-07-30 06:07:40,CMP_102,Tech Gadgets Launch,CTV,q1_25,0.0,0.0
EVT_247787,2026-07-31 04:25:25,CMP_102,Tech Gadgets Launch,CTV,q1_25,0.0,0.0
EVT_944880,2026-07-31 00:31:22,CMP_101,Summer Apparel,OLV,q1_25,0.0,0.0
EVT_579094,2026-07-30 04:11:06,CMP_102,Tech Gadgets Launch,CTV,impression,0.0115,0.0
EVT_574225,2026-07-29 00:34:11,CMP_101,Summer Apparel,OLV,q2_50,0.0,0.0
EVT_530008,2026-07-31 18:37:29,CMP_102,Tech Gadgets Launch,CTV,q1_25,0.0,0.0
EVT_621178,2026-07-30 21:42:53,CMP_103,B2B SaaS Trial,Display,q3_75,0.0,0.0
EVT_682606,2026-07-30 23:40:31,CMP_101,Summer Apparel,OLV,q1_25,0.0,0.0
EVT_793304,2026-07-30 09:24:45,CMP_103,B2B SaaS Trial,Display,impression,0.0024,0.0
EVT_339649,2026-07-29 04:50:33,CMP_101,Summer Apparel,OLV,impression,0.0056,0.0
EVT_953541,2026-07-29 21:29:49,CMP_102,Tech Gadgets Launch,CTV,impression,0.01,0.0
EVT_484644,2026-07-30 18:24:51,CMP_101,Summer Apparel,OLV,impression,0.0134,0.0
EVT_124514,2026-07-31 17:20:13,CMP_102,Tech Gadgets Launch,CTV,impression,0.0049,0.0
EVT_406878,2026-07-31 15:17:58,CMP_103,B2B SaaS Trial,Display,impression,0.0145,0.0
EVT_436186,2026-07-30 15:10:51,CMP_102,Tech Gadgets Launch,CTV,impression,0.0093,0.0
EVT_105583,2026-07-29 04:21:24,CMP_101,Summer Apparel,OLV,q1_25,0.0,0.0
EVT_136335,2026-07-31 03:08:59,CMP_102,Tech Gadgets Launch,CTV,impression,0.0119,0.0
EVT_396793,2026-07-29 17:35:45,CMP_101,Summer Apparel,OLV,conversion,0.0,30.82
EVT_853313,2026-07-30 16:52:18,CMP_103,B2B SaaS Trial,Display,q4_100,0.0,0.0
EVT_257151,2026-07-31 02:19:01,CMP_101,Summer Apparel,OLV,q2_50,0.0,0.0
EVT_929317,2026-07-30 12:56:58,CMP_103,B2B SaaS Trial,Display,impression,0.0059,0.0
EVT_774315,2026-07-30 03:15:38,CMP_102,Tech Gadgets Launch,CTV,q2_50,0.0,0.0
EVT_324872,2026-07-31 11:55:37,CMP_102,Tech Gadgets Launch,CTV,q3_75,0.0,0.0
EVT_182829,2026-07-29 22:07:16,CMP_102,Tech Gadgets Launch,CTV,impression,0.0123,0.0
EVT_248835,2026-07-29 09:35:16,CMP_102,Tech Gadgets Launch,CTV,q1_25,0.0,0.0
EVT_511933,2026-07-29 21:45:11,CMP_101,Summer Apparel,OLV,impression,0.0117,0.0
EVT_760292,2026-07-31 05:05:22,CMP_102,Tech Gadgets Launch,CTV,impression,0.0127,0.0
EVT_825023,2026-07-29 21:44:50,CMP_102,Tech Gadgets Launch,CTV,q4_100,0.0,0.0
EVT_179087,2026-07-30 14:52:19,CMP_101,Summer Apparel,OLV,q2_50,0.0,0.0
EVT_678387,2026-07-31 11:17:17,CMP_103,B2B SaaS Trial,Display,q1_25,0.0,0.0
EVT_442341,2026-07-30 05:22:04,CMP_103,B2B SaaS Trial,Display,q2_50,0.0,0.0
EVT_487499,2026-07-30 10:33:22,CMP_102,Tech Gadgets Launch,CTV,impression,0.0081,0.0
EVT_390508,2026-07-29 16:27:09,CMP_102,Tech Gadgets Launch,CTV,q1_25,0.0,0.0
EVT_539276,2026-07-31 05:11:24,CMP_103,B2B SaaS Trial,Display,q1_25,0.0,0.0
EVT_748366,2026-07-29 13:34:54,CMP_101,Summer Apparel,OLV,q2_50,0.0,0.0
EVT_572709,2026-07-29 22:34:00,CMP_102,Tech Gadgets Launch,CTV,impression,0.0045,0.0
EVT_964155,2026-07-29 22:44:42,CMP_102,Tech Gadgets Launch,CTV,impression,0.0042,0.0
EVT_610857,2026-07-30 00:42:04,CMP_103,B2B SaaS Trial,Display,q1_25,0.0,0.0
EVT_530716,2026-07-30 08:41:29,CMP_103,B2B SaaS Trial,Display,q1_25,0.0,0.0
EVT_869788,2026-07-30 17:07:15,CMP_103,B2B SaaS Trial,Display,q4_100,0.0,0.0
EVT_564544,2026-07-30 15:46:10,CMP_102,Tech Gadgets Launch,CTV,impression,0.0115,0.0
EVT_782579,2026-07-30 04:01:03,CMP_102,Tech Gadgets Launch,CTV,impression,0.0144,0.0
EVT_728847,2026-07-29 07:58:55,CMP_102,Tech Gadgets Launch,CTV,impression,0.0057,0.0
EVT_666814,2026-07-31 00:50:02,CMP_101,Summer Apparel,OLV,q4_100,0.0,0.0
EVT_980031,2026-07-31 18:23:17,CMP_101,Summer Apparel,OLV,q4_100,0.0,0.0
EVT_426678,2026-07-29 06:22:54,CMP_101,Summer Apparel,OLV,impression,0.0122,0.0
EVT_227707,2026-07-31 17:47:34,CMP_102,Tech Gadgets Launch,CTV,impression,0.0087,0.0
EVT_244553,2026-07-30 22:58:27,CMP_101,Summer Apparel,OLV,impression,0.0085,0.0
EVT_460828,2026-07-30 10:08:17,CMP_103,B2B SaaS Trial,Display,q4_100,0.0,0.0
EVT_158340,2026-07-30 07:28:05,CMP_102,Tech Gadgets Launch,CTV,impression,0.0095,0.0
EVT_607451,2026-07-29 15:59:11,CMP_101,Summer Apparel,OLV,impression,0.006,0.0
EVT_603436,2026-07-30 18:41:26,CMP_103,B2B SaaS Trial,Display,impression,0.0023,0.0
EVT_535033,2026-07-29 17:18:07,CMP_103,B2B SaaS Trial,Display,impression,0.002,0.0
EVT_634646,2026-07-30 02:04:51,CMP_101,Summer Apparel,OLV,impression,0.0054,0.0
EVT_788405,2026-07-31 20:07:36,CMP_101,Summer Apparel,OLV,q2_50,0.0,0.0
EVT_441138,2026-07-30 06:17:22,CMP_101,Summer Apparel,OLV,impression,0.0041,0.0
EVT_129650,2026-07-29 13:49:27,CMP_102,Tech Gadgets Launch,CTV,impression,0.0085,0.0
EVT_436626,2026-07-31 05:48:24,CMP_102,Tech Gadgets Launch,CTV,impression,0.0133,0.0
EVT_168842,2026-07-29 20:57:39,CMP_102,Tech Gadgets Launch,CTV,impression,0.0127,0.0
EVT_407859,2026-07-29 19:44:42,CMP_101,Summer Apparel,OLV,impression,0.0111,0.0
EVT_787194,2026-07-29 15:54:22,CMP_101,Summer Apparel,OLV,q2_50,0.0,0.0
EVT_245847,2026-07-31 14:23:42,CMP_101,Summer Apparel,OLV,impression,0.0148,0.0
EVT_416324,2026-07-30 04:34:10,CMP_101,Summer Apparel,OLV,q2_50,0.0,0.0
EVT_511750,2026-07-29 20:57:38,CMP_102,Tech Gadgets Launch,CTV,impression,0.008,0.0
EVT_895828,2026-07-31 11:51:30,CMP_103,B2B SaaS Trial,Display,q2_50,0.0,0.0
EVT_528188,2026-07-30 22:20:48,CMP_103,B2B SaaS Trial,Display,q1_25,0.0,0.0
EVT_150002,2026-07-29 23:33:18,CMP_102,Tech Gadgets Launch,CTV,q1_25,0.0,0.0
EVT_562414,2026-07-31 03:49:59,CMP_103,B2B SaaS Trial,Display,impression,0.012,0.0
EVT_899178,2026-07-29 03:43:42,CMP_103,B2B SaaS Trial,Display,q1_25,0.0,0.0
EVT_249091,2026-07-31 15:30:56,CMP_102,Tech Gadgets Launch,CTV,click,0.0,0.0
EVT_311581,2026-07-29 14:02:59,CMP_101,Summer Apparel,OLV,impression,0.0076,0.0
EVT_523967,2026-07-29 15:10:54,CMP_103,B2B SaaS Trial,Display,q2_50,0.0,0.0
EVT_232360,2026-07-30 00:21:04,CMP_103,B2B SaaS Trial,Display,impression,0.0123,0.0
EVT_457307,2026-07-30 03:14:01,CMP_103,B2B SaaS Trial,Display,q2_50,0.0,0.0
EVT_489774,2026-07-29 17:24:25,CMP_101,Summer Apparel,OLV,impression,0.0147,0.0
EVT_466544,2026-07-31 14:57:10,CMP_102,Tech Gadgets Launch,CTV,impression,0.0132,0.0
EVT_503856,2026-07-30 13:25:43,CMP_101,Summer Apparel,OLV,q3_75,0.0,0.0
EVT_798598,2026-07-30 15:26:31,CMP_101,Summer Apparel,OLV,impression,0.0039,0.0
EVT_398755,2026-07-30 19:12:31,CMP_103,B2B SaaS Trial,Display,impression,0.0103,0.0
EVT_870925,2026-07-31 14:19:00,CMP_101,Summer Apparel,OLV,click,0.0,0.0
EVT_967072,2026-07-30 05:32:25,CMP_101,Summer Apparel,OLV,q1_25,0.0,0.0
EVT_906796,2026-07-30 19:40:57,CMP_102,Tech Gadgets Launch,CTV,impression,0.0051,0.0
EVT_812088,2026-07-31 02:52:31,CMP_103,B2B SaaS Trial,Display,q2_50,0.0,0.0
EVT_264419,2026-07-31 01:25:39,CMP_102,Tech Gadgets Launch,CTV,impression,0.0057,0.0
EVT_436125,2026-07-31 17:30:00,CMP_102,Tech Gadgets Launch,CTV,impression,0.0103,0.0
EVT_625408,2026-07-30 10:54:16,CMP_103,B2B SaaS Trial,Display,impression,0.0139,0.0
EVT_471074,2026-07-29 06:56:37,CMP_103,B2B SaaS Trial,Display,impression,0.0092,0.0
EVT_939023,2026-07-30 01:36:42,CMP_101,Summer Apparel,OLV,impression,0.011,0.0
EVT_622138,2026-07-28 23:27:45,CMP_101,Summer Apparel,OLV,impression,0.0131,0.0
EVT_439124,2026-07-31 10:03:25,CMP_101,Summer Apparel,OLV,q1_25,0.0,0.0
EVT_673131,2026-07-29 11:07:33,CMP_101,Summer Apparel,OLV,q1_25,0.0,0.0
EVT_594673,2026-07-30 01:36:42,CMP_103,B2B SaaS Trial,Display,impression,0.0026,0.0
EVT_713911,2026-07-29 17:47:55,CMP_103,B2B SaaS Trial,Display,impression,0.0034,0.0
EVT_977266,2026-07-29 21:19:06,CMP_101,Summer Apparel,OLV,impression,0.0028,0.0
EVT_322194,2026-07-29 04:48:31,CMP_101,Summer Apparel,OLV,q2_50,0.0,0.0
EVT_953515,2026-07-30 11:52:09,CMP_101,Summer Apparel,OLV,impression,0.0068,0.0
EVT_894648,2026-07-30 06:57:51,CMP_101,Summer Apparel,OLV,q3_75,0.0,0.0
EVT_773639,2026-07-29 16:26:21,CMP_102,Tech Gadgets Launch,CTV,impression,0.0139,0.0
EVT_234179,2026-07-30 05:59:09,CMP_103,B2B SaaS Trial,Display,q1_25,0.0,0.0
EVT_820946,2026-07-29 18:27:24,CMP_102,Tech Gadgets Launch,CTV,impression,0.0093,0.0
EVT_976729,2026-07-30 13:38:08,CMP_103,B2B SaaS Trial,Display,impression,0.0141,0.0
EVT_974329,2026-07-29 10:38:07,CMP_101,Summer Apparel,OLV,impression,0.0067,0.0
EVT_441449,2026-07-30 12:49:28,CMP_102,Tech Gadgets Launch,CTV,impression,0.0116,0.0
EVT_157868,2026-07-29 05:52:34,CMP_102,Tech Gadgets Launch,CTV,impression,0.0042,0.0
EVT_256741,2026-07-29 08:26:37,CMP_103,B2B SaaS Trial,Display,impression,0.0073,0.0
EVT_364365,2026-07-31 09:36:08,CMP_102,Tech Gadgets Launch,CTV,q1_25,0.0,0.0
EVT_947116,2026-07-31 19:25:48,CMP_101,Summer Apparel,OLV,q3_75,0.0,0.0
EVT_987936,2026-07-29 00:04:58,CMP_101,Summer Apparel,OLV,q1_25,0.0,0.0
EVT_615608,2026-07-30 03:38:17,CMP_103,B2B SaaS Trial,Display,impression,0.0142,0.0
EVT_507588,2026-07-30 09:47:47,CMP_103,B2B SaaS Trial,Display,impression,0.0068,0.0
EVT_543334,2026-07-29 19:15:56,CMP_102,Tech Gadgets Launch,CTV,q4_100,0.0,0.0
EVT_538062,2026-07-29 12:30:16,CMP_101,Summer Apparel,OLV,q2_50,0.0,0.0
EVT_915739,2026-07-28 22:34:32,CMP_103,B2B SaaS Trial,Display,impression,0.0118,0.0
EVT_704937,2026-07-31 14:18:29,CMP_103,B2B SaaS Trial,Display,q1_25,0.0,0.0
EVT_597364,2026-07-29 19:37:40,CMP_103,B2B SaaS Trial,Display,conversion,0.0,70.47
EVT_110848,2026-07-30 21:35:16,CMP_103,B2B SaaS Trial,Display,q3_75,0.0,0.0
EVT_407395,2026-07-29 14:20:20,CMP_102,Tech Gadgets Launch,CTV,q1_25,0.0,0.0
EVT_750762,2026-07-30 16:05:16,CMP_102,Tech Gadgets Launch,CTV,impression,0.0031,0.0
EVT_918498,2026-07-30 13:01:17,CMP_102,Tech Gadgets Launch,CTV,q1_25,0.0,0.0
EVT_741141,2026-07-29 19:55:00,CMP_103,B2B SaaS Trial,Display,impression,0.0062,0.0
EVT_579373,2026-07-31 19:05:44,CMP_102,Tech Gadgets Launch,CTV,click,0.0,0.0
EVT_532370,2026-07-31 14:53:55,CMP_101,Summer Apparel,OLV,impression,0.0089,0.0
EVT_573652,2026-07-31 18:04:10,CMP_102,Tech Gadgets Launch,CTV,impression,0.0027,0.0
EVT_263172,2026-07-31 18:54:27,CMP_103,B2B SaaS Trial,Display,impression,0.0141,0.0
EVT_907284,2026-07-30 20:15:37,CMP_103,B2B SaaS Trial,Display,q1_25,0.0,0.0
EVT_775986,2026-07-31 14:02:19,CMP_103,B2B SaaS Trial,Display,impression,0.0067,0.0
EVT_504587,2026-07-30 07:20:48,CMP_102,Tech Gadgets Launch,CTV,impression,0.0132,0.0
EVT_941148,2026-07-29 20:37:31,CMP_102,Tech Gadgets Launch,CTV,q1_25,0.0,0.0
EVT_479477,2026-07-30 04:44:22,CMP_101,Summer Apparel,OLV,q1_25,0.0,0.0
EVT_132547,2026-07-30 00:13:22,CMP_103,B2B SaaS Trial,Display,impression,0.0023,0.0
EVT_321148,2026-07-29 20:02:54,CMP_103,B2B SaaS Trial,Display,impression,0.0035,0.0
EVT_194485,2026-07-29 19:46:54,CMP_103,B2B SaaS Trial,Display,impression,0.0052,0.0
EVT_724049,2026-07-31 05:40:30,CMP_103,B2B SaaS Trial,Display,q2_50,0.0,0.0
EVT_329120,2026-07-31 04:17:26,CMP_103,B2B SaaS Trial,Display,impression,0.002,0.0
EVT_282343,2026-07-29 21:04:55,CMP_103,B2B SaaS Trial,Display,q1_25,0.0,0.0
EVT_872878,2026-07-29 21:10:46,CMP_101,Summer Apparel,OLV,q1_25,0.0,0.0
EVT_896060,2026-07-30 19:01:06,CMP_101,Summer Apparel,OLV,q1_25,0.0,0.0
EVT_913867,2026-07-30 05:20:50,CMP_103,B2B SaaS Trial,Display,impression,0.0127,0.0
EVT_659429,2026-07-29 00:30:04,CMP_103,B2B SaaS Trial,Display,q1_25,0.0,0.0
EVT_938305,2026-07-29 21:29:02,CMP_102,Tech Gadgets Launch,CTV,q1_25,0.0,0.0
EVT_978750,2026-07-29 10:48:24,CMP_101,Summer Apparel,OLV,q3_75,0.0,0.0
EVT_486346,2026-07-30 15:52:37,CMP_103,B2B SaaS Trial,Display,q1_25,0.0,0.0
EVT_565317,2026-07-31 03:34:33,CMP_101,Summer Apparel,OLV,impression,0.0053,0.0
EVT_308083,2026-07-30 12:17:45,CMP_101,Summer Apparel,OLV,q3_75,0.0,0.0
EVT_577919,2026-07-29 04:56:45,CMP_103,B2B SaaS Trial,Display,impression,0.0047,0.0
EVT_937557,2026-07-31 07:12:42,CMP_101,Summer Apparel,OLV,impression,0.0105,0.0
EVT_816593,2026-07-30 09:32:47,CMP_103,B2B SaaS Trial,Display,q1_25,0.0,0.0
EVT_861079,2026-07-30 17:39:36,CMP_101,Summer Apparel,OLV,impression,0.0045,0.0
EVT_544712,2026-07-30 21:09:42,CMP_103,B2B SaaS Trial,Display,q4_100,0.0,0.0
EVT_680533,2026-07-31 08:48:59,CMP_103,B2B SaaS Trial,Display,impression,0.0125,0.0
EVT_205369,2026-07-30 21:08:03,CMP_102,Tech Gadgets Launch,CTV,q2_50,0.0,0.0
EVT_313968,2026-07-31 10:03:42,CMP_102,Tech Gadgets Launch,CTV,q3_75,0.0,0.0
EVT_963508,2026-07-29 12:19:06,CMP_102,Tech Gadgets Launch,CTV,q1_25,0.0,0.0
EVT_839235,2026-07-30 21:03:16,CMP_102,Tech Gadgets Launch,CTV,q1_25,0.0,0.0
EVT_448606,2026-07-30 09:35:44,CMP_103,B2B SaaS Trial,Display,impression,0.0127,0.0
EVT_517710,2026-07-29 02:00:51,CMP_102,Tech Gadgets Launch,CTV,impression,0.0031,0.0
EVT_356934,2026-07-31 16:40:45,CMP_103,B2B SaaS Trial,Display,q1_25,0.0,0.0
EVT_757594,2026-07-31 03:14:28,CMP_101,Summer Apparel,OLV,click,0.0,0.0
EVT_917584,2026-07-31 01:27:58,CMP_101,Summer Apparel,OLV,impression,0.0074,0.0
EVT_725970,2026-07-29 21:51:38,CMP_102,Tech Gadgets Launch,CTV,impression,0.0088,0.0
EVT_696522,2026-07-29 01:36:57,CMP_103,B2B SaaS Trial,Display,q2_50,0.0,0.0
EVT_161910,2026-07-30 19:12:09,CMP_103,B2B SaaS Trial,Display,impression,0.0067,0.0
EVT_267934,2026-07-31 12:20:41,CMP_101,Summer Apparel,OLV,impression,0.0113,0.0
EVT_579176,2026-07-28 22:06:50,CMP_101,Summer Apparel,OLV,q1_25,0.0,0.0
EVT_366387,2026-07-29 07:11:48,CMP_101,Summer Apparel,OLV,impression,0.0074,0.0
EVT_191962,2026-07-30 04:25:50,CMP_101,Summer Apparel,OLV,impression,0.006,0.0
EVT_469658,2026-07-29 01:48:48,CMP_102,Tech Gadgets Launch,CTV,q1_25,0.0,0.0
EVT_820716,2026-07-29 23:22:05,CMP_102,Tech Gadgets Launch,CTV,q1_25,0.0,0.0
EVT_372441,2026-07-31 07:26:27,CMP_103,B2B SaaS Trial,Display,impression,0.0127,0.0
EVT_982425,2026-07-28 21:27:10,CMP_102,Tech Gadgets Launch,CTV,impression,0.0056,0.0
EVT_249950,2026-07-29 13:37:49,CMP_101,Summer Apparel,OLV,q2_50,0.0,0.0
EVT_704636,2026-07-31 20:17:36,CMP_102,Tech Gadgets Launch,CTV,q1_25,0.0,0.0
EVT_383437,2026-07-29 22:48:47,CMP_101,Summer Apparel,OLV,q2_50,0.0,0.0
EVT_727440,2026-07-30 22:50:34,CMP_102,Tech Gadgets Launch,CTV,impression,0.0146,0.0
EVT_151688,2026-07-30 10:35:15,CMP_102,Tech Gadgets Launch,CTV,impression,0.0149,0.0
EVT_786005,2026-07-29 11:25:29,CMP_103,B2B SaaS Trial,Display,impression,0.0057,0.0
EVT_714728,2026-07-30 02:43:38,CMP_102,Tech Gadgets Launch,CTV,q2_50,0.0,0.0
EVT_253685,2026-07-30 05:56:51,CMP_101,Summer Apparel,OLV,impression,0.0145,0.0
EVT_720260,2026-07-30 10:49:45,CMP_102,Tech Gadgets Launch,CTV,impression,0.0065,0.0
EVT_836648,2026-07-29 16:01:10,CMP_103,B2B SaaS Trial,Display,q1_25,0.0,0.0
EVT_305418,2026-07-31 19:16:37,CMP_101,Summer Apparel,OLV,impression,0.0061,0.0
EVT_667372,2026-07-31 15:05:13,CMP_103,B2B SaaS Trial,Display,q2_50,0.0,0.0
EVT_346603,2026-07-29 01:19:38,CMP_103,B2B SaaS Trial,Display,impression,0.013,0.0
EVT_189322,2026-07-31 08:38:35,CMP_103,B2B SaaS Trial,Display,impression,0.0086,0.0
EVT_607410,2026-07-30 17:12:15,CMP_101,Summer Apparel,OLV,q1_25,0.0,0.0
EVT_708089,2026-07-29 21:36:37,CMP_101,Summer Apparel,OLV,q1_25,0.0,0.0
EVT_106413,2026-07-31 01:20:36,CMP_103,B2B SaaS Trial,Display,q2_50,0.0,0.0
EVT_640856,2026-07-31 03:59:24,CMP_102,Tech Gadgets Launch,CTV,impression,0.0023,0.0
EVT_280464,2026-07-30 02:14:52,CMP_103,B2B SaaS Trial,Display,q2_50,0.0,0.0
EVT_902791,2026-07-31 07:23:33,CMP_101,Summer Apparel,OLV,impression,0.0037,0.0
EVT_397045,2026-07-30 21:10:02,CMP_101,Summer Apparel,OLV,impression,0.0111,0.0
EVT_280170,2026-07-31 06:35:44,CMP_103,B2B SaaS Trial,Display,impression,0.0042,0.0
EVT_294839,2026-07-30 16:55:34,CMP_102,Tech Gadgets Launch,CTV,q2_50,0.0,0.0
EVT_625806,2026-07-29 11:25:13,CMP_103,B2B SaaS Trial,Display,impression,0.0106,0.0
EVT_958551,2026-07-28 20:53:46,CMP_103,B2B SaaS Trial,Display,impression,0.0029,0.0
EVT_900005,2026-07-29 13:12:16,CMP_101,Summer Apparel,OLV,impression,0.01,0.0
EVT_239779,2026-07-31 08:35:20,CMP_102,Tech Gadgets Launch,CTV,q3_75,0.0,0.0
EVT_192828,2026-07-29 19:03:20,CMP_101,Summer Apparel,OLV,impression,0.0024,0.0
EVT_284116,2026-07-29 22:39:27,CMP_102,Tech Gadgets Launch,CTV,impression,0.0106,0.0
EVT_284572,2026-07-29 05:27:48,CMP_102,Tech Gadgets Launch,CTV,q1_25,0.0,0.0
EVT_239113,2026-07-29 18:34:25,CMP_103,B2B SaaS Trial,Display,impression,0.0136,0.0
EVT_350026,2026-07-31 07:19:19,CMP_102,Tech Gadgets Launch,CTV,impression,0.013,0.0
EVT_458898,2026-07-29 22:14:18,CMP_103,B2B SaaS Trial,Display,impression,0.0125,0.0
EVT_423865,2026-07-31 00:15:08,CMP_101,Summer Apparel,OLV,impression,0.0069,0.0
EVT_745820,2026-07-30 01:49:01,CMP_102,Tech Gadgets Launch,CTV,impression,0.0065,0.0
EVT_681508,2026-07-30 04:59:02,CMP_103,B2B SaaS Trial,Display,impression,0.0048,0.0
EVT_908101,2026-07-29 09:48:11,CMP_102,Tech Gadgets Launch,CTV,q4_100,0.0,0.0
EVT_264555,2026-07-31 00:52:37,CMP_102,Tech Gadgets Launch,CTV,q4_100,0.0,0.0
EVT_186557,2026-07-31 20:23:07,CMP_101,Summer Apparel,OLV,q1_25,0.0,0.0
EVT_680151,2026-07-28 23:23:04,CMP_102,Tech Gadgets Launch,CTV,impression,0.0101,0.0
EVT_626059,2026-07-31 05:44:02,CMP_103,B2B SaaS Trial,Display,impression,0.0115,0.0
EVT_921768,2026-07-30 02:30:10,CMP_102,Tech Gadgets Launch,CTV,impression,0.0087,0.0
EVT_728004,2026-07-30 16:12:55,CMP_103,B2B SaaS Trial,Display,impression,0.0099,0.0
EVT_361870,2026-07-29 14:32:23,CMP_101,Summer Apparel,OLV,impression,0.0029,0.0
EVT_708665,2026-07-29 23:33:51,CMP_102,Tech Gadgets Launch,CTV,impression,0.0081,0.0
EVT_365055,2026-07-29 13:24:29,CMP_101,Summer Apparel,OLV,impression,0.0128,0.0
EVT_867944,2026-07-29 20:05:37,CMP_103,B2B SaaS Trial,Display,q1_25,0.0,0.0
EVT_224278,2026-07-29 15:45:15,CMP_103,B2B SaaS Trial,Display,impression,0.0149,0.0
EVT_287454,2026-07-31 19:40:24,CMP_102,Tech Gadgets Launch,CTV,impression,0.0149,0.0
EVT_563119,2026-07-29 07:27:16,CMP_102,Tech Gadgets Launch,CTV,q1_25,0.0,0.0
EVT_740590,2026-07-31 04:53:19,CMP_102,Tech Gadgets Launch,CTV,q1_25,0.0,0.0
EVT_280614,2026-07-30 19:14:50,CMP_101,Summer Apparel,OLV,impression,0.0089,0.0
EVT_948125,2026-07-30 04:46:15,CMP_103,B2B SaaS Trial,Display,impression,0.0033,0.0
EVT_570496,2026-07-30 12:14:28,CMP_103,B2B SaaS Trial,Display,impression,0.0066,0.0
EVT_804950,2026-07-29 05:58:05,CMP_102,Tech Gadgets Launch,CTV,q2_50,0.0,0.0
EVT_705680,2026-07-31 17:58:46,CMP_101,Summer Apparel,OLV,impression,0.0073,0.0
EVT_678949,2026-07-30 22:36:32,CMP_101,Summer Apparel,OLV,q3_75,0.0,0.0
EVT_155787,2026-07-30 16:44:08,CMP_103,B2B SaaS Trial,Display,q2_50,0.0,0.0
EVT_527958,2026-07-29 12:48:47,CMP_103,B2B SaaS Trial,Display,q2_50,0.0,0.0
EVT_586037,2026-07-31 05:21:33,CMP_101,Summer Apparel,OLV,q1_25,0.0,0.0
EVT_720986,2026-07-30 13:35:03,CMP_103,B2B SaaS Trial,Display,q3_75,0.0,0.0
EVT_725106,2026-07-29 14:45:58,CMP_101,Summer Apparel,OLV,impression,0.0119,0.0
EVT_411506,2026-07-30 06:31:15,CMP_102,Tech Gadgets Launch,CTV,impression,0.0066,0.0
EVT_214267,2026-07-29 08:07:42,CMP_101,Summer Apparel,OLV,q3_75,0.0,0.0
EVT_147130,2026-07-29 01:50:16,CMP_102,Tech Gadgets Launch,CTV,q2_50,0.0,0.0
EVT_406686,2026-07-30 00:58:49,CMP_102,Tech Gadgets Launch,CTV,q1_25,0.0,0.0
EVT_423283,2026-07-30 21:10:16,CMP_103,B2B SaaS Trial,Display,q2_50,0.0,0.0
EVT_905528,2026-07-30 10:11:04,CMP_103,B2B SaaS Trial,Display,impression,0.0052,0.0
EVT_916303,2026-07-29 17:56:31,CMP_102,Tech Gadgets Launch,CTV,q2_50,0.0,0.0
EVT_485008,2026-07-30 10:18:50,CMP_102,Tech Gadgets Launch,CTV,impression,0.0054,0.0
EVT_653205,2026-07-30 16:41:44,CMP_103,B2B SaaS Trial,Display,impression,0.0129,0.0
EVT_500142,2026-07-31 12:45:11,CMP_101,Summer Apparel,OLV,conversion,0.0,115.1
EVT_844323,2026-07-29 12:47:02,CMP_102,Tech Gadgets Launch,CTV,q1_25,0.0,0.0
EVT_389463,2026-07-31 15:56:14,CMP_101,Summer Apparel,OLV,impression,0.0067,0.0
EVT_116841,2026-07-29 07:35:51,CMP_101,Summer Apparel,OLV,q3_75,0.0,0.0
EVT_285262,2026-07-31 20:32:10,CMP_102,Tech Gadgets Launch,CTV,impression,0.0118,0.0
EVT_337545,2026-07-31 07:44:18,CMP_102,Tech Gadgets Launch,CTV,q3_75,0.0,0.0
EVT_230577,2026-07-30 11:30:46,CMP_102,Tech Gadgets Launch,CTV,impression,0.0136,0.0
EVT_740903,2026-07-29 16:16:35,CMP_103,B2B SaaS Trial,Display,impression,0.0134,0.0
EVT_692493,2026-07-29 08:13:11,CMP_102,Tech Gadgets Launch,CTV,q1_25,0.0,0.0
EVT_852026,2026-07-31 18:48:10,CMP_101,Summer Apparel,OLV,q1_25,0.0,0.0
EVT_167527,2026-07-30 20:09:03,CMP_101,Summer Apparel,OLV,impression,0.0074,0.0
EVT_492494,2026-07-30 06:49:32,CMP_103,B2B SaaS Trial,Display,q4_100,0.0,0.0
EVT_287605,2026-07-28 22:21:42,CMP_101,Summer Apparel,OLV,click,0.0,0.0
EVT_740808,2026-07-30 23:48:02,CMP_101,Summer Apparel,OLV,impression,0.0116,0.0
EVT_268805,2026-07-28 22:10:46,CMP_101,Summer Apparel,OLV,impression,0.0025,0.0
EVT_446993,2026-07-31 12:06:58,CMP_101,Summer Apparel,OLV,q1_25,0.0,0.0
EVT_623795,2026-07-31 07:37:38,CMP_103,B2B SaaS Trial,Display,q4_100,0.0,0.0
EVT_653258,2026-07-29 02:19:50,CMP_101,Summer Apparel,OLV,impression,0.0084,0.0
EVT_273769,2026-07-31 15:57:13,CMP_102,Tech Gadgets Launch,CTV,q2_50,0.0,0.0
EVT_212327,2026-07-29 19:22:32,CMP_101,Summer Apparel,OLV,q4_100,0.0,0.0
EVT_397770,2026-07-31 03:50:52,CMP_102,Tech Gadgets Launch,CTV,impression,0.009,0.0
EVT_636377,2026-07-30 21:17:57,CMP_101,Summer Apparel,OLV,impression,0.0051,0.0
EVT_463071,2026-07-31 14:23:46,CMP_103,B2B SaaS Trial,Display,q1_25,0.0,0.0
EVT_864012,2026-07-29 18:23:02,CMP_101,Summer Apparel,OLV,impression,0.0042,0.0
EVT_119084,2026-07-29 15:21:07,CMP_101,Summer Apparel,OLV,impression,0.0126,0.0
EVT_156217,2026-07-31 02:52:10,CMP_102,Tech Gadgets Launch,CTV,impression,0.0038,0.0
EVT_196929,2026-07-30 14:37:57,CMP_101,Summer Apparel,OLV,impression,0.0065,0.0
EVT_826406,2026-07-30 18:10:32,CMP_103,B2B SaaS Trial,Display,q4_100,0.0,0.0
EVT_686526,2026-07-29 01:59:38,CMP_102,Tech Gadgets Launch,CTV,impression,0.0104,0.0
EVT_929006,2026-07-31 15:38:19,CMP_101,Summer Apparel,OLV,q3_75,0.0,0.0
EVT_254901,2026-07-31 05:21:15,CMP_103,B2B SaaS Trial,Display,q1_25,0.0,0.0
EVT_262388,2026-07-29 07:35:29,CMP_103,B2B SaaS Trial,Display,impression,0.0121,0.0
EVT_893614,2026-07-29 12:53:58,CMP_101,Summer Apparel,OLV,impression,0.0073,0.0
EVT_478146,2026-07-31 07:46:37,CMP_101,Summer Apparel,OLV,q1_25,0.0,0.0
EVT_575947,2026-07-29 17:19:14,CMP_103,B2B SaaS Trial,Display,q2_50,0.0,0.0
EVT_496633,2026-07-30 08:20:05,CMP_101,Summer Apparel,OLV,impression,0.0066,0.0
EVT_447932,2026-07-31 19:58:24,CMP_103,B2B SaaS Trial,Display,q2_50,0.0,0.0
EVT_416280,2026-07-31 09:12:08,CMP_103,B2B SaaS Trial,Display,q1_25,0.0,0.0
EVT_491357,2026-07-30 06:49:24,CMP_101,Summer Apparel,OLV,impression,0.0131,0.0
EVT_836451,2026-07-30 12:03:57,CMP_103,B2B SaaS Trial,Display,q1_25,0.0,0.0
EVT_839181,2026-07-31 12:37:19,CMP_103,B2B SaaS Trial,Display,impression,0.0071,0.0
EVT_892531,2026-07-31 00:11:47,CMP_101,Summer Apparel,OLV,q1_25,0.0,0.0
EVT_893112,2026-07-30 07:46:02,CMP_103,B2B SaaS Trial,Display,impression,0.0105,0.0
EVT_380437,2026-07-29 19:44:24,CMP_103,B2B SaaS Trial,Display,impression,0.0083,0.0
EVT_251268,2026-07-30 11:18:41,CMP_102,Tech Gadgets Launch,CTV,impression,0.0025,0.0
EVT_634442,2026-07-29 18:19:28,CMP_103,B2B SaaS Trial,Display,q1_25,0.0,0.0
EVT_880007,2026-07-30 03:34:08,CMP_101,Summer Apparel,OLV,q2_50,0.0,0.0
EVT_857258,2026-07-28 21:18:23,CMP_101,Summer Apparel,OLV,impression,0.0039,0.0
EVT_956698,2026-07-29 03:08:59,CMP_101,Summer Apparel,OLV,q3_75,0.0,0.0
EVT_635187,2026-07-31 01:35:19,CMP_101,Summer Apparel,OLV,impression,0.0146,0.0
EVT_901545,2026-07-30 09:13:26,CMP_101,Summer Apparel,OLV,q1_25,0.0,0.0
EVT_875215,2026-07-30 12:35:24,CMP_101,Summer Apparel,OLV,impression,0.0087,0.0
EVT_339436,2026-07-28 23:30:15,CMP_101,Summer Apparel,OLV,impression,0.0107,0.0
EVT_748648,2026-07-31 03:59:26,CMP_101,Summer Apparel,OLV,q1_25,0.0,0.0
EVT_227410,2026-07-31 10:13:34,CMP_101,Summer Apparel,OLV,impression,0.0108,0.0
EVT_664153,2026-07-31 08:16:29,CMP_103,B2B SaaS Trial,Display,impression,0.0054,0.0
EVT_636422,2026-07-30 21:47:16,CMP_102,Tech Gadgets Launch,CTV,impression,0.0088,0.0
EVT_631522,2026-07-31 07:01:27,CMP_102,Tech Gadgets Launch,CTV,impression,0.0096,0.0
EVT_476103,2026-07-31 08:28:04,CMP_102,Tech Gadgets Launch,CTV,q2_50,0.0,0.0
EVT_633369,2026-07-30 08:22:35,CMP_102,Tech Gadgets Launch,CTV,impression,0.0038,0.0
EVT_253263,2026-07-30 14:08:32,CMP_102,Tech Gadgets Launch,CTV,q1_25,0.0,0.0
EVT_552722,2026-07-31 08:10:07,CMP_103,B2B SaaS Trial,Display,q1_25,0.0,0.0
EVT_333957,2026-07-29 03:40:48,CMP_103,B2B SaaS Trial,Display,impression,0.0081,0.0
EVT_641250,2026-07-30 00:19:50,CMP_103,B2B SaaS Trial,Display,impression,0.0027,0.0
EVT_231788,2026-07-31 06:45:45,CMP_103,B2B SaaS Trial,Display,q1_25,0.0,0.0
EVT_279387,2026-07-30 19:44:13,CMP_101,Summer Apparel,OLV,q4_100,0.0,0.0
EVT_995790,2026-07-28 21:16:52,CMP_101,Summer Apparel,OLV,q1_25,0.0,0.0
EVT_990986,2026-07-29 07:15:49,CMP_102,Tech Gadgets Launch,CTV,impression,0.014,0.0
EVT_369459,2026-07-30 08:43:10,CMP_103,B2B SaaS Trial,Display,q1_25,0.0,0.0
EVT_883599,2026-07-30 04:49:48,CMP_102,Tech Gadgets Launch,CTV,impression,0.0047,0.0
EVT_469729,2026-07-30 08:58:44,CMP_103,B2B SaaS Trial,Display,q2_50,0.0,0.0
EVT_899124,2026-07-31 08:53:35,CMP_101,Summer Apparel,OLV,impression,0.0031,0.0
EVT_974392,2026-07-31 18:57:54,CMP_103,B2B SaaS Trial,Display,impression,0.0026,0.0
EVT_766893,2026-07-29 18:24:56,CMP_101,Summer Apparel,OLV,impression,0.0028,0.0
EVT_116152,2026-07-30 10:35:25,CMP_103,B2B SaaS Trial,Display,impression,0.014,0.0
EVT_609474,2026-07-31 20:27:57,CMP_101,Summer Apparel,OLV,q1_25,0.0,0.0
EVT_190943,2026-07-29 08:42:06,CMP_101,Summer Apparel,OLV,impression,0.0034,0.0
EVT_470498,2026-07-29 20:38:07,CMP_101,Summer Apparel,OLV,impression,0.0088,0.0
EVT_404729,2026-07-31 00:34:32,CMP_101,Summer Apparel,OLV,q4_100,0.0,0.0
EVT_979960,2026-07-30 10:20:59,CMP_101,Summer Apparel,OLV,q1_25,0.0,0.0
EVT_871364,2026-07-29 10:44:38,CMP_101,Summer Apparel,OLV,q3_75,0.0,0.0
EVT_551205,2026-07-30 04:29:58,CMP_101,Summer Apparel,OLV,q3_75,0.0,0.0
EVT_191009,2026-07-31 13:47:36,CMP_102,Tech Gadgets Launch,CTV,impression,0.0118,0.0
EVT_446876,2026-07-31 14:19:38,CMP_101,Summer Apparel,OLV,impression,0.0075,0.0
EVT_982517,2026-07-30 01:53:50,CMP_102,Tech Gadgets Launch,CTV,impression,0.0078,0.0
EVT_352587,2026-07-29 08:20:48,CMP_103,B2B SaaS Trial,Display,impression,0.0024,0.0
EVT_931143,2026-07-29 09:49:42,CMP_101,Summer Apparel,OLV,q1_25,0.0,0.0
EVT_491840,2026-07-28 22:20:43,CMP_102,Tech Gadgets Launch,CTV,impression,0.0097,0.0
EVT_651392,2026-07-29 17:03:35,CMP_102,Tech Gadgets Launch,CTV,impression,0.0024,0.0
EVT_480434,2026-07-31 03:19:56,CMP_101,Summer Apparel,OLV,impression,0.0064,0.0
EVT_641413,2026-07-29 12:37:14,CMP_102,Tech Gadgets Launch,CTV,q3_75,0.0,0.0
EVT_382980,2026-07-30 05:16:04,CMP_101,Summer Apparel,OLV,q1_25,0.0,0.0
EVT_990769,2026-07-31 05:49:14,CMP_102,Tech Gadgets Launch,CTV,impression,0.0131,0.0
EVT_951566,2026-07-29 12:38:46,CMP_101,Summer Apparel,OLV,q1_25,0.0,0.0
EVT_718284,2026-07-29 15:16:36,CMP_102,Tech Gadgets Launch,CTV,impression,0.009,0.0
EVT_705380,2026-07-30 08:30:18,CMP_103,B2B SaaS Trial,Display,impression,0.0038,0.0
EVT_878910,2026-07-31 10:37:19,CMP_101,Summer Apparel,OLV,impression,0.0084,0.0
EVT_359893,2026-07-30 15:49:38,CMP_101,Summer Apparel,OLV,impression,0.0137,0.0
EVT_144890,2026-07-31 08:01:47,CMP_101,Summer Apparel,OLV,impression,0.0044,0.0
EVT_388347,2026-07-29 02:19:33,CMP_103,B2B SaaS Trial,Display,q3_75,0.0,0.0
EVT_355041,2026-07-31 05:19:25,CMP_102,Tech Gadgets Launch,CTV,q1_25,0.0,0.0
EVT_150067,2026-07-30 12:48:14,CMP_102,Tech Gadgets Launch,CTV,q3_75,0.0,0.0
EVT_323401,2026-07-29 08:34:09,CMP_102,Tech Gadgets Launch,CTV,impression,0.0087,0.0
EVT_940156,2026-07-29 22:19:03,CMP_101,Summer Apparel,OLV,q1_25,0.0,0.0
EVT_215883,2026-07-30 15:02:22,CMP_103,B2B SaaS Trial,Display,impression,0.0027,0.0
EVT_750785,2026-07-29 11:57:49,CMP_102,Tech Gadgets Launch,CTV,impression,0.0075,0.0
EVT_387115,2026-07-29 07:38:24,CMP_102,Tech Gadgets Launch,CTV,impression,0.0117,0.0
EVT_770479,2026-07-31 08:49:12,CMP_101,Summer Apparel,OLV,impression,0.0098,0.0
EVT_258611,2026-07-31 13:52:11,CMP_102,Tech Gadgets Launch,CTV,impression,0.0053,0.0
EVT_167024,2026-07-30 02:49:33,CMP_102,Tech Gadgets Launch,CTV,impression,0.0026,0.0
EVT_540850,2026-07-29 12:49:48,CMP_101,Summer Apparel,OLV,q3_75,0.0,0.0
EVT_823535,2026-07-29 12:30:51,CMP_103,B2B SaaS Trial,Display,q1_25,0.0,0.0
EVT_958128,2026-07-31 08:34:53,CMP_101,Summer Apparel,OLV,q2_50,0.0,0.0
EVT_384638,2026-07-29 06:59:04,CMP_103,B2B SaaS Trial,Display,q1_25,0.0,0.0
EVT_785172,2026-07-30 17:23:46,CMP_102,Tech Gadgets Launch,CTV,q1_25,0.0,0.0
EVT_762224,2026-07-29 11:50:50,CMP_103,B2B SaaS Trial,Display,q3_75,0.0,0.0
EVT_393987,2026-07-30 02:59:36,CMP_102,Tech Gadgets Launch,CTV,impression,0.0045,0.0
EVT_401140,2026-07-30 03:27:48,CMP_102,Tech Gadgets Launch,CTV,impression,0.0097,0.0
EVT_809543,2026-07-30 22:19:53,CMP_101,Summer Apparel,OLV,impression,0.0116,0.0
EVT_564280,2026-07-31 09:52:57,CMP_103,B2B SaaS Trial,Display,impression,0.0109,0.0
EVT_396193,2026-07-31 07:51:38,CMP_102,Tech Gadgets Launch,CTV,impression,0.0094,0.0
EVT_260138,2026-07-30 13:53:20,CMP_102,Tech Gadgets Launch,CTV,impression,0.0024,0.0
EVT_420425,2026-07-30 09:56:38,CMP_101,Summer Apparel,OLV,impression,0.0035,0.0
EVT_609475,2026-07-31 06:23:38,CMP_101,Summer Apparel,OLV,impression,0.0034,0.0
EVT_317440,2026-07-30 14:59:03,CMP_102,Tech Gadgets Launch,CTV,q2_50,0.0,0.0
EVT_545393,2026-07-30 10:07:18,CMP_102,Tech Gadgets Launch,CTV,impression,0.0043,0.0
EVT_965977,2026-07-29 20:52:49,CMP_103,B2B SaaS Trial,Display,impression,0.0134,0.0
EVT_582916,2026-07-30 08:28:36,CMP_103,B2B SaaS Trial,Display,impression,0.0021,0.0
EVT_840780,2026-07-31 03:11:59,CMP_103,B2B SaaS Trial,Display,q3_75,0.0,0.0
EVT_595296,2026-07-31 18:04:26,CMP_102,Tech Gadgets Launch,CTV,q2_50,0.0,0.0
EVT_226615,2026-07-30 23:32:23,CMP_101,Summer Apparel,OLV,impression,0.0147,0.0
EVT_472321,2026-07-30 07:04:51,CMP_102,Tech Gadgets Launch,CTV,impression,0.0028,0.0
EVT_370382,2026-07-29 09:56:46,CMP_101,Summer Apparel,OLV,q1_25,0.0,0.0
EVT_874200,2026-07-31 10:25:14,CMP_102,Tech Gadgets Launch,CTV,q1_25,0.0,0.0
EVT_652844,2026-07-30 09:18:33,CMP_101,Summer Apparel,OLV,q2_50,0.0,0.0
EVT_350121,2026-07-31 04:21:20,CMP_101,Summer Apparel,OLV,impression,0.0042,0.0
EVT_291086,2026-07-31 12:58:01,CMP_101,Summer Apparel,OLV,impression,0.0117,0.0
EVT_751814,2026-07-29 01:37:43,CMP_101,Summer Apparel,OLV,impression,0.0109,0.0
EVT_559005,2026-07-30 15:48:53,CMP_103,B2B SaaS Trial,Display,impression,0.0118,0.0
EVT_342209,2026-07-31 18:31:40,CMP_103,B2B SaaS Trial,Display,q1_25,0.0,0.0
EVT_817860,2026-07-29 18:09:34,CMP_101,Summer Apparel,OLV,q1_25,0.0,0.0
EVT_300646,2026-07-30 02:19:31,CMP_101,Summer Apparel,OLV,impression,0.0109,0.0
EVT_318848,2026-07-29 22:59:44,CMP_102,Tech Gadgets Launch,CTV,impression,0.0126,0.0
EVT_222564,2026-07-31 11:33:27,CMP_101,Summer Apparel,OLV,impression,0.0115,0.0
EVT_173695,2026-07-29 05:29:31,CMP_101,Summer Apparel,OLV,q1_25,0.0,0.0
EVT_504208,2026-07-30 18:56:56,CMP_101,Summer Apparel,OLV,q1_25,0.0,0.0
EVT_539503,2026-07-29 13:46:39,CMP_102,Tech Gadgets Launch,CTV,q1_25,0.0,0.0
EVT_183750,2026-07-30 08:20:29,CMP_103,B2B SaaS Trial,Display,q1_25,0.0,0.0
EVT_110567,2026-07-30 22:19:34,CMP_103,B2B SaaS Trial,Display,impression,0.0088,0.0
EVT_802030,2026-07-29 04:53:23,CMP_101,Summer Apparel,OLV,impression,0.0118,0.0
EVT_398043,2026-07-30 04:34:41,CMP_103,B2B SaaS Trial,Display,impression,0.0023,0.0
EVT_595537,2026-07-29 01:21:42,CMP_103,B2B SaaS Trial,Display,q3_75,0.0,0.0
EVT_174803,2026-07-31 15:33:23,CMP_103,B2B SaaS Trial,Display,impression,0.0129,0.0
EVT_786328,2026-07-30 17:32:09,CMP_103,B2B SaaS Trial,Display,click,0.0,0.0
EVT_772075,2026-07-29 18:02:38,CMP_103,B2B SaaS Trial,Display,q1_25,0.0,0.0
EVT_453176,2026-07-29 12:11:50,CMP_103,B2B SaaS Trial,Display,impression,0.002,0.0
EVT_906137,2026-07-31 09:03:07,CMP_103,B2B SaaS Trial,Display,q2_50,0.0,0.0
EVT_747192,2026-07-31 01:17:49,CMP_103,B2B SaaS Trial,Display,q2_50,0.0,0.0
EVT_691318,2026-07-30 22:14:53,CMP_102,Tech Gadgets Launch,CTV,q2_50,0.0,0.0
EVT_185905,2026-07-29 05:55:11,CMP_103,B2B SaaS Trial,Display,q1_25,0.0,0.0
EVT_484242,2026-07-29 16:34:19,CMP_102,Tech Gadgets Launch,CTV,impression,0.0057,0.0
EVT_205720,2026-07-29 18:17:43,CMP_103,B2B SaaS Trial,Display,q2_50,0.0,0.0
EVT_985572,2026-07-31 18:18:06,CMP_101,Summer Apparel,OLV,impression,0.0114,0.0
EVT_516990,2026-07-31 10:09:21,CMP_101,Summer Apparel,OLV,q1_25,0.0,0.0
EVT_253707,2026-07-30 18:00:05,CMP_102,Tech Gadgets Launch,CTV,q4_100,0.0,0.0
EVT_291158,2026-07-29 04:11:15,CMP_103,B2B SaaS Trial,Display,q1_25,0.0,0.0
EVT_696642,2026-07-31 10:27:21,CMP_101,Summer Apparel,OLV,impression,0.0115,0.0
EVT_517118,2026-07-30 10:05:19,CMP_103,B2B SaaS Trial,Display,impression,0.0105,0.0
EVT_599202,2026-07-29 04:23:04,CMP_102,Tech Gadgets Launch,CTV,impression,0.0133,0.0
EVT_469769,2026-07-28 21:12:50,CMP_102,Tech Gadgets Launch,CTV,q1_25,0.0,0.0
EVT_670148,2026-07-29 17:16:57,CMP_103,B2B SaaS Trial,Display,q4_100,0.0,0.0
EVT_154798,2026-07-30 00:45:07,CMP_101,Summer Apparel,OLV,q2_50,0.0,0.0
EVT_976091,2026-07-30 18:04:25,CMP_101,Summer Apparel,OLV,impression,0.0114,0.0
EVT_566909,2026-07-30 23:34:22,CMP_101,Summer Apparel,OLV,impression,0.0064,0.0
EVT_709900,2026-07-29 05:05:40,CMP_103,B2B SaaS Trial,Display,impression,0.0145,0.0
EVT_639335,2026-07-29 12:13:32,CMP_101,Summer Apparel,OLV,q1_25,0.0,0.0
EVT_134746,2026-07-31 14:16:26,CMP_103,B2B SaaS Trial,Display,impression,0.006,0.0
EVT_248592,2026-07-30 08:35:36,CMP_101,Summer Apparel,OLV,impression,0.0021,0.0
EVT_682631,2026-07-31 15:37:04,CMP_101,Summer Apparel,OLV,q2_50,0.0,0.0
EVT_789741,2026-07-29 05:56:18,CMP_101,Summer Apparel,OLV,q4_100,0.0,0.0
EVT_817824,2026-07-29 20:46:49,CMP_101,Summer Apparel,OLV,q1_25,0.0,0.0
EVT_730703,2026-07-31 10:14:02,CMP_101,Summer Apparel,OLV,impression,0.0046,0.0
EVT_279661,2026-07-29 01:35:27,CMP_103,B2B SaaS Trial,Display,impression,0.0076,0.0
EVT_885284,2026-07-30 09:40:53,CMP_102,Tech Gadgets Launch,CTV,q3_75,0.0,0.0
EVT_241052,2026-07-31 18:54:06,CMP_102,Tech Gadgets Launch,CTV,impression,0.002,0.0
EVT_987717,2026-07-30 04:57:01,CMP_102,Tech Gadgets Launch,CTV,impression,0.0051,0.0
EVT_608098,2026-07-30 15:08:22,CMP_101,Summer Apparel,OLV,impression,0.0043,0.0
EVT_670773,2026-07-29 05:55:00,CMP_103,B2B SaaS Trial,Display,q2_50,0.0,0.0
EVT_193015,2026-07-30 17:32:09,CMP_101,Summer Apparel,OLV,impression,0.0055,0.0
EVT_281245,2026-07-29 15:52:44,CMP_103,B2B SaaS Trial,Display,impression,0.0147,0.0
EVT_851324,2026-07-29 08:22:00,CMP_101,Summer Apparel,OLV,q1_25,0.0,0.0
EVT_644399,2026-07-29 02:09:34,CMP_103,B2B SaaS Trial,Display,q1_25,0.0,0.0
EVT_183943,2026-07-29 04:15:51,CMP_103,B2B SaaS Trial,Display,impression,0.007,0.0
EVT_116704,2026-07-29 20:49:59,CMP_101,Summer Apparel,OLV,q4_100,0.0,0.0
EVT_704592,2026-07-31 03:39:48,CMP_102,Tech Gadgets Launch,CTV,impression,0.008,0.0
EVT_621264,2026-07-30 13:10:06,CMP_101,Summer Apparel,OLV,impression,0.0083,0.0
EVT_313444,2026-07-31 19:22:19,CMP_103,B2B SaaS Trial,Display,q1_25,0.0,0.0
EVT_546354,2026-07-29 01:01:36,CMP_102,Tech Gadgets Launch,CTV,impression,0.0103,0.0
EVT_618060,2026-07-29 01:55:58,CMP_102,Tech Gadgets Launch,CTV,impression,0.0062,0.0
EVT_731223,2026-07-30 19:27:14,CMP_102,Tech Gadgets Launch,CTV,q3_75,0.0,0.0
EVT_193978,2026-07-31 06:42:26,CMP_101,Summer Apparel,OLV,q1_25,0.0,0.0
EVT_213882,2026-07-31 17:04:03,CMP_102,Tech Gadgets Launch,CTV,impression,0.0097,0.0
EVT_115175,2026-07-29 10:39:06,CMP_101,Summer Apparel,OLV,impression,0.0041,0.0
EVT_232911,2026-07-31 13:46:44,CMP_102,Tech Gadgets Launch,CTV,q4_100,0.0,0.0
EVT_182227,2026-07-29 23:09:48,CMP_101,Summer Apparel,OLV,q3_75,0.0,0.0
EVT_536352,2026-07-30 00:42:07,CMP_103,B2B SaaS Trial,Display,q1_25,0.0,0.0
EVT_310863,2026-07-30 12:08:01,CMP_101,Summer Apparel,OLV,impression,0.0064,0.0
EVT_687557,2026-07-31 01:21:07,CMP_102,Tech Gadgets Launch,CTV,impression,0.0075,0.0
EVT_691596,2026-07-28 22:46:26,CMP_101,Summer Apparel,OLV,q1_25,0.0,0.0
EVT_484456,2026-07-30 15:13:19,CMP_102,Tech Gadgets Launch,CTV,q1_25,0.0,0.0
EVT_312901,2026-07-29 00:12:34,CMP_101,Summer Apparel,OLV,q2_50,0.0,0.0
EVT_645456,2026-07-31 15:33:52,CMP_103,B2B SaaS Trial,Display,q2_50,0.0,0.0
EVT_399167,2026-07-29 11:59:35,CMP_101,Summer Apparel,OLV,impression,0.0052,0.0
EVT_265299,2026-07-30 07:03:34,CMP_101,Summer Apparel,OLV,impression,0.0128,0.0
EVT_764057,2026-07-31 02:47:09,CMP_103,B2B SaaS Trial,Display,q3_75,0.0,0.0
EVT_900645,2026-07-29 09:40:07,CMP_102,Tech Gadgets Launch,CTV,impression,0.0137,0.0
EVT_780084,2026-07-30 11:06:04,CMP_102,Tech Gadgets Launch,CTV,impression,0.0029,0.0
EVT_722231,2026-07-30 06:37:11,CMP_101,Summer Apparel,OLV,q3_75,0.0,0.0
EVT_310610,2026-07-31 17:47:37,CMP_101,Summer Apparel,OLV,q1_25,0.0,0.0
EVT_245048,2026-07-30 00:49:36,CMP_103,B2B SaaS Trial,Display,q1_25,0.0,0.0
EVT_257766,2026-07-29 11:05:19,CMP_103,B2B SaaS Trial,Display,impression,0.0054,0.0
EVT_770108,2026-07-30 15:35:02,CMP_102,Tech Gadgets Launch,CTV,impression,0.0097,0.0
EVT_110944,2026-07-30 12:38:11,CMP_102,Tech Gadgets Launch,CTV,impression,0.0126,0.0
EVT_162680,2026-07-29 23:07:57,CMP_101,Summer Apparel,OLV,q3_75,0.0,0.0
EVT_362573,2026-07-30 23:55:41,CMP_102,Tech Gadgets Launch,CTV,impression,0.004,0.0
EVT_110811,2026-07-30 00:37:56,CMP_101,Summer Apparel,OLV,q2_50,0.0,0.0
EVT_191697,2026-07-30 13:33:44,CMP_103,B2B SaaS Trial,Display,q3_75,0.0,0.0
EVT_749552,2026-07-30 21:40:57,CMP_103,B2B SaaS Trial,Display,impression,0.0035,0.0
EVT_864772,2026-07-30 01:37:15,CMP_102,Tech Gadgets Launch,CTV,q2_50,0.0,0.0
EVT_611430,2026-07-30 03:10:36,CMP_102,Tech Gadgets Launch,CTV,q2_50,0.0,0.0
EVT_963874,2026-07-31 08:11:04,CMP_101,Summer Apparel,OLV,impression,0.0141,0.0
EVT_358365,2026-07-28 23:36:37,CMP_103,B2B SaaS Trial,Display,impression,0.0145,0.0
EVT_573609,2026-07-31 01:21:57,CMP_102,Tech Gadgets Launch,CTV,conversion,0.0,109.27
EVT_706839,2026-07-30 13:58:49,CMP_102,Tech Gadgets Launch,CTV,impression,0.0066,0.0
EVT_582231,2026-07-31 10:44:20,CMP_102,Tech Gadgets Launch,CTV,impression,0.0021,0.0
EVT_276307,2026-07-29 09:18:24,CMP_101,Summer Apparel,OLV,impression,0.0068,0.0
EVT_558834,2026-07-30 22:59:55,CMP_103,B2B SaaS Trial,Display,q2_50,0.0,0.0
EVT_549490,2026-07-31 06:34:55,CMP_102,Tech Gadgets Launch,CTV,impression,0.0041,0.0
EVT_682292,2026-07-28 21:45:05,CMP_103,B2B SaaS Trial,Display,impression,0.0148,0.0
EVT_678953,2026-07-30 19:36:47,CMP_102,Tech Gadgets Launch,CTV,q1_25,0.0,0.0
EVT_144588,2026-07-29 06:35:00,CMP_101,Summer Apparel,OLV,q4_100,0.0,0.0
EVT_349763,2026-07-31 03:41:56,CMP_103,B2B SaaS Trial,Display,q2_50,0.0,0.0
EVT_540233,2026-07-30 13:33:41,CMP_103,B2B SaaS Trial,Display,impression,0.0091,0.0
EVT_183979,2026-07-30 10:05:15,CMP_103,B2B SaaS Trial,Display,impression,0.006,0.0
EVT_496219,2026-07-29 20:26:43,CMP_101,Summer Apparel,OLV,q1_25,0.0,0.0
EVT_607447,2026-07-31 11:10:18,CMP_102,Tech Gadgets Launch,CTV,q1_25,0.0,0.0
EVT_883543,2026-07-28 20:57:25,CMP_102,Tech Gadgets Launch,CTV,impression,0.0131,0.0
EVT_943021,2026-07-29 09:37:43,CMP_101,Summer Apparel,OLV,impression,0.0061,0.0
EVT_287022,2026-07-29 17:11:50,CMP_102,Tech Gadgets Launch,CTV,q3_75,0.0,0.0
EVT_716414,2026-07-30 18:22:20,CMP_103,B2B SaaS Trial,Display,impression,0.0115,0.0
EVT_647458,2026-07-31 05:33:58,CMP_103,B2B SaaS Trial,Display,q2_50,0.0,0.0
EVT_114016,2026-07-31 04:38:33,CMP_103,B2B SaaS Trial,Display,impression,0.0022,0.0
EVT_737399,2026-07-31 19:43:29,CMP_103,B2B SaaS Trial,Display,q3_75,0.0,0.0
EVT_535881,2026-07-30 12:09:08,CMP_101,Summer Apparel,OLV,impression,0.0107,0.0
EVT_640024,2026-07-30 18:37:39,CMP_101,Summer Apparel,OLV,impression,0.0131,0.0
EVT_434760,2026-07-29 02:06:09,CMP_103,B2B SaaS Trial,Display,impression,0.0101,0.0
EVT_783343,2026-07-30 06:26:09,CMP_102,Tech Gadgets Launch,CTV,impression,0.0034,0.0
EVT_729919,2026-07-30 17:48:25,CMP_101,Summer Apparel,OLV,q4_100,0.0,0.0
EVT_435515,2026-07-30 22:40:04,CMP_103,B2B SaaS Trial,Display,q1_25,0.0,0.0
EVT_186264,2026-07-31 17:34:06,CMP_103,B2B SaaS Trial,Display,q3_75,0.0,0.0
EVT_910687,2026-07-30 14:19:43,CMP_102,Tech Gadgets Launch,CTV,impression,0.0059,0.0
EVT_729021,2026-07-29 01:36:38,CMP_101,Summer Apparel,OLV,q2_50,0.0,0.0
EVT_783602,2026-07-29 23:04:18,CMP_102,Tech Gadgets Launch,CTV,impression,0.0052,0.0
EVT_217495,2026-07-31 15:20:37,CMP_101,Summer Apparel,OLV,q2_50,0.0,0.0
EVT_928958,2026-07-30 18:09:06,CMP_101,Summer Apparel,OLV,impression,0.0041,0.0
EVT_714135,2026-07-29 11:04:37,CMP_102,Tech Gadgets Launch,CTV,impression,0.0038,0.0
EVT_211809,2026-07-30 03:36:42,CMP_101,Summer Apparel,OLV,impression,0.0024,0.0
EVT_910256,2026-07-31 15:13:29,CMP_103,B2B SaaS Trial,Display,q1_25,0.0,0.0
EVT_830469,2026-07-28 22:34:49,CMP_101,Summer Apparel,OLV,q4_100,0.0,0.0
EVT_504530,2026-07-30 07:14:17,CMP_101,Summer Apparel,OLV,impression,0.014,0.0
EVT_334093,2026-07-30 10:43:04,CMP_103,B2B SaaS Trial,Display,q2_50,0.0,0.0
EVT_260088,2026-07-30 04:05:17,CMP_101,Summer Apparel,OLV,impression,0.0073,0.0
EVT_133125,2026-07-30 17:54:04,CMP_102,Tech Gadgets Launch,CTV,impression,0.0031,0.0
EVT_929051,2026-07-30 06:08:03,CMP_103,B2B SaaS Trial,Display,impression,0.0101,0.0
EVT_397672,2026-07-29 18:36:44,CMP_101,Summer Apparel,OLV,impression,0.0066,0.0
EVT_976305,2026-07-29 20:12:31,CMP_102,Tech Gadgets Launch,CTV,impression,0.0071,0.0
EVT_998788,2026-07-29 08:33:42,CMP_102,Tech Gadgets Launch,CTV,impression,0.0118,0.0
EVT_481378,2026-07-29 19:56:44,CMP_102,Tech Gadgets Launch,CTV,impression,0.01,0.0
EVT_839888,2026-07-30 22:05:37,CMP_101,Summer Apparel,OLV,impression,0.004,0.0
EVT_601325,2026-07-30 22:40:43,CMP_101,Summer Apparel,OLV,q1_25,0.0,0.0
EVT_549372,2026-07-29 14:35:00,CMP_103,B2B SaaS Trial,Display,q2_50,0.0,0.0
EVT_888641,2026-07-30 05:40:52,CMP_103,B2B SaaS Trial,Display,q1_25,0.0,0.0
EVT_122961,2026-07-30 06:00:31,CMP_101,Summer Apparel,OLV,impression,0.0109,0.0
EVT_621296,2026-07-29 15:01:20,CMP_101,Summer Apparel,OLV,q3_75,0.0,0.0
EVT_310009,2026-07-30 09:30:35,CMP_102,Tech Gadgets Launch,CTV,q3_75,0.0,0.0
EVT_760287,2026-07-29 06:09:07,CMP_102,Tech Gadgets Launch,CTV,impression,0.0117,0.0
EVT_883657,2026-07-30 14:31:15,CMP_101,Summer Apparel,OLV,impression,0.0079,0.0
EVT_979335,2026-07-30 10:30:56,CMP_102,Tech Gadgets Launch,CTV,impression,0.0055,0.0
EVT_556986,2026-07-29 21:54:26,CMP_102,Tech Gadgets Launch,CTV,impression,0.011,0.0
EVT_200570,2026-07-29 23:26:32,CMP_101,Summer Apparel,OLV,q1_25,0.0,0.0
EVT_395978,2026-07-30 02:15:43,CMP_103,B2B SaaS Trial,Display,impression,0.0021,0.0
EVT_616493,2026-07-29 15:08:14,CMP_103,B2B SaaS Trial,Display,impression,0.0092,0.0
EVT_561831,2026-07-30 19:50:51,CMP_101,Summer Apparel,OLV,impression,0.0045,0.0
EVT_257891,2026-07-30 04:01:58,CMP_102,Tech Gadgets Launch,CTV,click,0.0,0.0
EVT_922801,2026-07-28 22:59:27,CMP_101,Summer Apparel,OLV,q2_50,0.0,0.0
EVT_960668,2026-07-29 00:09:14,CMP_101,Summer Apparel,OLV,impression,0.0045,0.0
EVT_485727,2026-07-29 02:08:22,CMP_103,B2B SaaS Trial,Display,impression,0.0051,0.0
EVT_125164,2026-07-28 22:19:32,CMP_101,Summer Apparel,OLV,q3_75,0.0,0.0
EVT_876507,2026-07-31 11:46:35,CMP_102,Tech Gadgets Launch,CTV,q1_25,0.0,0.0
EVT_499893,2026-07-31 08:38:44,CMP_101,Summer Apparel,OLV,q1_25,0.0,0.0
EVT_299451,2026-07-30 12:36:46,CMP_103,B2B SaaS Trial,Display,q1_25,0.0,0.0
EVT_995035,2026-07-31 18:16:43,CMP_102,Tech Gadgets Launch,CTV,q2_50,0.0,0.0
EVT_641068,2026-07-28 23:37:58,CMP_102,Tech Gadgets Launch,CTV,impression,0.0142,0.0
EVT_610488,2026-07-30 14:51:19,CMP_101,Summer Apparel,OLV,click,0.0,0.0
EVT_700015,2026-07-28 20:40:13,CMP_101,Summer Apparel,OLV,impression,0.0042,0.0
EVT_716408,2026-07-31 09:50:12,CMP_103,B2B SaaS Trial,Display,impression,0.0131,0.0
EVT_814695,2026-07-31 18:29:27,CMP_103,B2B SaaS Trial,Display,q1_25,0.0,0.0
EVT_734655,2026-07-29 09:56:16,CMP_101,Summer Apparel,OLV,q4_100,0.0,0.0
EVT_746990,2026-07-30 13:20:37,CMP_101,Summer Apparel,OLV,q1_25,0.0,0.0
EVT_763369,2026-07-30 07:20:59,CMP_101,Summer Apparel,OLV,impression,0.0078,0.0
EVT_458062,2026-07-29 04:20:09,CMP_103,B2B SaaS Trial,Display,impression,0.0144,0.0
EVT_204344,2026-07-29 02:01:17,CMP_102,Tech Gadgets Launch,CTV,impression,0.0051,0.0
EVT_215176,2026-07-29 19:51:17,CMP_101,Summer Apparel,OLV,impression,0.0059,0.0
EVT_716416,2026-07-30 17:50:55,CMP_102,Tech Gadgets Launch,CTV,impression,0.0099,0.0
EVT_204814,2026-07-30 02:40:46,CMP_103,B2B SaaS Trial,Display,impression,0.0056,0.0
EVT_506446,2026-07-29 20:17:04,CMP_102,Tech Gadgets Launch,CTV,q2_50,0.0,0.0
EVT_114224,2026-07-29 03:45:14,CMP_101,Summer Apparel,OLV,impression,0.0039,0.0
EVT_245799,2026-07-30 19:56:28,CMP_102,Tech Gadgets Launch,CTV,q1_25,0.0,0.0
EVT_727819,2026-07-30 11:21:07,CMP_103,B2B SaaS Trial,Display,impression,0.0099,0.0
EVT_803653,2026-07-31 16:40:14,CMP_103,B2B SaaS Trial,Display,q1_25,0.0,0.0
EVT_250821,2026-07-30 16:50:05,CMP_101,Summer Apparel,OLV,q4_100,0.0,0.0
EVT_256610,2026-07-29 21:55:23,CMP_101,Summer Apparel,OLV,q1_25,0.0,0.0
EVT_637615,2026-07-31 15:18:11,CMP_102,Tech Gadgets Launch,CTV,impression,0.0121,0.0
EVT_561403,2026-07-31 14:49:31,CMP_101,Summer Apparel,OLV,q1_25,0.0,0.0
EVT_546985,2026-07-30 07:50:10,CMP_101,Summer Apparel,OLV,impression,0.0125,0.0
EVT_814160,2026-07-30 15:59:49,CMP_101,Summer Apparel,OLV,impression,0.0106,0.0
EVT_123587,2026-07-30 18:40:12,CMP_101,Summer Apparel,OLV,q1_25,0.0,0.0
EVT_169225,2026-07-31 12:20:49,CMP_102,Tech Gadgets Launch,CTV,impression,0.0121,0.0
EVT_797657,2026-07-29 02:31:16,CMP_102,Tech Gadgets Launch,CTV,conversion,0.0,106.11
EVT_606685,2026-07-30 19:23:06,CMP_103,B2B SaaS Trial,Display,impression,0.0054,0.0
EVT_467981,2026-07-30 20:55:04,CMP_103,B2B SaaS Trial,Display,impression,0.004,0.0
EVT_318175,2026-07-30 23:22:34,CMP_102,Tech Gadgets Launch,CTV,q1_25,0.0,0.0
EVT_987205,2026-07-30 12:23:00,CMP_101,Summer Apparel,OLV,impression,0.0054,0.0
EVT_602319,2026-07-30 09:00:46,CMP_102,Tech Gadgets Launch,CTV,impression,0.0048,0.0
EVT_223680,2026-07-30 01:13:52,CMP_103,B2B SaaS Trial,Display,q1_25,0.0,0.0
EVT_307033,2026-07-30 19:49:20,CMP_101,Summer Apparel,OLV,impression,0.0126,0.0
EVT_764571,2026-07-29 21:56:03,CMP_101,Summer Apparel,OLV,q1_25,0.0,0.0
EVT_957642,2026-07-31 11:45:58,CMP_102,Tech Gadgets Launch,CTV,conversion,0.0,56.51
EVT_792203,2026-07-29 09:41:13,CMP_101,Summer Apparel,OLV,q1_25,0.0,0.0
EVT_887720,2026-07-31 14:55:24,CMP_103,B2B SaaS Trial,Display,impression,0.0037,0.0
EVT_278375,2026-07-30 17:15:39,CMP_101,Summer Apparel,OLV,impression,0.0149,0.0
EVT_466419,2026-07-30 21:05:29,CMP_103,B2B SaaS Trial,Display,q1_25,0.0,0.0
EVT_405413,2026-07-28 23:54:05,CMP_101,Summer Apparel,OLV,q3_75,0.0,0.0
EVT_126823,2026-07-31 03:13:15,CMP_103,B2B SaaS Trial,Display,impression,0.0032,0.0
EVT_491217,2026-07-29 21:48:13,CMP_102,Tech Gadgets Launch,CTV,impression,0.0096,0.0
EVT_691773,2026-07-29 20:05:36,CMP_102,Tech Gadgets Launch,CTV,impression,0.0052,0.0
EVT_650261,2026-07-30 12:09:29,CMP_102,Tech Gadgets Launch,CTV,impression,0.0075,0.0
EVT_515875,2026-07-29 21:44:46,CMP_103,B2B SaaS Trial,Display,impression,0.0104,0.0
EVT_180976,2026-07-30 13:42:08,CMP_103,B2B SaaS Trial,Display,q2_50,0.0,0.0
EVT_674062,2026-07-29 23:24:11,CMP_103,B2B SaaS Trial,Display,q1_25,0.0,0.0
EVT_711994,2026-07-31 00:20:36,CMP_101,Summer Apparel,OLV,q2_50,0.0,0.0
EVT_869292,2026-07-28 21:26:36,CMP_101,Summer Apparel,OLV,q1_25,0.0,0.0
EVT_299548,2026-07-30 22:06:11,CMP_101,Summer Apparel,OLV,q1_25,0.0,0.0
EVT_529189,2026-07-30 16:34:57,CMP_101,Summer Apparel,OLV,q2_50,0.0,0.0
EVT_715100,2026-07-30 03:26:54,CMP_101,Summer Apparel,OLV,q2_50,0.0,0.0
EVT_422066,2026-07-30 11:28:57,CMP_103,B2B SaaS Trial,Display,q1_25,0.0,0.0
EVT_302149,2026-07-31 02:24:56,CMP_102,Tech Gadgets Launch,CTV,q1_25,0.0,0.0
EVT_262694,2026-07-29 14:39:18,CMP_101,Summer Apparel,OLV,q1_25,0.0,0.0
EVT_580283,2026-07-31 15:49:18,CMP_101,Summer Apparel,OLV,q1_25,0.0,0.0
EVT_527907,2026-07-29 08:57:50,CMP_103,B2B SaaS Trial,Display,impression,0.0035,0.0
EVT_626877,2026-07-31 18:19:51,CMP_102,Tech Gadgets Launch,CTV,impression,0.0038,0.0
EVT_857543,2026-07-30 04:59:43,CMP_103,B2B SaaS Trial,Display,q3_75,0.0,0.0
EVT_673448,2026-07-29 05:50:28,CMP_103,B2B SaaS Trial,Display,q4_100,0.0,0.0
EVT_888718,2026-07-30 16:00:15,CMP_103,B2B SaaS Trial,Display,impression,0.0063,0.0
EVT_177848,2026-07-30 12:20:15,CMP_102,Tech Gadgets Launch,CTV,q1_25,0.0,0.0
EVT_705698,2026-07-31 10:16:59,CMP_101,Summer Apparel,OLV,q3_75,0.0,0.0
EVT_257119,2026-07-31 11:54:24,CMP_102,Tech Gadgets Launch,CTV,impression,0.0084,0.0
EVT_314185,2026-07-31 12:33:50,CMP_103,B2B SaaS Trial,Display,impression,0.0057,0.0
EVT_807758,2026-07-31 11:55:58,CMP_102,Tech Gadgets Launch,CTV,q3_75,0.0,0.0
EVT_161050,2026-07-30 11:30:38,CMP_103,B2B SaaS Trial,Display,impression,0.0021,0.0
EVT_646339,2026-07-30 23:16:20,CMP_101,Summer Apparel,OLV,q2_50,0.0,0.0
EVT_935707,2026-07-28 20:42:44,CMP_102,Tech Gadgets Launch,CTV,impression,0.0028,0.0
EVT_990616,2026-07-31 17:10:07,CMP_101,Summer Apparel,OLV,q1_25,0.0,0.0
EVT_324797,2026-07-29 03:02:06,CMP_101,Summer Apparel,OLV,impression,0.0143,0.0
EVT_320322,2026-07-28 23:54:22,CMP_101,Summer Apparel,OLV,conversion,0.0,113.79
EVT_686171,2026-07-29 03:13:34,CMP_101,Summer Apparel,OLV,impression,0.0038,0.0
EVT_131197,2026-07-30 04:18:05,CMP_102,Tech Gadgets Launch,CTV,impression,0.0142,0.0
EVT_537700,2026-07-29 12:26:01,CMP_103,B2B SaaS Trial,Display,click,0.0,0.0
EVT_574601,2026-07-29 21:28:14,CMP_103,B2B SaaS Trial,Display,q2_50,0.0,0.0
EVT_420688,2026-07-29 23:22:04,CMP_102,Tech Gadgets Launch,CTV,q1_25,0.0,0.0
EVT_621531,2026-07-31 15:27:58,CMP_102,Tech Gadgets Launch,CTV,impression,0.0083,0.0
EVT_631082,2026-07-31 04:51:38,CMP_101,Summer Apparel,OLV,impression,0.0144,0.0
EVT_837469,2026-07-31 09:37:17,CMP_102,Tech Gadgets Launch,CTV,impression,0.0069,0.0
EVT_338353,2026-07-29 02:13:10,CMP_102,Tech Gadgets Launch,CTV,q4_100,0.0,0.0
EVT_266452,2026-07-29 11:20:11,CMP_103,B2B SaaS Trial,Display,q4_100,0.0,0.0
EVT_925257,2026-07-29 15:48:48,CMP_102,Tech Gadgets Launch,CTV,impression,0.0104,0.0
EVT_309412,2026-07-29 00:09:47,CMP_102,Tech Gadgets Launch,CTV,q2_50,0.0,0.0
EVT_949685,2026-07-29 13:11:50,CMP_101,Summer Apparel,OLV,impression,0.0051,0.0
EVT_656810,2026-07-30 04:16:54,CMP_103,B2B SaaS Trial,Display,q1_25,0.0,0.0
EVT_408417,2026-07-31 00:15:47,CMP_101,Summer Apparel,OLV,q3_75,0.0,0.0
EVT_708134,2026-07-29 08:52:31,CMP_103,B2B SaaS Trial,Display,q1_25,0.0,0.0
EVT_586943,2026-07-29 18:53:29,CMP_103,B2B SaaS Trial,Display,click,0.0,0.0
EVT_195121,2026-07-31 04:14:36,CMP_103,B2B SaaS Trial,Display,impression,0.0139,0.0
EVT_712559,2026-07-28 21:01:57,CMP_103,B2B SaaS Trial,Display,q1_25,0.0,0.0
EVT_108793,2026-07-30 08:47:46,CMP_101,Summer Apparel,OLV,click,0.0,0.0
EVT_135396,2026-07-30 05:09:57,CMP_102,Tech Gadgets Launch,CTV,impression,0.0112,0.0
EVT_503170,2026-07-29 05:46:17,CMP_102,Tech Gadgets Launch,CTV,q1_25,0.0,0.0
EVT_819062,2026-07-29 05:04:23,CMP_102,Tech Gadgets Launch,CTV,impression,0.0087,0.0
EVT_219913,2026-07-29 05:54:55,CMP_101,Summer Apparel,OLV,q2_50,0.0,0.0
EVT_812289,2026-07-31 00:57:57,CMP_103,B2B SaaS Trial,Display,impression,0.0136,0.0
EVT_437329,2026-07-31 05:27:17,CMP_101,Summer Apparel,OLV,impression,0.0041,0.0
EVT_247121,2026-07-31 07:39:44,CMP_101,Summer Apparel,OLV,impression,0.0133,0.0
EVT_303317,2026-07-30 17:56:28,CMP_103,B2B SaaS Trial,Display,q1_25,0.0,0.0
EVT_471818,2026-07-30 16:23:35,CMP_103,B2B SaaS Trial,Display,q2_50,0.0,0.0
EVT_658135,2026-07-30 06:49:43,CMP_102,Tech Gadgets Launch,CTV,q1_25,0.0,0.0
EVT_975317,2026-07-31 16:31:02,CMP_103,B2B SaaS Trial,Display,q1_25,0.0,0.0
EVT_828427,2026-07-28 21:23:04,CMP_101,Summer Apparel,OLV,q1_25,0.0,0.0
EVT_327508,2026-07-31 20:25:03,CMP_101,Summer Apparel,OLV,impression,0.0065,0.0
EVT_912538,2026-07-30 14:54:37,CMP_103,B2B SaaS Trial,Display,impression,0.0068,0.0
EVT_987017,2026-07-30 03:44:30,CMP_101,Summer Apparel,OLV,impression,0.0096,0.0
EVT_383573,2026-07-31 05:57:49,CMP_102,Tech Gadgets Launch,CTV,q1_25,0.0,0.0
EVT_859194,2026-07-31 10:49:24,CMP_101,Summer Apparel,OLV,impression,0.0127,0.0
EVT_304877,2026-07-31 01:03:21,CMP_102,Tech Gadgets Launch,CTV,q1_25,0.0,0.0
EVT_883051,2026-07-29 10:17:47,CMP_103,B2B SaaS Trial,Display,q1_25,0.0,0.0
EVT_542719,2026-07-29 14:19:13,CMP_102,Tech Gadgets Launch,CTV,q3_75,0.0,0.0
EVT_271506,2026-07-30 17:51:33,CMP_102,Tech Gadgets Launch,CTV,impression,0.0034,0.0
EVT_693494,2026-07-31 00:58:47,CMP_103,B2B SaaS Trial,Display,click,0.0,0.0
EVT_446420,2026-07-30 15:19:24,CMP_101,Summer Apparel,OLV,impression,0.0083,0.0
EVT_834448,2026-07-31 18:12:17,CMP_101,Summer Apparel,OLV,q2_50,0.0,0.0
EVT_843852,2026-07-29 23:01:02,CMP_103,B2B SaaS Trial,Display,q3_75,0.0,0.0
EVT_666302,2026-07-31 14:44:10,CMP_103,B2B SaaS Trial,Display,impression,0.0067,0.0
EVT_974714,2026-07-30 09:44:53,CMP_101,Summer Apparel,OLV,impression,0.003,0.0
EVT_642063,2026-07-29 21:10:16,CMP_103,B2B SaaS Trial,Display,impression,0.0133,0.0
EVT_266990,2026-07-31 09:04:39,CMP_102,Tech Gadgets Launch,CTV,impression,0.0129,0.0
EVT_222101,2026-07-31 06:44:23,CMP_103,B2B SaaS Trial,Display,q4_100,0.0,0.0
EVT_778917,2026-07-29 15:32:47,CMP_101,Summer Apparel,OLV,q3_75,0.0,0.0
EVT_779907,2026-07-31 05:00:14,CMP_101,Summer Apparel,OLV,conversion,0.0,36.9
EVT_465318,2026-07-29 02:14:08,CMP_101,Summer Apparel,OLV,q2_50,0.0,0.0
EVT_271682,2026-07-31 10:07:46,CMP_102,Tech Gadgets Launch,CTV,q2_50,0.0,0.0
EVT_153615,2026-07-31 17:14:24,CMP_103,B2B SaaS Trial,Display,q4_100,0.0,0.0
EVT_687109,2026-07-29 05:53:55,CMP_103,B2B SaaS Trial,Display,q1_25,0.0,0.0
EVT_396669,2026-07-31 17:54:55,CMP_102,Tech Gadgets Launch,CTV,q3_75,0.0,0.0
EVT_605164,2026-07-30 18:37:06,CMP_101,Summer Apparel,OLV,q1_25,0.0,0.0
EVT_646300,2026-07-29 07:41:07,CMP_103,B2B SaaS Trial,Display,q1_25,0.0,0.0
EVT_341514,2026-07-30 12:07:44,CMP_101,Summer Apparel,OLV,q3_75,0.0,0.0
EVT_504161,2026-07-28 23:12:16,CMP_102,Tech Gadgets Launch,CTV,impression,0.014,0.0
EVT_794019,2026-07-31 12:29:46,CMP_102,Tech Gadgets Launch,CTV,impression,0.004,0.0
EVT_825551,2026-07-29 21:22:28,CMP_101,Summer Apparel,OLV,impression,0.0037,0.0
EVT_356682,2026-07-31 06:52:36,CMP_102,Tech Gadgets Launch,CTV,impression,0.0037,0.0
EVT_617292,2026-07-31 15:59:41,CMP_103,B2B SaaS Trial,Display,q3_75,0.0,0.0
EVT_237545,2026-07-31 02:57:31,CMP_103,B2B SaaS Trial,Display,q1_25,0.0,0.0
EVT_656495,2026-07-31 03:01:06,CMP_101,Summer Apparel,OLV,q2_50,0.0,0.0
EVT_772328,2026-07-30 13:08:36,CMP_102,Tech Gadgets Launch,CTV,impression,0.0099,0.0
EVT_688079,2026-07-29 19:42:27,CMP_102,Tech Gadgets Launch,CTV,click,0.0,0.0
EVT_423950,2026-07-29 10:35:26,CMP_102,Tech Gadgets Launch,CTV,q1_25,0.0,0.0
EVT_789978,2026-07-30 11:12:04,CMP_102,Tech Gadgets Launch,CTV,q1_25,0.0,0.0
EVT_305347,2026-07-30 12:22:30,CMP_103,B2B SaaS Trial,Display,q2_50,0.0,0.0
EVT_530568,2026-07-29 13:57:17,CMP_103,B2B SaaS Trial,Display,q2_50,0.0,0.0
EVT_647743,2026-07-31 00:11:56,CMP_102,Tech Gadgets Launch,CTV,q1_25,0.0,0.0
EVT_340827,2026-07-29 20:24:14,CMP_103,B2B SaaS Trial,Display,impression,0.0032,0.0
EVT_568244,2026-07-31 13:40:52,CMP_101,Summer Apparel,OLV,impression,0.005,0.0
EVT_215241,2026-07-31 06:19:16,CMP_102,Tech Gadgets Launch,CTV,q1_25,0.0,0.0
EVT_438984,2026-07-29 16:57:45,CMP_102,Tech Gadgets Launch,CTV,impression,0.002,0.0
EVT_309654,2026-07-30 16:17:22,CMP_103,B2B SaaS Trial,Display,impression,0.0037,0.0
EVT_678236,2026-07-30 11:31:13,CMP_102,Tech Gadgets Launch,CTV,q1_25,0.0,0.0
EVT_503986,2026-07-31 18:02:39,CMP_101,Summer Apparel,OLV,q1_25,0.0,0.0
EVT_914365,2026-07-29 02:05:17,CMP_101,Summer Apparel,OLV,q1_25,0.0,0.0
EVT_101405,2026-07-31 03:26:42,CMP_103,B2B SaaS Trial,Display,q2_50,0.0,0.0
EVT_310751,2026-07-31 05:52:55,CMP_103,B2B SaaS Trial,Display,q2_50,0.0,0.0
EVT_153227,2026-07-30 13:49:16,CMP_102,Tech Gadgets Launch,CTV,q1_25,0.0,0.0
EVT_243960,2026-07-30 07:03:53,CMP_102,Tech Gadgets Launch,CTV,impression,0.0131,0.0
EVT_691649,2026-07-31 03:29:13,CMP_102,Tech Gadgets Launch,CTV,impression,0.0117,0.0
EVT_390373,2026-07-29 00:04:19,CMP_103,B2B SaaS Trial,Display,impression,0.0119,0.0
EVT_555441,2026-07-30 04:53:39,CMP_102,Tech Gadgets Launch,CTV,impression,0.0073,0.0
EVT_769295,2026-07-31 01:32:24,CMP_102,Tech Gadgets Launch,CTV,q2_50,0.0,0.0
EVT_894447,2026-07-29 19:30:40,CMP_101,Summer Apparel,OLV,q1_25,0.0,0.0
EVT_938258,2026-07-30 12:24:34,CMP_102,Tech Gadgets Launch,CTV,impression,0.0055,0.0
EVT_221279,2026-07-30 15:17:33,CMP_102,Tech Gadgets Launch,CTV,q2_50,0.0,0.0
EVT_803486,2026-07-30 18:40:46,CMP_103,B2B SaaS Trial,Display,impression,0.0089,0.0
EVT_782643,2026-07-29 17:45:12,CMP_102,Tech Gadgets Launch,CTV,q4_100,0.0,0.0
EVT_379126,2026-07-28 22:59:09,CMP_101,Summer Apparel,OLV,q1_25,0.0,0.0
EVT_288408,2026-07-29 13:34:24,CMP_102,Tech Gadgets Launch,CTV,q1_25,0.0,0.0
EVT_290661,2026-07-31 17:08:15,CMP_103,B2B SaaS Trial,Display,q1_25,0.0,0.0
EVT_100997,2026-07-28 22:16:29,CMP_102,Tech Gadgets Launch,CTV,q1_25,0.0,0.0
EVT_917930,2026-07-29 17:09:25,CMP_101,Summer Apparel,OLV,impression,0.0068,0.0
EVT_975714,2026-07-30 13:25:06,CMP_101,Summer Apparel,OLV,q2_50,0.0,0.0
EVT_801025,2026-07-29 15:54:13,CMP_101,Summer Apparel,OLV,q2_50,0.0,0.0
EVT_483733,2026-07-31 11:41:00,CMP_102,Tech Gadgets Launch,CTV,impression,0.0044,0.0
EVT_955670,2026-07-29 10:34:43,CMP_103,B2B SaaS Trial,Display,q2_50,0.0,0.0
EVT_876480,2026-07-31 01:46:44,CMP_101,Summer Apparel,OLV,q2_50,0.0,0.0
EVT_673227,2026-07-29 20:48:57,CMP_103,B2B SaaS Trial,Display,impression,0.0102,0.0
EVT_447916,2026-07-31 14:51:48,CMP_102,Tech Gadgets Launch,CTV,q4_100,0.0,0.0
EVT_934951,2026-07-30 11:54:11,CMP_103,B2B SaaS Trial,Display,impression,0.005,0.0
EVT_249188,2026-07-30 06:31:31,CMP_101,Summer Apparel,OLV,impression,0.0067,0.0
EVT_110999,2026-07-31 17:09:50,CMP_101,Summer Apparel,OLV,q1_25,0.0,0.0
EVT_121914,2026-07-30 02:36:02,CMP_103,B2B SaaS Trial,Display,click,0.0,0.0
EVT_724635,2026-07-29 14:21:14,CMP_103,B2B SaaS Trial,Display,impression,0.0108,0.0
EVT_380170,2026-07-29 23:24:39,CMP_101,Summer Apparel,OLV,q4_100,0.0,0.0
EVT_435831,2026-07-30 03:23:00,CMP_101,Summer Apparel,OLV,impression,0.0037,0.0
EVT_180977,2026-07-29 20:19:02,CMP_101,Summer Apparel,OLV,impression,0.0142,0.0
EVT_561895,2026-07-31 15:53:54,CMP_102,Tech Gadgets Launch,CTV,impression,0.0129,0.0
EVT_505036,2026-07-29 20:46:11,CMP_101,Summer Apparel,OLV,q1_25,0.0,0.0
EVT_406931,2026-07-29 08:41:48,CMP_103,B2B SaaS Trial,Display,q2_50,0.0,0.0
EVT_180767,2026-07-31 11:36:12,CMP_103,B2B SaaS Trial,Display,impression,0.008,0.0
EVT_467054,2026-07-29 22:55:07,CMP_102,Tech Gadgets Launch,CTV,q3_75,0.0,0.0
EVT_683101,2026-07-28 20:54:35,CMP_102,Tech Gadgets Launch,CTV,q2_50,0.0,0.0
EVT_268567,2026-07-28 21:26:56,CMP_101,Summer Apparel,OLV,q2_50,0.0,0.0
EVT_568454,2026-07-31 15:06:47,CMP_102,Tech Gadgets Launch,CTV,impression,0.015,0.0
EVT_705437,2026-07-28 21:44:57,CMP_102,Tech Gadgets Launch,CTV,impression,0.0028,0.0
EVT_984524,2026-07-28 22:20:37,CMP_101,Summer Apparel,OLV,impression,0.0097,0.0
EVT_760333,2026-07-30 15:38:56,CMP_101,Summer Apparel,OLV,impression,0.0091,0.0
EVT_303012,2026-07-31 15:13:39,CMP_101,Summer Apparel,OLV,q2_50,0.0,0.0
EVT_244945,2026-07-30 11:27:00,CMP_103,B2B SaaS Trial,Display,impression,0.0086,0.0
EVT_515227,2026-07-30 02:39:56,CMP_102,Tech Gadgets Launch,CTV,q1_25,0.0,0.0
EVT_500115,2026-07-29 09:36:03,CMP_103,B2B SaaS Trial,Display,impression,0.0044,0.0
EVT_372737,2026-07-30 07:09:04,CMP_103,B2B SaaS Trial,Display,impression,0.0034,0.0
EVT_300014,2026-07-31 09:12:04,CMP_102,Tech Gadgets Launch,CTV,impression,0.0041,0.0
EVT_302725,2026-07-31 15:51:31,CMP_103,B2B SaaS Trial,Display,q4_100,0.0,0.0
EVT_754798,2026-07-30 22:02:19,CMP_103,B2B SaaS Trial,Display,q2_50,0.0,0.0
EVT_368553,2026-07-30 18:44:14,CMP_103,B2B SaaS Trial,Display,q1_25,0.0,0.0
EVT_125397,2026-07-30 05:21:48,CMP_101,Summer Apparel,OLV,q1_25,0.0,0.0
EVT_230413,2026-07-29 03:57:07,CMP_101,Summer Apparel,OLV,impression,0.0149,0.0
EVT_745411,2026-07-31 04:48:59,CMP_103,B2B SaaS Trial,Display,q2_50,0.0,0.0
EVT_739384,2026-07-29 14:49:45,CMP_101,Summer Apparel,OLV,q2_50,0.0,0.0
EVT_882127,2026-07-31 10:03:47,CMP_103,B2B SaaS Trial,Display,impression,0.0026,0.0
EVT_349965,2026-07-29 21:55:03,CMP_101,Summer Apparel,OLV,impression,0.003,0.0
EVT_351853,2026-07-30 16:26:12,CMP_103,B2B SaaS Trial,Display,impression,0.0086,0.0
EVT_905494,2026-07-30 09:33:00,CMP_103,B2B SaaS Trial,Display,impression,0.0063,0.0
EVT_392588,2026-07-30 22:17:15,CMP_101,Summer Apparel,OLV,impression,0.012,0.0
EVT_740618,2026-07-31 17:49:23,CMP_103,B2B SaaS Trial,Display,q1_25,0.0,0.0
EVT_920539,2026-07-29 10:33:28,CMP_102,Tech Gadgets Launch,CTV,q1_25,0.0,0.0
EVT_777473,2026-07-29 16:41:27,CMP_103,B2B SaaS Trial,Display,q1_25,0.0,0.0
EVT_994268,2026-07-30 21:16:54,CMP_103,B2B SaaS Trial,Display,q2_50,0.0,0.0
EVT_501852,2026-07-30 07:38:08,CMP_103,B2B SaaS Trial,Display,q2_50,0.0,0.0
EVT_895756,2026-07-29 14:32:00,CMP_102,Tech Gadgets Launch,CTV,click,0.0,0.0
EVT_539541,2026-07-31 05:02:46,CMP_102,Tech Gadgets Launch,CTV,impression,0.0056,0.0
EVT_841953,2026-07-30 07:25:56,CMP_103,B2B SaaS Trial,Display,impression,0.006,0.0
EVT_234767,2026-07-30 20:58:43,CMP_101,Summer Apparel,OLV,q1_25,0.0,0.0
EVT_548499,2026-07-29 23:29:48,CMP_101,Summer Apparel,OLV,q2_50,0.0,0.0
EVT_956077,2026-07-31 13:10:49,CMP_102,Tech Gadgets Launch,CTV,q1_25,0.0,0.0
EVT_513302,2026-07-31 10:32:12,CMP_102,Tech Gadgets Launch,CTV,impression,0.0086,0.0
EVT_796486,2026-07-29 02:32:31,CMP_103,B2B SaaS Trial,Display,impression,0.0083,0.0
EVT_126043,2026-07-29 00:38:16,CMP_103,B2B SaaS Trial,Display,impression,0.0052,0.0
EVT_706271,2026-07-30 10:45:34,CMP_103,B2B SaaS Trial,Display,q4_100,0.0,0.0
EVT_620961,2026-07-29 02:41:07,CMP_101,Summer Apparel,OLV,impression,0.0067,0.0
EVT_511805,2026-07-31 17:39:22,CMP_101,Summer Apparel,OLV,q2_50,0.0,0.0
EVT_154143,2026-07-28 21:43:48,CMP_102,Tech Gadgets Launch,CTV,impression,0.0045,0.0
EVT_485500,2026-07-30 23:00:06,CMP_101,Summer Apparel,OLV,impression,0.0022,0.0
EVT_589288,2026-07-30 22:27:10,CMP_101,Summer Apparel,OLV,impression,0.0129,0.0
EVT_938374,2026-07-30 09:41:43,CMP_101,Summer Apparel,OLV,q1_25,0.0,0.0
EVT_405991,2026-07-30 14:29:50,CMP_101,Summer Apparel,OLV,impression,0.0143,0.0
EVT_968255,2026-07-30 10:06:39,CMP_102,Tech Gadgets Launch,CTV,impression,0.0089,0.0
EVT_191343,2026-07-29 20:46:23,CMP_102,Tech Gadgets Launch,CTV,q1_25,0.0,0.0
EVT_421355,2026-07-29 21:58:56,CMP_102,Tech Gadgets Launch,CTV,impression,0.0026,0.0
EVT_929223,2026-07-29 07:40:10,CMP_103,B2B SaaS Trial,Display,q3_75,0.0,0.0
EVT_263399,2026-07-29 09:39:41,CMP_102,Tech Gadgets Launch,CTV,q3_75,0.0,0.0
EVT_153109,2026-07-30 07:52:57,CMP_103,B2B SaaS Trial,Display,impression,0.0078,0.0
EVT_968312,2026-07-29 17:40:41,CMP_101,Summer Apparel,OLV,q1_25,0.0,0.0
EVT_369322,2026-07-31 15:17:04,CMP_103,B2B SaaS Trial,Display,q1_25,0.0,0.0
EVT_550063,2026-07-31 02:53:39,CMP_101,Summer Apparel,OLV,impression,0.0137,0.0
EVT_406093,2026-07-31 17:40:43,CMP_101,Summer Apparel,OLV,q3_75,0.0,0.0
EVT_348251,2026-07-31 11:11:49,CMP_101,Summer Apparel,OLV,impression,0.0049,0.0
EVT_740909,2026-07-30 19:27:03,CMP_101,Summer Apparel,OLV,impression,0.0139,0.0
EVT_303333,2026-07-31 12:07:35,CMP_101,Summer Apparel,OLV,impression,0.007,0.0
EVT_796004,2026-07-30 06:50:50,CMP_101,Summer Apparel,OLV,q2_50,0.0,0.0
EVT_903465,2026-07-30 14:55:50,CMP_101,Summer Apparel,OLV,q2_50,0.0,0.0
EVT_668174,2026-07-30 11:24:06,CMP_101,Summer Apparel,OLV,impression,0.005,0.0
EVT_744495,2026-07-30 03:02:39,CMP_102,Tech Gadgets Launch,CTV,q1_25,0.0,0.0
EVT_865049,2026-07-30 04:25:55,CMP_101,Summer Apparel,OLV,q3_75,0.0,0.0
EVT_526275,2026-07-31 05:27:49,CMP_102,Tech Gadgets Launch,CTV,impression,0.0124,0.0
EVT_213497,2026-07-30 04:40:52,CMP_101,Summer Apparel,OLV,impression,0.0046,0.0
EVT_993773,2026-07-29 01:02:33,CMP_102,Tech Gadgets Launch,CTV,q3_75,0.0,0.0
EVT_426392,2026-07-29 14:08:56,CMP_102,Tech Gadgets Launch,CTV,click,0.0,0.0
EVT_662813,2026-07-31 08:18:55,CMP_103,B2B SaaS Trial,Display,q1_25,0.0,0.0
EVT_294000,2026-07-30 14:15:13,CMP_102,Tech Gadgets Launch,CTV,impression,0.0089,0.0
EVT_512025,2026-07-29 19:02:13,CMP_102,Tech Gadgets Launch,CTV,q1_25,0.0,0.0
EVT_931062,2026-07-30 09:34:26,CMP_102,Tech Gadgets Launch,CTV,q1_25,0.0,0.0
EVT_982462,2026-07-31 09:17:49,CMP_101,Summer Apparel,OLV,q1_25,0.0,0.0
EVT_282978,2026-07-31 17:59:54,CMP_101,Summer Apparel,OLV,impression,0.0117,0.0
EVT_277638,2026-07-30 20:48:25,CMP_101,Summer Apparel,OLV,impression,0.0091,0.0
EVT_425857,2026-07-30 21:13:18,CMP_102,Tech Gadgets Launch,CTV,impression,0.0038,0.0
EVT_429058,2026-07-30 05:50:02,CMP_103,B2B SaaS Trial,Display,impression,0.0142,0.0
EVT_942731,2026-07-30 17:07:57,CMP_102,Tech Gadgets Launch,CTV,impression,0.0128,0.0
EVT_352618,2026-07-28 21:45:27,CMP_103,B2B SaaS Trial,Display,q1_25,0.0,0.0
EVT_677207,2026-07-30 02:52:35,CMP_101,Summer Apparel,OLV,impression,0.0122,0.0
EVT_252954,2026-07-29 22:36:06,CMP_102,Tech Gadgets Launch,CTV,q1_25,0.0,0.0
EVT_811786,2026-07-29 13:01:38,CMP_101,Summer Apparel,OLV,q1_25,0.0,0.0
EVT_146948,2026-07-29 18:11:51,CMP_103,B2B SaaS Trial,Display,impression,0.0035,0.0
EVT_895657,2026-07-30 09:24:46,CMP_102,Tech Gadgets Launch,CTV,q2_50,0.0,0.0
EVT_881614,2026-07-31 04:14:32,CMP_102,Tech Gadgets Launch,CTV,q2_50,0.0,0.0
EVT_290496,2026-07-31 01:36:37,CMP_101,Summer Apparel,OLV,q2_50,0.0,0.0
EVT_728221,2026-07-29 05:30:59,CMP_101,Summer Apparel,OLV,impression,0.0121,0.0
EVT_565033,2026-07-29 14:53:05,CMP_102,Tech Gadgets Launch,CTV,conversion,0.0,38.88
EVT_240798,2026-07-30 19:04:11,CMP_103,B2B SaaS Trial,Display,q1_25,0.0,0.0
EVT_807602,2026-07-29 06:54:35,CMP_103,B2B SaaS Trial,Display,q1_25,0.0,0.0
EVT_901319,2026-07-31 17:36:23,CMP_103,B2B SaaS Trial,Display,impression,0.0026,0.0
EVT_224983,2026-07-30 04:39:39,CMP_103,B2B SaaS Trial,Display,impression,0.0033,0.0
EVT_499549,2026-07-31 00:35:39,CMP_101,Summer Apparel,OLV,q3_75,0.0,0.0
EVT_133129,2026-07-30 10:36:31,CMP_103,B2B SaaS Trial,Display,q1_25,0.0,0.0
EVT_891409,2026-07-30 05:56:25,CMP_101,Summer Apparel,OLV,q3_75,0.0,0.0
EVT_377744,2026-07-28 21:36:57,CMP_103,B2B SaaS Trial,Display,impression,0.0027,0.0
EVT_779524,2026-07-30 07:34:10,CMP_103,B2B SaaS Trial,Display,impression,0.0057,0.0
EVT_528140,2026-07-29 17:24:38,CMP_102,Tech Gadgets Launch,CTV,q1_25,0.0,0.0
EVT_697926,2026-07-30 18:42:11,CMP_103,B2B SaaS Trial,Display,impression,0.0133,0.0
EVT_432635,2026-07-31 19:00:09,CMP_102,Tech Gadgets Launch,CTV,q1_25,0.0,0.0
EVT_793727,2026-07-31 11:14:46,CMP_101,Summer Apparel,OLV,q4_100,0.0,0.0
EVT_490452,2026-07-29 02:07:53,CMP_103,B2B SaaS Trial,Display,q4_100,0.0,0.0
EVT_385118,2026-07-31 03:25:40,CMP_103,B2B SaaS Trial,Display,impression,0.0047,0.0
EVT_489411,2026-07-31 07:19:46,CMP_103,B2B SaaS Trial,Display,impression,0.0145,0.0
EVT_457674,2026-07-29 13:24:53,CMP_103,B2B SaaS Trial,Display,impression,0.0057,0.0
EVT_806622,2026-07-29 12:33:18,CMP_101,Summer Apparel,OLV,impression,0.0059,0.0
EVT_156776,2026-07-31 17:04:28,CMP_103,B2B SaaS Trial,Display,impression,0.0091,0.0
EVT_752605,2026-07-29 10:59:15,CMP_103,B2B SaaS Trial,Display,q3_75,0.0,0.0
EVT_899251,2026-07-30 10:25:52,CMP_101,Summer Apparel,OLV,impression,0.0138,0.0
EVT_690913,2026-07-31 19:24:28,CMP_102,Tech Gadgets Launch,CTV,q1_25,0.0,0.0
EVT_280685,2026-07-31 18:33:22,CMP_103,B2B SaaS Trial,Display,q1_25,0.0,0.0
EVT_695449,2026-07-29 11:57:27,CMP_103,B2B SaaS Trial,Display,q1_25,0.0,0.0
EVT_161929,2026-07-31 09:23:24,CMP_101,Summer Apparel,OLV,q3_75,0.0,0.0
EVT_730554,2026-07-29 14:48:03,CMP_102,Tech Gadgets Launch,CTV,impression,0.0087,0.0
EVT_716372,2026-07-31 00:23:16,CMP_103,B2B SaaS Trial,Display,impression,0.0102,0.0
EVT_872278,2026-07-30 09:16:38,CMP_103,B2B SaaS Trial,Display,click,0.0,0.0
EVT_394272,2026-07-31 16:48:03,CMP_103,B2B SaaS Trial,Display,impression,0.0103,0.0
EVT_469132,2026-07-29 08:14:19,CMP_101,Summer Apparel,OLV,q1_25,0.0,0.0
EVT_727944,2026-07-30 05:02:18,CMP_103,B2B SaaS Trial,Display,q1_25,0.0,0.0
EVT_606968,2026-07-31 17:51:37,CMP_103,B2B SaaS Trial,Display,impression,0.0035,0.0
EVT_776792,2026-07-29 06:45:01,CMP_102,Tech Gadgets Launch,CTV,q1_25,0.0,0.0
EVT_137101,2026-07-31 04:40:46,CMP_102,Tech Gadgets Launch,CTV,impression,0.008,0.0
EVT_894329,2026-07-30 13:11:28,CMP_102,Tech Gadgets Launch,CTV,conversion,0.0,72.75
EVT_939609,2026-07-29 02:47:54,CMP_102,Tech Gadgets Launch,CTV,q1_25,0.0,0.0
EVT_518028,2026-07-30 17:54:27,CMP_102,Tech Gadgets Launch,CTV,q1_25,0.0,0.0
EVT_128427,2026-07-30 06:41:06,CMP_101,Summer Apparel,OLV,q1_25,0.0,0.0
EVT_469046,2026-07-30 16:31:49,CMP_102,Tech Gadgets Launch,CTV,impression,0.012,0.0
EVT_785690,2026-07-30 13:26:01,CMP_103,B2B SaaS Trial,Display,impression,0.0089,0.0
EVT_586236,2026-07-30 01:40:01,CMP_103,B2B SaaS Trial,Display,q2_50,0.0,0.0
EVT_900771,2026-07-29 15:45:15,CMP_102,Tech Gadgets Launch,CTV,impression,0.0053,0.0
EVT_309866,2026-07-29 10:51:22,CMP_102,Tech Gadgets Launch,CTV,impression,0.0042,0.0
EVT_524189,2026-07-31 09:32:19,CMP_103,B2B SaaS Trial,Display,impression,0.0042,0.0
EVT_382122,2026-07-31 00:09:57,CMP_101,Summer Apparel,OLV,impression,0.0125,0.0
EVT_122575,2026-07-31 15:28:51,CMP_101,Summer Apparel,OLV,impression,0.0037,0.0
EVT_265594,2026-07-31 19:03:52,CMP_103,B2B SaaS Trial,Display,q2_50,0.0,0.0
EVT_827461,2026-07-29 08:15:34,CMP_103,B2B SaaS Trial,Display,impression,0.0108,0.0
EVT_319006,2026-07-29 21:39:01,CMP_102,Tech Gadgets Launch,CTV,impression,0.0094,0.0
EVT_591854,2026-07-30 19:14:07,CMP_101,Summer Apparel,OLV,impression,0.0093,0.0
EVT_623483,2026-07-30 18:45:53,CMP_101,Summer Apparel,OLV,q1_25,0.0,0.0
EVT_754675,2026-07-31 13:22:56,CMP_103,B2B SaaS Trial,Display,impression,0.0086,0.0
EVT_465010,2026-07-30 17:13:38,CMP_102,Tech Gadgets Launch,CTV,q4_100,0.0,0.0
EVT_594199,2026-07-29 13:46:13,CMP_101,Summer Apparel,OLV,q1_25,0.0,0.0
EVT_944001,2026-07-30 07:16:21,CMP_101,Summer Apparel,OLV,q2_50,0.0,0.0
EVT_268593,2026-07-31 03:52:32,CMP_102,Tech Gadgets Launch,CTV,impression,0.0143,0.0
EVT_948908,2026-07-31 08:28:48,CMP_103,B2B SaaS Trial,Display,q2_50,0.0,0.0
EVT_933287,2026-07-31 06:32:01,CMP_101,Summer Apparel,OLV,impression,0.0044,0.0
EVT_406905,2026-07-28 21:59:46,CMP_101,Summer Apparel,OLV,q2_50,0.0,0.0
EVT_335089,2026-07-31 13:57:01,CMP_101,Summer Apparel,OLV,impression,0.0092,0.0
EVT_926651,2026-07-30 21:46:21,CMP_101,Summer Apparel,OLV,impression,0.0029,0.0
EVT_140343,2026-07-29 22:00:37,CMP_102,Tech Gadgets Launch,CTV,impression,0.0097,0.0
EVT_547435,2026-07-30 16:36:02,CMP_103,B2B SaaS Trial,Display,q1_25,0.0,0.0
EVT_894572,2026-07-29 09:53:58,CMP_102,Tech Gadgets Launch,CTV,impression,0.0028,0.0
EVT_127882,2026-07-30 14:23:53,CMP_101,Summer Apparel,OLV,q1_25,0.0,0.0
EVT_544717,2026-07-30 16:02:45,CMP_101,Summer Apparel,OLV,impression,0.0056,0.0
EVT_342901,2026-07-29 12:01:55,CMP_103,B2B SaaS Trial,Display,impression,0.0145,0.0
EVT_361237,2026-07-29 04:02:01,CMP_102,Tech Gadgets Launch,CTV,q1_25,0.0,0.0
EVT_281651,2026-07-30 01:28:14,CMP_103,B2B SaaS Trial,Display,impression,0.0085,0.0
EVT_258538,2026-07-31 14:42:19,CMP_102,Tech Gadgets Launch,CTV,impression,0.0045,0.0
EVT_432499,2026-07-31 10:59:37,CMP_101,Summer Apparel,OLV,impression,0.0111,0.0
EVT_232555,2026-07-29 18:43:27,CMP_103,B2B SaaS Trial,Display,q3_75,0.0,0.0
EVT_269949,2026-07-30 10:47:17,CMP_102,Tech Gadgets Launch,CTV,q1_25,0.0,0.0
EVT_877815,2026-07-31 15:56:46,CMP_101,Summer Apparel,OLV,impression,0.011,0.0
EVT_108619,2026-07-30 06:15:09,CMP_102,Tech Gadgets Launch,CTV,conversion,0.0,42.28
EVT_134114,2026-07-31 19:35:10,CMP_102,Tech Gadgets Launch,CTV,impression,0.0114,0.0
EVT_547984,2026-07-31 18:01:37,CMP_102,Tech Gadgets Launch,CTV,impression,0.0028,0.0
EVT_713451,2026-07-29 19:49:01,CMP_101,Summer Apparel,OLV,q2_50,0.0,0.0
EVT_510365,2026-07-29 10:00:54,CMP_101,Summer Apparel,OLV,q3_75,0.0,0.0
EVT_140113,2026-07-31 03:50:46,CMP_103,B2B SaaS Trial,Display,q1_25,0.0,0.0
EVT_245250,2026-07-30 10:19:02,CMP_101,Summer Apparel,OLV,impression,0.0077,0.0
EVT_743058,2026-07-29 11:11:40,CMP_103,B2B SaaS Trial,Display,impression,0.0108,0.0
EVT_471339,2026-07-30 01:36:51,CMP_102,Tech Gadgets Launch,CTV,q1_25,0.0,0.0
EVT_710014,2026-07-31 11:39:20,CMP_103,B2B SaaS Trial,Display,q3_75,0.0,0.0
EVT_390054,2026-07-29 16:18:12,CMP_103,B2B SaaS Trial,Display,impression,0.0023,0.0
EVT_194816,2026-07-29 18:54:30,CMP_103,B2B SaaS Trial,Display,q2_50,0.0,0.0
EVT_579479,2026-07-31 07:55:35,CMP_103,B2B SaaS Trial,Display,q1_25,0.0,0.0
EVT_385414,2026-07-30 18:49:56,CMP_103,B2B SaaS Trial,Display,q3_75,0.0,0.0
EVT_338754,2026-07-31 16:26:21,CMP_102,Tech Gadgets Launch,CTV,q1_25,0.0,0.0
EVT_806156,2026-07-30 21:17:53,CMP_101,Summer Apparel,OLV,q4_100,0.0,0.0
EVT_709824,2026-07-30 18:25:32,CMP_101,Summer Apparel,OLV,q2_50,0.0,0.0
EVT_644823,2026-07-30 16:21:52,CMP_103,B2B SaaS Trial,Display,impression,0.013,0.0
EVT_194300,2026-07-30 02:07:43,CMP_101,Summer Apparel,OLV,q3_75,0.0,0.0
EVT_564747,2026-07-29 12:08:59,CMP_102,Tech Gadgets Launch,CTV,impression,0.0065,0.0
EVT_599413,2026-07-29 02:00:04,CMP_101,Summer Apparel,OLV,impression,0.0051,0.0
EVT_229371,2026-07-30 05:27:28,CMP_102,Tech Gadgets Launch,CTV,impression,0.0133,0.0
EVT_778156,2026-07-30 18:01:55,CMP_101,Summer Apparel,OLV,q1_25,0.0,0.0
EVT_839571,2026-07-29 14:00:35,CMP_102,Tech Gadgets Launch,CTV,impression,0.0086,0.0
EVT_251675,2026-07-31 13:45:39,CMP_102,Tech Gadgets Launch,CTV,impression,0.0103,0.0
EVT_532101,2026-07-29 19:19:06,CMP_103,B2B SaaS Trial,Display,impression,0.0077,0.0
EVT_914752,2026-07-29 21:43:39,CMP_101,Summer Apparel,OLV,q2_50,0.0,0.0
EVT_218899,2026-07-29 10:54:28,CMP_102,Tech Gadgets Launch,CTV,q1_25,0.0,0.0
EVT_552226,2026-07-30 09:37:34,CMP_103,B2B SaaS Trial,Display,q2_50,0.0,0.0
EVT_901915,2026-07-31 19:41:37,CMP_102,Tech Gadgets Launch,CTV,impression,0.0048,0.0
EVT_112945,2026-07-31 01:37:47,CMP_103,B2B SaaS Trial,Display,impression,0.0062,0.0
EVT_834583,2026-07-29 00:45:40,CMP_101,Summer Apparel,OLV,q1_25,0.0,0.0
EVT_753932,2026-07-28 23:50:00,CMP_102,Tech Gadgets Launch,CTV,impression,0.0135,0.0
EVT_465249,2026-07-30 18:34:43,CMP_101,Summer Apparel,OLV,q2_50,0.0,0.0
EVT_458846,2026-07-29 18:52:11,CMP_102,Tech Gadgets Launch,CTV,q1_25,0.0,0.0
EVT_263582,2026-07-31 15:22:21,CMP_102,Tech Gadgets Launch,CTV,q1_25,0.0,0.0
EVT_313638,2026-07-29 16:42:54,CMP_101,Summer Apparel,OLV,q2_50,0.0,0.0
EVT_516978,2026-07-29 23:50:09,CMP_101,Summer Apparel,OLV,impression,0.0051,0.0
EVT_203701,2026-07-29 02:26:36,CMP_102,Tech Gadgets Launch,CTV,q1_25,0.0,0.0
EVT_779300,2026-07-31 18:13:46,CMP_101,Summer Apparel,OLV,impression,0.0026,0.0
EVT_555077,2026-07-29 02:22:20,CMP_103,B2B SaaS Trial,Display,q1_25,0.0,0.0
EVT_440254,2026-07-31 09:16:43,CMP_101,Summer Apparel,OLV,impression,0.007,0.0
EVT_253514,2026-07-29 01:40:54,CMP_101,Summer Apparel,OLV,impression,0.0145,0.0
EVT_129999,2026-07-31 13:44:24,CMP_101,Summer Apparel,OLV,q2_50,0.0,0.0
EVT_222041,2026-07-30 04:54:40,CMP_102,Tech Gadgets Launch,CTV,q1_25,0.0,0.0
EVT_542851,2026-07-29 12:29:47,CMP_101,Summer Apparel,OLV,impression,0.0099,0.0
EVT_628609,2026-07-30 12:19:09,CMP_103,B2B SaaS Trial,Display,click,0.0,0.0
EVT_992438,2026-07-31 08:58:05,CMP_102,Tech Gadgets Launch,CTV,impression,0.0094,0.0
EVT_864805,2026-07-31 13:44:35,CMP_102,Tech Gadgets Launch,CTV,impression,0.014,0.0
EVT_195769,2026-07-31 16:00:21,CMP_103,B2B SaaS Trial,Display,impression,0.0063,0.0
EVT_658071,2026-07-29 23:47:36,CMP_103,B2B SaaS Trial,Display,conversion,0.0,65.61
EVT_434324,2026-07-29 15:18:36,CMP_101,Summer Apparel,OLV,q2_50,0.0,0.0
EVT_650150,2026-07-28 23:40:37,CMP_101,Summer Apparel,OLV,q1_25,0.0,0.0
EVT_587663,2026-07-30 02:48:28,CMP_101,Summer Apparel,OLV,q2_50,0.0,0.0
EVT_865756,2026-07-29 08:13:05,CMP_102,Tech Gadgets Launch,CTV,impression,0.0039,0.0
EVT_672152,2026-07-29 13:54:37,CMP_103,B2B SaaS Trial,Display,q3_75,0.0,0.0
EVT_831771,2026-07-31 04:01:18,CMP_101,Summer Apparel,OLV,impression,0.0135,0.0
EVT_864894,2026-07-31 11:32:29,CMP_103,B2B SaaS Trial,Display,q1_25,0.0,0.0
EVT_998695,2026-07-31 13:14:43,CMP_101,Summer Apparel,OLV,q1_25,0.0,0.0
EVT_463458,2026-07-30 16:40:19,CMP_102,Tech Gadgets Launch,CTV,q1_25,0.0,0.0
EVT_256087,2026-07-29 02:15:17,CMP_102,Tech Gadgets Launch,CTV,q1_25,0.0,0.0
EVT_494522,2026-07-31 00:21:37,CMP_101,Summer Apparel,OLV,q4_100,0.0,0.0
EVT_165000,2026-07-29 12:54:40,CMP_103,B2B SaaS Trial,Display,q2_50,0.0,0.0
EVT_139385,2026-07-31 02:25:30,CMP_101,Summer Apparel,OLV,q2_50,0.0,0.0
EVT_700430,2026-07-30 23:59:10,CMP_103,B2B SaaS Trial,Display,impression,0.0132,0.0
EVT_469462,2026-07-29 14:32:45,CMP_101,Summer Apparel,OLV,q1_25,0.0,0.0
EVT_278656,2026-07-30 10:21:36,CMP_102,Tech Gadgets Launch,CTV,impression,0.0125,0.0
EVT_917924,2026-07-29 00:03:54,CMP_102,Tech Gadgets Launch,CTV,q1_25,0.0,0.0
EVT_160955,2026-07-31 03:51:39,CMP_101,Summer Apparel,OLV,impression,0.0143,0.0
EVT_720118,2026-07-29 00:55:58,CMP_102,Tech Gadgets Launch,CTV,q2_50,0.0,0.0
EVT_283769,2026-07-30 09:34:39,CMP_102,Tech Gadgets Launch,CTV,impression,0.0034,0.0
EVT_598252,2026-07-29 02:06:24,CMP_101,Summer Apparel,OLV,impression,0.01,0.0
EVT_160127,2026-07-30 16:51:57,CMP_103,B2B SaaS Trial,Display,q1_25,0.0,0.0
EVT_412786,2026-07-29 14:13:46,CMP_101,Summer Apparel,OLV,impression,0.0074,0.0
EVT_166582,2026-07-30 00:01:45,CMP_101,Summer Apparel,OLV,impression,0.0081,0.0
EVT_376457,2026-07-28 23:11:50,CMP_102,Tech Gadgets Launch,CTV,impression,0.0075,0.0
EVT_573561,2026-07-30 13:07:27,CMP_101,Summer Apparel,OLV,q1_25,0.0,0.0
EVT_247811,2026-07-29 21:31:29,CMP_102,Tech Gadgets Launch,CTV,q2_50,0.0,0.0
EVT_250338,2026-07-31 06:02:44,CMP_102,Tech Gadgets Launch,CTV,impression,0.0142,0.0
EVT_766935,2026-07-30 00:38:27,CMP_102,Tech Gadgets Launch,CTV,q1_25,0.0,0.0
EVT_964693,2026-07-30 17:46:11,CMP_103,B2B SaaS Trial,Display,q2_50,0.0,0.0
EVT_773129,2026-07-31 12:19:48,CMP_103,B2B SaaS Trial,Display,q3_75,0.0,0.0
EVT_356952,2026-07-31 07:41:22,CMP_103,B2B SaaS Trial,Display,q3_75,0.0,0.0
EVT_748756,2026-07-30 19:20:34,CMP_103,B2B SaaS Trial,Display,q4_100,0.0,0.0
EVT_375065,2026-07-30 00:02:19,CMP_102,Tech Gadgets Launch,CTV,q1_25,0.0,0.0
EVT_493199,2026-07-30 16:56:33,CMP_101,Summer Apparel,OLV,q2_50,0.0,0.0
EVT_192080,2026-07-29 14:35:03,CMP_102,Tech Gadgets Launch,CTV,impression,0.0086,0.0
EVT_599439,2026-07-30 11:42:12,CMP_102,Tech Gadgets Launch,CTV,q2_50,0.0,0.0
EVT_927939,2026-07-29 19:57:06,CMP_101,Summer Apparel,OLV,impression,0.0114,0.0
EVT_872675,2026-07-30 19:45:20,CMP_102,Tech Gadgets Launch,CTV,impression,0.0122,0.0
EVT_420882,2026-07-31 14:13:58,CMP_103,B2B SaaS Trial,Display,q1_25,0.0,0.0
EVT_217648,2026-07-30 08:31:41,CMP_101,Summer Apparel,OLV,impression,0.0101,0.0
EVT_815305,2026-07-30 02:39:14,CMP_102,Tech Gadgets Launch,CTV,impression,0.0099,0.0
EVT_493797,2026-07-30 06:57:59,CMP_103,B2B SaaS Trial,Display,impression,0.0051,0.0
EVT_317187,2026-07-31 15:30:21,CMP_103,B2B SaaS Trial,Display,q2_50,0.0,0.0
EVT_104707,2026-07-30 09:17:03,CMP_101,Summer Apparel,OLV,impression,0.0061,0.0
EVT_816587,2026-07-31 14:27:57,CMP_103,B2B SaaS Trial,Display,impression,0.0136,0.0
EVT_370755,2026-07-29 16:06:14,CMP_102,Tech Gadgets Launch,CTV,q4_100,0.0,0.0
EVT_207539,2026-07-31 07:08:41,CMP_101,Summer Apparel,OLV,impression,0.0124,0.0
EVT_771237,2026-07-29 22:34:45,CMP_103,B2B SaaS Trial,Display,q1_25,0.0,0.0
EVT_375689,2026-07-30 05:41:49,CMP_102,Tech Gadgets Launch,CTV,q1_25,0.0,0.0
EVT_326543,2026-07-30 21:37:47,CMP_103,B2B SaaS Trial,Display,q3_75,0.0,0.0
EVT_993761,2026-07-30 00:30:25,CMP_101,Summer Apparel,OLV,q4_100,0.0,0.0
EVT_945062,2026-07-30 10:26:58,CMP_101,Summer Apparel,OLV,q4_100,0.0,0.0
EVT_755240,2026-07-31 02:25:50,CMP_103,B2B SaaS Trial,Display,impression,0.0108,0.0
EVT_326426,2026-07-30 13:07:10,CMP_103,B2B SaaS Trial,Display,q3_75,0.0,0.0
EVT_230226,2026-07-31 16:02:10,CMP_102,Tech Gadgets Launch,CTV,q3_75,0.0,0.0
EVT_899378,2026-07-30 19:13:14,CMP_103,B2B SaaS Trial,Display,impression,0.009,0.0
EVT_945040,2026-07-30 03:44:13,CMP_102,Tech Gadgets Launch,CTV,q1_25,0.0,0.0
EVT_607265,2026-07-29 03:07:20,CMP_102,Tech Gadgets Launch,CTV,impression,0.0101,0.0
EVT_800819,2026-07-31 14:57:08,CMP_101,Summer Apparel,OLV,q1_25,0.0,0.0
EVT_984543,2026-07-31 04:23:21,CMP_103,B2B SaaS Trial,Display,q2_50,0.0,0.0
EVT_881704,2026-07-29 15:27:20,CMP_103,B2B SaaS Trial,Display,q2_50,0.0,0.0
EVT_222816,2026-07-31 18:20:29,CMP_103,B2B SaaS Trial,Display,impression,0.0147,0.0
EVT_668817,2026-07-30 09:25:14,CMP_101,Summer Apparel,OLV,impression,0.0124,0.0
EVT_590535,2026-07-30 06:10:02,CMP_102,Tech Gadgets Launch,CTV,impression,0.0029,0.0
EVT_656099,2026-07-31 17:52:16,CMP_103,B2B SaaS Trial,Display,q1_25,0.0,0.0
EVT_106907,2026-07-29 12:34:54,CMP_102,Tech Gadgets Launch,CTV,q2_50,0.0,0.0
EVT_975476,2026-07-31 07:45:34,CMP_103,B2B SaaS Trial,Display,q2_50,0.0,0.0
EVT_535301,2026-07-31 07:51:49,CMP_103,B2B SaaS Trial,Display,impression,0.0039,0.0
EVT_265515,2026-07-30 16:06:56,CMP_102,Tech Gadgets Launch,CTV,impression,0.003,0.0
EVT_166158,2026-07-31 14:57:02,CMP_103,B2B SaaS Trial,Display,q3_75,0.0,0.0
EVT_371221,2026-07-30 10:13:48,CMP_101,Summer Apparel,OLV,impression,0.0057,0.0
EVT_972055,2026-07-31 05:10:07,CMP_102,Tech Gadgets Launch,CTV,q1_25,0.0,0.0
EVT_688492,2026-07-31 09:56:51,CMP_103,B2B SaaS Trial,Display,impression,0.0083,0.0
EVT_175029,2026-07-30 10:50:05,CMP_103,B2B SaaS Trial,Display,q2_50,0.0,0.0
EVT_100542,2026-07-29 23:00:13,CMP_101,Summer Apparel,OLV,q2_50,0.0,0.0
EVT_144478,2026-07-29 20:30:21,CMP_103,B2B SaaS Trial,Display,q1_25,0.0,0.0
EVT_753994,2026-07-31 12:32:03,CMP_103,B2B SaaS Trial,Display,q3_75,0.0,0.0
EVT_942306,2026-07-29 07:48:39,CMP_102,Tech Gadgets Launch,CTV,impression,0.0107,0.0
EVT_251171,2026-07-30 02:07:22,CMP_101,Summer Apparel,OLV,impression,0.0057,0.0
EVT_105535,2026-07-29 06:52:57,CMP_101,Summer Apparel,OLV,q1_25,0.0,0.0
EVT_993133,2026-07-29 14:14:59,CMP_102,Tech Gadgets Launch,CTV,q1_25,0.0,0.0
EVT_212252,2026-07-31 02:03:41,CMP_102,Tech Gadgets Launch,CTV,q1_25,0.0,0.0
EVT_919869,2026-07-29 03:45:10,CMP_101,Summer Apparel,OLV,click,0.0,0.0
EVT_471733,2026-07-28 21:40:26,CMP_102,Tech Gadgets Launch,CTV,impression,0.0042,0.0
EVT_796956,2026-07-30 01:58:06,CMP_101,Summer Apparel,OLV,impression,0.0084,0.0
EVT_449036,2026-07-29 11:20:57,CMP_103,B2B SaaS Trial,Display,q3_75,0.0,0.0
EVT_361722,2026-07-31 14:45:06,CMP_101,Summer Apparel,OLV,q1_25,0.0,0.0
EVT_270757,2026-07-31 11:14:56,CMP_101,Summer Apparel,OLV,impression,0.0063,0.0
EVT_497307,2026-07-30 04:42:42,CMP_103,B2B SaaS Trial,Display,q4_100,0.0,0.0
EVT_966860,2026-07-29 19:31:30,CMP_101,Summer Apparel,OLV,q4_100,0.0,0.0
EVT_522986,2026-07-31 04:15:40,CMP_102,Tech Gadgets Launch,CTV,impression,0.0093,0.0
EVT_959812,2026-07-30 01:36:33,CMP_103,B2B SaaS Trial,Display,impression,0.0121,0.0
EVT_709517,2026-07-30 08:24:58,CMP_103,B2B SaaS Trial,Display,impression,0.009,0.0
EVT_795079,2026-07-31 19:46:55,CMP_101,Summer Apparel,OLV,q1_25,0.0,0.0
EVT_300455,2026-07-29 16:50:15,CMP_103,B2B SaaS Trial,Display,impression,0.0039,0.0
EVT_273821,2026-07-29 08:54:27,CMP_102,Tech Gadgets Launch,CTV,q1_25,0.0,0.0
EVT_312338,2026-07-30 22:43:56,CMP_103,B2B SaaS Trial,Display,impression,0.0055,0.0
EVT_596936,2026-07-29 15:17:11,CMP_103,B2B SaaS Trial,Display,q3_75,0.0,0.0
EVT_266511,2026-07-29 15:24:44,CMP_101,Summer Apparel,OLV,impression,0.0139,0.0
EVT_569906,2026-07-29 06:26:40,CMP_101,Summer Apparel,OLV,q1_25,0.0,0.0
EVT_618637,2026-07-29 20:18:11,CMP_103,B2B SaaS Trial,Display,impression,0.0103,0.0
EVT_176096,2026-07-30 01:40:51,CMP_103,B2B SaaS Trial,Display,q1_25,0.0,0.0
EVT_144462,2026-07-29 09:52:17,CMP_101,Summer Apparel,OLV,q2_50,0.0,0.0
EVT_572169,2026-07-30 23:37:29,CMP_101,Summer Apparel,OLV,impression,0.0092,0.0
EVT_541559,2026-07-31 18:27:53,CMP_102,Tech Gadgets Launch,CTV,q1_25,0.0,0.0
EVT_822736,2026-07-31 05:31:22,CMP_101,Summer Apparel,OLV,impression,0.01,0.0
EVT_695434,2026-07-31 09:58:20,CMP_101,Summer Apparel,OLV,q1_25,0.0,0.0
EVT_504361,2026-07-31 00:06:05,CMP_103,B2B SaaS Trial,Display,q1_25,0.0,0.0
EVT_122324,2026-07-28 23:33:40,CMP_101,Summer Apparel,OLV,impression,0.0105,0.0
EVT_513741,2026-07-30 19:47:49,CMP_103,B2B SaaS Trial,Display,impression,0.0022,0.0
EVT_407626,2026-07-30 15:09:10,CMP_101,Summer Apparel,OLV,impression,0.0073,0.0
EVT_365042,2026-07-30 08:08:13,CMP_103,B2B SaaS Trial,Display,impression,0.0025,0.0
EVT_598042,2026-07-29 05:38:52,CMP_101,Summer Apparel,OLV,q3_75,0.0,0.0
EVT_440037,2026-07-29 04:19:29,CMP_102,Tech Gadgets Launch,CTV,q3_75,0.0,0.0
EVT_236535,2026-07-31 14:10:43,CMP_102,Tech Gadgets Launch,CTV,click,0.0,0.0
EVT_337366,2026-07-29 15:22:07,CMP_102,Tech Gadgets Launch,CTV,q2_50,0.0,0.0
EVT_836180,2026-07-30 02:22:46,CMP_103,B2B SaaS Trial,Display,q2_50,0.0,0.0
EVT_773320,2026-07-29 17:50:55,CMP_103,B2B SaaS Trial,Display,q2_50,0.0,0.0
EVT_639026,2026-07-31 16:30:43,CMP_101,Summer Apparel,OLV,q3_75,0.0,0.0
EVT_782417,2026-07-29 07:21:53,CMP_101,Summer Apparel,OLV,q1_25,0.0,0.0
EVT_391403,2026-07-31 18:56:08,CMP_101,Summer Apparel,OLV,impression,0.0115,0.0
EVT_583056,2026-07-29 01:31:27,CMP_102,Tech Gadgets Launch,CTV,impression,0.0095,0.0
EVT_212458,2026-07-29 16:22:06,CMP_101,Summer Apparel,OLV,q2_50,0.0,0.0
EVT_884442,2026-07-30 09:58:57,CMP_101,Summer Apparel,OLV,q1_25,0.0,0.0
EVT_829577,2026-07-30 09:19:08,CMP_102,Tech Gadgets Launch,CTV,impression,0.0097,0.0
EVT_733805,2026-07-30 11:46:05,CMP_103,B2B SaaS Trial,Display,impression,0.0132,0.0
EVT_202817,2026-07-30 11:24:00,CMP_103,B2B SaaS Trial,Display,impression,0.0118,0.0
EVT_715688,2026-07-29 08:23:59,CMP_102,Tech Gadgets Launch,CTV,impression,0.0093,0.0
EVT_442837,2026-07-31 18:06:52,CMP_103,B2B SaaS Trial,Display,impression,0.0078,0.0
EVT_977776,2026-07-28 20:46:52,CMP_102,Tech Gadgets Launch,CTV,impression,0.0084,0.0
EVT_365764,2026-07-29 02:36:01,CMP_103,B2B SaaS Trial,Display,impression,0.0132,0.0
EVT_255092,2026-07-29 22:27:38,CMP_101,Summer Apparel,OLV,impression,0.0031,0.0
EVT_721658,2026-07-29 05:05:19,CMP_102,Tech Gadgets Launch,CTV,q1_25,0.0,0.0
EVT_599928,2026-07-30 11:42:42,CMP_103,B2B SaaS Trial,Display,q3_75,0.0,0.0
EVT_172250,2026-07-30 06:10:02,CMP_102,Tech Gadgets Launch,CTV,impression,0.0121,0.0
EVT_755099,2026-07-31 07:59:50,CMP_101,Summer Apparel,OLV,q2_50,0.0,0.0
EVT_124735,2026-07-31 14:02:49,CMP_103,B2B SaaS Trial,Display,conversion,0.0,74.22
EVT_140792,2026-07-29 21:17:15,CMP_102,Tech Gadgets Launch,CTV,q2_50,0.0,0.0
EVT_475903,2026-07-31 03:40:02,CMP_103,B2B SaaS Trial,Display,impression,0.0047,0.0
EVT_104642,2026-07-29 05:48:20,CMP_101,Summer Apparel,OLV,impression,0.0073,0.0
EVT_728032,2026-07-31 00:13:31,CMP_102,Tech Gadgets Launch,CTV,q2_50,0.0,0.0
EVT_948488,2026-07-31 02:46:16,CMP_103,B2B SaaS Trial,Display,impression,0.0073,0.0
EVT_909793,2026-07-29 07:24:30,CMP_101,Summer Apparel,OLV,impression,0.0127,0.0
EVT_197617,2026-07-29 15:49:04,CMP_102,Tech Gadgets Launch,CTV,q3_75,0.0,0.0
EVT_876799,2026-07-29 20:48:48,CMP_102,Tech Gadgets Launch,CTV,impression,0.0044,0.0
EVT_511789,2026-07-29 18:52:08,CMP_101,Summer Apparel,OLV,q3_75,0.0,0.0
EVT_694114,2026-07-31 00:36:52,CMP_102,Tech Gadgets Launch,CTV,impression,0.0046,0.0
EVT_833237,2026-07-31 09:09:26,CMP_103,B2B SaaS Trial,Display,q1_25,0.0,0.0
EVT_727092,2026-07-31 18:22:27,CMP_103,B2B SaaS Trial,Display,impression,0.0088,0.0
EVT_534726,2026-07-28 20:43:54,CMP_103,B2B SaaS Trial,Display,q1_25,0.0,0.0
EVT_122261,2026-07-31 12:08:02,CMP_101,Summer Apparel,OLV,q4_100,0.0,0.0
EVT_436059,2026-07-31 20:08:36,CMP_102,Tech Gadgets Launch,CTV,impression,0.014,0.0
EVT_109080,2026-07-30 01:41:12,CMP_103,B2B SaaS Trial,Display,q3_75,0.0,0.0
EVT_814898,2026-07-29 14:47:57,CMP_102,Tech Gadgets Launch,CTV,impression,0.0122,0.0
EVT_314895,2026-07-31 14:53:35,CMP_101,Summer Apparel,OLV,impression,0.0051,0.0
EVT_787002,2026-07-31 17:41:02,CMP_101,Summer Apparel,OLV,impression,0.0044,0.0
EVT_329485,2026-07-29 02:13:50,CMP_101,Summer Apparel,OLV,impression,0.0091,0.0
EVT_715735,2026-07-30 20:58:27,CMP_102,Tech Gadgets Launch,CTV,q2_50,0.0,0.0
EVT_630587,2026-07-30 22:18:12,CMP_102,Tech Gadgets Launch,CTV,impression,0.0146,0.0
EVT_195903,2026-07-29 03:45:52,CMP_103,B2B SaaS Trial,Display,q1_25,0.0,0.0
EVT_170305,2026-07-30 13:23:17,CMP_103,B2B SaaS Trial,Display,impression,0.0114,0.0
EVT_693240,2026-07-31 16:47:20,CMP_101,Summer Apparel,OLV,q3_75,0.0,0.0
EVT_618802,2026-07-31 16:31:43,CMP_101,Summer Apparel,OLV,impression,0.0071,0.0
EVT_470865,2026-07-30 07:25:45,CMP_101,Summer Apparel,OLV,impression,0.0123,0.0
EVT_918308,2026-07-30 13:58:29,CMP_101,Summer Apparel,OLV,impression,0.0107,0.0
EVT_216529,2026-07-30 06:59:28,CMP_101,Summer Apparel,OLV,impression,0.0114,0.0
EVT_353959,2026-07-31 19:52:37,CMP_102,Tech Gadgets Launch,CTV,impression,0.0047,0.0
EVT_819074,2026-07-29 01:03:28,CMP_101,Summer Apparel,OLV,q1_25,0.0,0.0
EVT_213040,2026-07-29 08:25:05,CMP_101,Summer Apparel,OLV,impression,0.0146,0.0
EVT_766289,2026-07-29 01:00:53,CMP_101,Summer Apparel,OLV,q3_75,0.0,0.0
EVT_397637,2026-07-31 10:22:37,CMP_103,B2B SaaS Trial,Display,impression,0.008,0.0
EVT_199997,2026-07-31 03:16:22,CMP_103,B2B SaaS Trial,Display,q2_50,0.0,0.0
EVT_557766,2026-07-28 23:09:28,CMP_102,Tech Gadgets Launch,CTV,impression,0.0056,0.0
EVT_462263,2026-07-29 04:47:54,CMP_103,B2B SaaS Trial,Display,q2_50,0.0,0.0
EVT_388361,2026-07-30 18:19:16,CMP_102,Tech Gadgets Launch,CTV,impression,0.0022,0.0
EVT_976214,2026-07-31 04:12:16,CMP_101,Summer Apparel,OLV,q3_75,0.0,0.0
EVT_848336,2026-07-29 01:18:38,CMP_101,Summer Apparel,OLV,impression,0.004,0.0
EVT_635851,2026-07-29 09:19:36,CMP_102,Tech Gadgets Launch,CTV,click,0.0,0.0
EVT_418714,2026-07-30 16:57:26,CMP_103,B2B SaaS Trial,Display,impression,0.0057,0.0
EVT_130154,2026-07-29 07:02:24,CMP_101,Summer Apparel,OLV,impression,0.0108,0.0
EVT_569593,2026-07-30 03:45:03,CMP_102,Tech Gadgets Launch,CTV,q1_25,0.0,0.0
EVT_257524,2026-07-29 04:26:39,CMP_103,B2B SaaS Trial,Display,q3_75,0.0,0.0
EVT_782910,2026-07-30 05:08:55,CMP_101,Summer Apparel,OLV,q2_50,0.0,0.0
EVT_863753,2026-07-30 22:27:17,CMP_102,Tech Gadgets Launch,CTV,q3_75,0.0,0.0
EVT_101528,2026-07-30 20:59:51,CMP_103,B2B SaaS Trial,Display,impression,0.0089,0.0
EVT_523972,2026-07-30 19:11:33,CMP_103,B2B SaaS Trial,Display,q2_50,0.0,0.0
EVT_130119,2026-07-29 22:30:39,CMP_103,B2B SaaS Trial,Display,impression,0.0107,0.0
EVT_590788,2026-07-29 00:23:13,CMP_103,B2B SaaS Trial,Display,q3_75,0.0,0.0
EVT_791315,2026-07-29 06:37:54,CMP_101,Summer Apparel,OLV,impression,0.0092,0.0
EVT_585015,2026-07-29 12:45:24,CMP_101,Summer Apparel,OLV,q4_100,0.0,0.0
EVT_677964,2026-07-29 14:43:14,CMP_101,Summer Apparel,OLV,q2_50,0.0,0.0
EVT_540010,2026-07-29 20:24:57,CMP_102,Tech Gadgets Launch,CTV,q2_50,0.0,0.0
EVT_362731,2026-07-31 14:06:37,CMP_101,Summer Apparel,OLV,q3_75,0.0,0.0
EVT_364704,2026-07-30 07:33:10,CMP_101,Summer Apparel,OLV,q2_50,0.0,0.0
EVT_185565,2026-07-30 06:54:35,CMP_102,Tech Gadgets Launch,CTV,q1_25,0.0,0.0
EVT_744918,2026-07-30 09:40:29,CMP_103,B2B SaaS Trial,Display,q3_75,0.0,0.0
EVT_461336,2026-07-30 05:01:54,CMP_103,B2B SaaS Trial,Display,impression,0.01,0.0
EVT_945453,2026-07-30 21:06:13,CMP_103,B2B SaaS Trial,Display,impression,0.0036,0.0
EVT_193464,2026-07-30 06:56:29,CMP_103,B2B SaaS Trial,Display,q3_75,0.0,0.0
EVT_172179,2026-07-30 00:05:02,CMP_102,Tech Gadgets Launch,CTV,q1_25,0.0,0.0
EVT_920899,2026-07-30 19:19:18,CMP_103,B2B SaaS Trial,Display,impression,0.0112,0.0
EVT_841138,2026-07-29 00:30:04,CMP_101,Summer Apparel,OLV,impression,0.0106,0.0
EVT_517716,2026-07-30 18:16:54,CMP_102,Tech Gadgets Launch,CTV,q1_25,0.0,0.0
EVT_825595,2026-07-30 04:37:27,CMP_103,B2B SaaS Trial,Display,q3_75,0.0,0.0
EVT_565270,2026-07-29 01:24:31,CMP_101,Summer Apparel,OLV,impression,0.012,0.0
EVT_262340,2026-07-28 22:14:35,CMP_102,Tech Gadgets Launch,CTV,impression,0.0051,0.0
EVT_619343,2026-07-30 10:23:03,CMP_103,B2B SaaS Trial,Display,q2_50,0.0,0.0
EVT_216251,2026-07-31 06:22:14,CMP_102,Tech Gadgets Launch,CTV,impression,0.0104,0.0
EVT_486747,2026-07-30 02:37:26,CMP_101,Summer Apparel,OLV,q4_100,0.0,0.0
EVT_225381,2026-07-28 22:32:43,CMP_101,Summer Apparel,OLV,impression,0.0029,0.0
EVT_716970,2026-07-30 17:30:29,CMP_103,B2B SaaS Trial,Display,click,0.0,0.0
EVT_348454,2026-07-29 07:07:37,CMP_101,Summer Apparel,OLV,q1_25,0.0,0.0
EVT_840513,2026-07-29 12:08:09,CMP_102,Tech Gadgets Launch,CTV,q4_100,0.0,0.0
EVT_549581,2026-07-30 00:40:39,CMP_102,Tech Gadgets Launch,CTV,impression,0.0083,0.0
EVT_310469,2026-07-29 19:33:58,CMP_101,Summer Apparel,OLV,impression,0.0075,0.0
EVT_569513,2026-07-31 05:40:51,CMP_103,B2B SaaS Trial,Display,q4_100,0.0,0.0
EVT_493968,2026-07-30 19:30:22,CMP_101,Summer Apparel,OLV,impression,0.0104,0.0
EVT_987084,2026-07-29 18:31:26,CMP_103,B2B SaaS Trial,Display,impression,0.0072,0.0
EVT_183112,2026-07-28 22:47:29,CMP_103,B2B SaaS Trial,Display,q4_100,0.0,0.0
EVT_856029,2026-07-31 13:56:15,CMP_103,B2B SaaS Trial,Display,conversion,0.0,34.54
EVT_143282,2026-07-31 11:35:33,CMP_102,Tech Gadgets Launch,CTV,impression,0.0064,0.0
EVT_630063,2026-07-30 12:30:56,CMP_102,Tech Gadgets Launch,CTV,q2_50,0.0,0.0
EVT_161345,2026-07-29 22:12:38,CMP_101,Summer Apparel,OLV,impression,0.0023,0.0
EVT_560431,2026-07-30 16:11:30,CMP_103,B2B SaaS Trial,Display,impression,0.0135,0.0
EVT_296479,2026-07-30 11:53:11,CMP_102,Tech Gadgets Launch,CTV,impression,0.0076,0.0
EVT_952210,2026-07-29 22:02:44,CMP_103,B2B SaaS Trial,Display,impression,0.0023,0.0
EVT_190753,2026-07-29 14:11:11,CMP_103,B2B SaaS Trial,Display,q2_50,0.0,0.0
EVT_463617,2026-07-30 23:55:11,CMP_101,Summer Apparel,OLV,q3_75,0.0,0.0
EVT_900832,2026-07-31 00:53:02,CMP_103,B2B SaaS Trial,Display,impression,0.0118,0.0
EVT_679298,2026-07-31 19:14:01,CMP_101,Summer Apparel,OLV,q1_25,0.0,0.0
EVT_655488,2026-07-29 01:54:45,CMP_102,Tech Gadgets Launch,CTV,impression,0.0145,0.0
EVT_918666,2026-07-29 22:36:49,CMP_102,Tech Gadgets Launch,CTV,impression,0.0076,0.0
EVT_716111,2026-07-31 04:01:34,CMP_103,B2B SaaS Trial,Display,impression,0.0034,0.0
EVT_603383,2026-07-31 00:21:56,CMP_101,Summer Apparel,OLV,q4_100,0.0,0.0
EVT_260566,2026-07-31 19:00:30,CMP_101,Summer Apparel,OLV,impression,0.0103,0.0
EVT_257909,2026-07-30 18:13:10,CMP_103,B2B SaaS Trial,Display,impression,0.0097,0.0
EVT_947374,2026-07-31 11:33:05,CMP_102,Tech Gadgets Launch,CTV,impression,0.0127,0.0
EVT_991424,2026-07-29 08:53:31,CMP_103,B2B SaaS Trial,Display,conversion,0.0,96.95
EVT_177506,2026-07-31 11:05:28,CMP_102,Tech Gadgets Launch,CTV,impression,0.0047,0.0
EVT_795114,2026-07-29 16:52:24,CMP_103,B2B SaaS Trial,Display,q3_75,0.0,0.0
EVT_725637,2026-07-31 14:40:33,CMP_102,Tech Gadgets Launch,CTV,q2_50,0.0,0.0
EVT_185588,2026-07-30 22:48:08,CMP_102,Tech Gadgets Launch,CTV,impression,0.0043,0.0
EVT_480938,2026-07-31 01:53:22,CMP_103,B2B SaaS Trial,Display,q2_50,0.0,0.0
EVT_575348,2026-07-28 22:54:51,CMP_101,Summer Apparel,OLV,impression,0.0093,0.0
EVT_462534,2026-07-30 05:10:52,CMP_101,Summer Apparel,OLV,impression,0.0082,0.0
EVT_949428,2026-07-30 13:06:51,CMP_103,B2B SaaS Trial,Display,q4_100,0.0,0.0
EVT_124953,2026-07-31 10:36:47,CMP_101,Summer Apparel,OLV,impression,0.0087,0.0
EVT_678141,2026-07-31 17:50:40,CMP_103,B2B SaaS Trial,Display,q3_75,0.0,0.0
EVT_173686,2026-07-30 01:02:59,CMP_102,Tech Gadgets Launch,CTV,impression,0.0141,0.0
EVT_815918,2026-07-29 21:35:04,CMP_102,Tech Gadgets Launch,CTV,q1_25,0.0,0.0
EVT_834633,2026-07-30 10:23:00,CMP_103,B2B SaaS Trial,Display,impression,0.0088,0.0
EVT_116632,2026-07-29 12:08:36,CMP_103,B2B SaaS Trial,Display,q2_50,0.0,0.0
EVT_853461,2026-07-31 08:13:21,CMP_103,B2B SaaS Trial,Display,impression,0.015,0.0
EVT_430633,2026-07-29 22:49:00,CMP_103,B2B SaaS Trial,Display,q1_25,0.0,0.0
EVT_597510,2026-07-31 04:02:00,CMP_102,Tech Gadgets Launch,CTV,impression,0.0085,0.0
EVT_191415,2026-07-29 08:39:32,CMP_103,B2B SaaS Trial,Display,q4_100,0.0,0.0
EVT_752030,2026-07-31 07:37:28,CMP_101,Summer Apparel,OLV,impression,0.013,0.0
EVT_995813,2026-07-30 04:10:08,CMP_101,Summer Apparel,OLV,impression,0.0116,0.0
EVT_491000,2026-07-30 20:59:06,CMP_103,B2B SaaS Trial,Display,impression,0.0108,0.0
EVT_114419,2026-07-31 01:06:36,CMP_103,B2B SaaS Trial,Display,impression,0.0036,0.0
EVT_467575,2026-07-29 04:54:08,CMP_101,Summer Apparel,OLV,q1_25,0.0,0.0
EVT_234125,2026-07-31 16:32:42,CMP_101,Summer Apparel,OLV,impression,0.0138,0.0
EVT_976042,2026-07-29 08:38:52,CMP_103,B2B SaaS Trial,Display,q2_50,0.0,0.0
EVT_972308,2026-07-31 15:14:33,CMP_103,B2B SaaS Trial,Display,q2_50,0.0,0.0
EVT_767307,2026-07-31 12:20:32,CMP_101,Summer Apparel,OLV,impression,0.0062,0.0
EVT_194843,2026-07-30 08:43:11,CMP_101,Summer Apparel,OLV,impression,0.0142,0.0
EVT_986942,2026-07-30 22:42:15,CMP_102,Tech Gadgets Launch,CTV,impression,0.0039,0.0
EVT_403988,2026-07-28 22:30:43,CMP_103,B2B SaaS Trial,Display,q2_50,0.0,0.0
EVT_337087,2026-07-30 08:11:58,CMP_101,Summer Apparel,OLV,q1_25,0.0,0.0
EVT_965012,2026-07-28 21:51:54,CMP_102,Tech Gadgets Launch,CTV,impression,0.0032,0.0
EVT_155765,2026-07-29 14:52:11,CMP_103,B2B SaaS Trial,Display,impression,0.0099,0.0
EVT_296855,2026-07-30 00:58:57,CMP_101,Summer Apparel,OLV,impression,0.0096,0.0
EVT_977029,2026-07-29 16:11:49,CMP_101,Summer Apparel,OLV,impression,0.0096,0.0
EVT_353792,2026-07-28 22:59:58,CMP_102,Tech Gadgets Launch,CTV,impression,0.0126,0.0
EVT_705882,2026-07-29 04:03:13,CMP_103,B2B SaaS Trial,Display,impression,0.0035,0.0
EVT_627384,2026-07-31 07:53:31,CMP_102,Tech Gadgets Launch,CTV,impression,0.0096,0.0
EVT_693629,2026-07-29 21:04:15,CMP_101,Summer Apparel,OLV,impression,0.0022,0.0
EVT_784704,2026-07-30 19:55:19,CMP_103,B2B SaaS Trial,Display,impression,0.0071,0.0
EVT_781174,2026-07-31 00:17:45,CMP_101,Summer Apparel,OLV,q1_25,0.0,0.0
EVT_183628,2026-07-29 17:15:20,CMP_102,Tech Gadgets Launch,CTV,q2_50,0.0,0.0
EVT_469811,2026-07-31 01:24:14,CMP_101,Summer Apparel,OLV,q4_100,0.0,0.0
EVT_639459,2026-07-30 07:36:31,CMP_101,Summer Apparel,OLV,impression,0.003,0.0
EVT_549093,2026-07-31 16:57:29,CMP_101,Summer Apparel,OLV,q1_25,0.0,0.0
EVT_430694,2026-07-30 16:33:06,CMP_101,Summer Apparel,OLV,impression,0.0059,0.0
EVT_294246,2026-07-31 06:40:35,CMP_101,Summer Apparel,OLV,q3_75,0.0,0.0
EVT_628376,2026-07-29 00:21:40,CMP_103,B2B SaaS Trial,Display,q2_50,0.0,0.0
EVT_588306,2026-07-31 14:42:22,CMP_102,Tech Gadgets Launch,CTV,impression,0.0101,0.0
EVT_120683,2026-07-29 18:40:56,CMP_102,Tech Gadgets Launch,CTV,q1_25,0.0,0.0
EVT_303901,2026-07-29 17:05:38,CMP_103,B2B SaaS Trial,Display,q1_25,0.0,0.0
EVT_846504,2026-07-30 11:56:34,CMP_102,Tech Gadgets Launch,CTV,impression,0.0063,0.0
EVT_322634,2026-07-29 15:16:03,CMP_102,Tech Gadgets Launch,CTV,impression,0.0061,0.0
EVT_185194,2026-07-31 20:18:54,CMP_101,Summer Apparel,OLV,q2_50,0.0,0.0
EVT_935074,2026-07-28 22:44:38,CMP_101,Summer Apparel,OLV,q2_50,0.0,0.0
EVT_236671,2026-07-30 14:37:09,CMP_102,Tech Gadgets Launch,CTV,impression,0.0098,0.0
EVT_388862,2026-07-30 03:21:33,CMP_103,B2B SaaS Trial,Display,impression,0.003,0.0
EVT_454476,2026-07-30 05:28:43,CMP_102,Tech Gadgets Launch,CTV,impression,0.0049,0.0
EVT_872250,2026-07-30 15:59:54,CMP_103,B2B SaaS Trial,Display,impression,0.0116,0.0
EVT_408250,2026-07-30 04:54:04,CMP_101,Summer Apparel,OLV,impression,0.0045,0.0
EVT_593654,2026-07-31 16:42:10,CMP_101,Summer Apparel,OLV,impression,0.0098,0.0
EVT_356975,2026-07-30 23:32:15,CMP_103,B2B SaaS Trial,Display,q2_50,0.0,0.0
EVT_412440,2026-07-29 12:23:24,CMP_103,B2B SaaS Trial,Display,impression,0.0094,0.0
EVT_164635,2026-07-31 04:57:36,CMP_103,B2B SaaS Trial,Display,impression,0.0122,0.0
EVT_149087,2026-07-31 00:19:06,CMP_102,Tech Gadgets Launch,CTV,impression,0.0023,0.0
EVT_642365,2026-07-28 21:36:17,CMP_102,Tech Gadgets Launch,CTV,impression,0.0052,0.0
EVT_333426,2026-07-30 22:39:14,CMP_102,Tech Gadgets Launch,CTV,impression,0.0052,0.0
EVT_845723,2026-07-29 05:38:00,CMP_102,Tech Gadgets Launch,CTV,q1_25,0.0,0.0
EVT_621064,2026-07-29 13:58:28,CMP_101,Summer Apparel,OLV,impression,0.0089,0.0
EVT_812636,2026-07-31 18:56:36,CMP_102,Tech Gadgets Launch,CTV,q2_50,0.0,0.0
EVT_807227,2026-07-29 18:14:43,CMP_101,Summer Apparel,OLV,impression,0.0049,0.0
EVT_229671,2026-07-31 08:05:53,CMP_101,Summer Apparel,OLV,impression,0.0101,0.0
EVT_649870,2026-07-31 12:15:08,CMP_101,Summer Apparel,OLV,impression,0.0078,0.0
EVT_584764,2026-07-31 14:27:56,CMP_101,Summer Apparel,OLV,impression,0.0033,0.0
EVT_784623,2026-07-29 06:28:50,CMP_103,B2B SaaS Trial,Display,q2_50,0.0,0.0
EVT_172714,2026-07-30 15:41:26,CMP_101,Summer Apparel,OLV,q1_25,0.0,0.0
EVT_607597,2026-07-30 19:58:29,CMP_101,Summer Apparel,OLV,impression,0.0075,0.0
EVT_844006,2026-07-29 14:30:56,CMP_101,Summer Apparel,OLV,q3_75,0.0,0.0
EVT_823970,2026-07-31 04:53:23,CMP_102,Tech Gadgets Launch,CTV,q4_100,0.0,0.0
EVT_754287,2026-07-30 23:57:05,CMP_102,Tech Gadgets Launch,CTV,impression,0.0126,0.0
EVT_904147,2026-07-31 17:01:58,CMP_101,Summer Apparel,OLV,impression,0.0093,0.0
EVT_182198,2026-07-31 19:51:15,CMP_102,Tech Gadgets Launch,CTV,impression,0.0054,0.0
EVT_445258,2026-07-30 10:37:01,CMP_103,B2B SaaS Trial,Display,q3_75,0.0,0.0
EVT_663000,2026-07-29 02:53:14,CMP_102,Tech Gadgets Launch,CTV,impression,0.0058,0.0
EVT_850950,2026-07-31 19:27:08,CMP_101,Summer Apparel,OLV,impression,0.005,0.0
EVT_290964,2026-07-31 19:44:54,CMP_103,B2B SaaS Trial,Display,q3_75,0.0,0.0
EVT_572723,2026-07-31 15:06:25,CMP_102,Tech Gadgets Launch,CTV,impression,0.0105,0.0
EVT_208209,2026-07-31 20:21:12,CMP_102,Tech Gadgets Launch,CTV,q1_25,0.0,0.0
EVT_486652,2026-07-30 05:11:08,CMP_102,Tech Gadgets Launch,CTV,impression,0.0044,0.0
EVT_619289,2026-07-29 10:58:04,CMP_101,Summer Apparel,OLV,q1_25,0.0,0.0
EVT_755221,2026-07-31 08:52:29,CMP_101,Summer Apparel,OLV,impression,0.0045,0.0
EVT_958038,2026-07-30 21:31:24,CMP_102,Tech Gadgets Launch,CTV,impression,0.0089,0.0
EVT_118591,2026-07-31 18:00:38,CMP_101,Summer Apparel,OLV,impression,0.0031,0.0
EVT_237009,2026-07-31 19:03:08,CMP_102,Tech Gadgets Launch,CTV,q1_25,0.0,0.0
EVT_821523,2026-07-29 20:05:28,CMP_103,B2B SaaS Trial,Display,q1_25,0.0,0.0
EVT_965219,2026-07-29 00:20:38,CMP_101,Summer Apparel,OLV,impression,0.0106,0.0
EVT_339750,2026-07-31 04:29:48,CMP_102,Tech Gadgets Launch,CTV,q1_25,0.0,0.0
EVT_309673,2026-07-29 18:28:28,CMP_103,B2B SaaS Trial,Display,q2_50,0.0,0.0
EVT_518325,2026-07-29 00:41:55,CMP_103,B2B SaaS Trial,Display,impression,0.0098,0.0
EVT_644577,2026-07-29 11:35:19,CMP_103,B2B SaaS Trial,Display,q2_50,0.0,0.0
EVT_690934,2026-07-31 02:20:59,CMP_103,B2B SaaS Trial,Display,impression,0.0055,0.0
EVT_326034,2026-07-31 15:26:58,CMP_101,Summer Apparel,OLV,impression,0.0116,0.0
EVT_247317,2026-07-31 12:10:32,CMP_103,B2B SaaS Trial,Display,impression,0.0084,0.0
EVT_588280,2026-07-29 23:57:03,CMP_103,B2B SaaS Trial,Display,impression,0.0125,0.0
EVT_935443,2026-07-29 13:00:52,CMP_101,Summer Apparel,OLV,impression,0.0117,0.0
EVT_837821,2026-07-29 03:40:03,CMP_101,Summer Apparel,OLV,q1_25,0.0,0.0
EVT_100582,2026-07-30 07:00:04,CMP_101,Summer Apparel,OLV,impression,0.0077,0.0
EVT_375038,2026-07-29 07:23:52,CMP_103,B2B SaaS Trial,Display,impression,0.0093,0.0
EVT_623622,2026-07-29 08:14:42,CMP_101,Summer Apparel,OLV,impression,0.0107,0.0
EVT_135373,2026-07-29 03:09:47,CMP_101,Summer Apparel,OLV,q4_100,0.0,0.0
EVT_492018,2026-07-30 20:30:56,CMP_101,Summer Apparel,OLV,impression,0.0147,0.0
EVT_907670,2026-07-30 09:42:20,CMP_101,Summer Apparel,OLV,q3_75,0.0,0.0
EVT_800608,2026-07-29 17:26:55,CMP_101,Summer Apparel,OLV,q2_50,0.0,0.0
EVT_982878,2026-07-31 10:56:14,CMP_102,Tech Gadgets Launch,CTV,q1_25,0.0,0.0
EVT_601084,2026-07-31 08:56:08,CMP_101,Summer Apparel,OLV,q1_25,0.0,0.0
EVT_972009,2026-07-31 01:15:24,CMP_103,B2B SaaS Trial,Display,impression,0.004,0.0
EVT_372915,2026-07-30 02:02:16,CMP_103,B2B SaaS Trial,Display,q1_25,0.0,0.0
EVT_902062,2026-07-31 16:15:53,CMP_102,Tech Gadgets Launch,CTV,impression,0.01,0.0
EVT_914494,2026-07-30 06:50:25,CMP_103,B2B SaaS Trial,Display,impression,0.0038,0.0
EVT_412161,2026-07-30 19:23:52,CMP_102,Tech Gadgets Launch,CTV,impression,0.0057,0.0
EVT_377309,2026-07-29 14:11:57,CMP_103,B2B SaaS Trial,Display,q1_25,0.0,0.0
EVT_645170,2026-07-29 02:28:30,CMP_101,Summer Apparel,OLV,q1_25,0.0,0.0
EVT_197774,2026-07-30 12:06:33,CMP_103,B2B SaaS Trial,Display,q1_25,0.0,0.0
EVT_974889,2026-07-29 01:52:57,CMP_103,B2B SaaS Trial,Display,impression,0.0067,0.0
EVT_982104,2026-07-29 20:35:38,CMP_103,B2B SaaS Trial,Display,impression,0.0111,0.0
EVT_993360,2026-07-30 06:33:08,CMP_102,Tech Gadgets Launch,CTV,impression,0.0045,0.0
EVT_264579,2026-07-29 19:03:15,CMP_103,B2B SaaS Trial,Display,impression,0.0084,0.0
EVT_204981,2026-07-31 10:53:23,CMP_101,Summer Apparel,OLV,q1_25,0.0,0.0
EVT_435966,2026-07-29 07:07:44,CMP_102,Tech Gadgets Launch,CTV,impression,0.0059,0.0
EVT_322046,2026-07-29 00:19:18,CMP_101,Summer Apparel,OLV,impression,0.0054,0.0
EVT_428400,2026-07-29 03:36:41,CMP_101,Summer Apparel,OLV,impression,0.0053,0.0
EVT_838165,2026-07-30 05:09:21,CMP_101,Summer Apparel,OLV,q3_75,0.0,0.0
EVT_420091,2026-07-30 15:27:27,CMP_103,B2B SaaS Trial,Display,impression,0.0105,0.0
EVT_884286,2026-07-29 09:27:43,CMP_102,Tech Gadgets Launch,CTV,impression,0.01,0.0
EVT_285567,2026-07-30 14:45:24,CMP_101,Summer Apparel,OLV,impression,0.0144,0.0
EVT_447236,2026-07-29 13:39:26,CMP_102,Tech Gadgets Launch,CTV,impression,0.0142,0.0
EVT_703484,2026-07-31 02:13:59,CMP_103,B2B SaaS Trial,Display,impression,0.0107,0.0
EVT_140742,2026-07-31 02:17:36,CMP_102,Tech Gadgets Launch,CTV,impression,0.0025,0.0
EVT_832788,2026-07-29 13:04:55,CMP_103,B2B SaaS Trial,Display,q3_75,0.0,0.0
EVT_328074,2026-07-30 05:44:59,CMP_101,Summer Apparel,OLV,q3_75,0.0,0.0
EVT_235747,2026-07-29 08:08:33,CMP_103,B2B SaaS Trial,Display,q3_75,0.0,0.0
EVT_157112,2026-07-30 16:08:18,CMP_103,B2B SaaS Trial,Display,impression,0.0023,0.0
EVT_946443,2026-07-30 23:30:02,CMP_101,Summer Apparel,OLV,impression,0.0129,0.0
EVT_103141,2026-07-28 22:42:22,CMP_103,B2B SaaS Trial,Display,impression,0.0082,0.0
EVT_885307,2026-07-31 03:11:48,CMP_101,Summer Apparel,OLV,q2_50,0.0,0.0
EVT_598247,2026-07-30 08:41:02,CMP_103,B2B SaaS Trial,Display,q1_25,0.0,0.0
EVT_919533,2026-07-29 13:03:46,CMP_102,Tech Gadgets Launch,CTV,impression,0.0045,0.0
EVT_481348,2026-07-31 00:02:24,CMP_101,Summer Apparel,OLV,q1_25,0.0,0.0
EVT_495184,2026-07-28 21:43:48,CMP_103,B2B SaaS Trial,Display,q3_75,0.0,0.0
EVT_592090,2026-07-29 02:27:04,CMP_101,Summer Apparel,OLV,impression,0.0119,0.0
EVT_250705,2026-07-31 09:52:07,CMP_102,Tech Gadgets Launch,CTV,impression,0.0115,0.0
EVT_964202,2026-07-29 21:13:48,CMP_101,Summer Apparel,OLV,impression,0.0127,0.0
EVT_565097,2026-07-29 03:33:21,CMP_102,Tech Gadgets Launch,CTV,impression,0.0123,0.0
EVT_500630,2026-07-29 12:42:59,CMP_103,B2B SaaS Trial,Display,q1_25,0.0,0.0
EVT_436383,2026-07-29 18:42:08,CMP_102,Tech Gadgets Launch,CTV,impression,0.0043,0.0
EVT_773908,2026-07-29 20:34:19,CMP_101,Summer Apparel,OLV,q3_75,0.0,0.0
EVT_703354,2026-07-30 18:01:17,CMP_102,Tech Gadgets Launch,CTV,q2_50,0.0,0.0
EVT_625909,2026-07-30 22:27:46,CMP_101,Summer Apparel,OLV,q2_50,0.0,0.0
EVT_679511,2026-07-29 04:40:27,CMP_102,Tech Gadgets Launch,CTV,impression,0.0028,0.0
EVT_832912,2026-07-30 02:16:05,CMP_103,B2B SaaS Trial,Display,impression,0.0036,0.0
EVT_483028,2026-07-30 02:54:23,CMP_102,Tech Gadgets Launch,CTV,impression,0.0119,0.0
EVT_636798,2026-07-29 20:55:19,CMP_103,B2B SaaS Trial,Display,impression,0.0106,0.0
EVT_406109,2026-07-30 16:05:53,CMP_101,Summer Apparel,OLV,impression,0.0085,0.0
EVT_998758,2026-07-30 23:27:47,CMP_101,Summer Apparel,OLV,impression,0.0117,0.0
EVT_996462,2026-07-30 02:21:47,CMP_101,Summer Apparel,OLV,impression,0.0023,0.0
EVT_239232,2026-07-29 01:25:38,CMP_102,Tech Gadgets Launch,CTV,impression,0.0038,0.0
EVT_928458,2026-07-31 19:17:11,CMP_103,B2B SaaS Trial,Display,impression,0.0108,0.0
EVT_114018,2026-07-30 05:37:56,CMP_103,B2B SaaS Trial,Display,q1_25,0.0,0.0
EVT_383107,2026-07-29 08:25:52,CMP_102,Tech Gadgets Launch,CTV,impression,0.0107,0.0
EVT_533675,2026-07-29 20:55:05,CMP_101,Summer Apparel,OLV,impression,0.0031,0.0
EVT_757980,2026-07-29 11:36:54,CMP_101,Summer Apparel,OLV,click,0.0,0.0
EVT_232356,2026-07-29 12:28:33,CMP_103,B2B SaaS Trial,Display,impression,0.0081,0.0
EVT_319371,2026-07-29 17:50:07,CMP_103,B2B SaaS Trial,Display,q1_25,0.0,0.0
EVT_933034,2026-07-29 08:16:35,CMP_101,Summer Apparel,OLV,impression,0.0085,0.0
EVT_381453,2026-07-29 13:57:49,CMP_101,Summer Apparel,OLV,impression,0.0059,0.0
EVT_685740,2026-07-29 22:43:34,CMP_101,Summer Apparel,OLV,q4_100,0.0,0.0
EVT_282362,2026-07-29 18:51:09,CMP_103,B2B SaaS Trial,Display,click,0.0,0.0
EVT_729937,2026-07-30 18:31:21,CMP_103,B2B SaaS Trial,Display,impression,0.0026,0.0
EVT_158363,2026-07-31 08:49:51,CMP_101,Summer Apparel,OLV,q1_25,0.0,0.0
EVT_227300,2026-07-30 20:44:02,CMP_101,Summer Apparel,OLV,q1_25,0.0,0.0
EVT_673068,2026-07-30 17:30:39,CMP_102,Tech Gadgets Launch,CTV,q1_25,0.0,0.0
EVT_401113,2026-07-30 03:31:28,CMP_101,Summer Apparel,OLV,q1_25,0.0,0.0
EVT_570770,2026-07-30 11:12:44,CMP_103,B2B SaaS Trial,Display,impression,0.0142,0.0
EVT_492295,2026-07-31 03:01:05,CMP_101,Summer Apparel,OLV,q3_75,0.0,0.0
EVT_744522,2026-07-30 19:02:25,CMP_103,B2B SaaS Trial,Display,q2_50,0.0,0.0
EVT_408289,2026-07-29 04:13:49,CMP_103,B2B SaaS Trial,Display,q3_75,0.0,0.0
EVT_443536,2026-07-29 07:51:07,CMP_103,B2B SaaS Trial,Display,impression,0.0146,0.0
EVT_926769,2026-07-29 12:41:51,CMP_101,Summer Apparel,OLV,impression,0.0029,0.0
EVT_435668,2026-07-31 17:18:42,CMP_101,Summer Apparel,OLV,q4_100,0.0,0.0
EVT_464462,2026-07-30 09:42:00,CMP_103,B2B SaaS Trial,Display,q1_25,0.0,0.0
EVT_761164,2026-07-29 08:19:23,CMP_102,Tech Gadgets Launch,CTV,q1_25,0.0,0.0
EVT_300182,2026-07-30 13:13:56,CMP_103,B2B SaaS Trial,Display,q1_25,0.0,0.0
EVT_295601,2026-07-31 05:13:50,CMP_101,Summer Apparel,OLV,q2_50,0.0,0.0
EVT_206522,2026-07-30 10:27:08,CMP_101,Summer Apparel,OLV,q1_25,0.0,0.0
EVT_258691,2026-07-28 22:54:31,CMP_101,Summer Apparel,OLV,q1_25,0.0,0.0
EVT_735989,2026-07-31 19:01:00,CMP_103,B2B SaaS Trial,Display,q2_50,0.0,0.0
EVT_364018,2026-07-29 09:53:30,CMP_103,B2B SaaS Trial,Display,q2_50,0.0,0.0
EVT_677963,2026-07-29 16:12:04,CMP_103,B2B SaaS Trial,Display,q1_25,0.0,0.0
EVT_956554,2026-07-31 04:07:18,CMP_102,Tech Gadgets Launch,CTV,q2_50,0.0,0.0
EVT_300890,2026-07-28 22:04:38,CMP_102,Tech Gadgets Launch,CTV,click,0.0,0.0
EVT_999554,2026-07-31 12:18:15,CMP_101,Summer Apparel,OLV,conversion,0.0,100.2
EVT_382833,2026-07-29 08:21:09,CMP_103,B2B SaaS Trial,Display,q2_50,0.0,0.0
EVT_514384,2026-07-30 22:25:17,CMP_101,Summer Apparel,OLV,impression,0.0031,0.0
EVT_491909,2026-07-30 09:58:22,CMP_101,Summer Apparel,OLV,q1_25,0.0,0.0
EVT_234817,2026-07-31 19:35:03,CMP_103,B2B SaaS Trial,Display,q2_50,0.0,0.0
EVT_972145,2026-07-31 07:40:45,CMP_101,Summer Apparel,OLV,impression,0.0093,0.0
EVT_238080,2026-07-29 06:20:20,CMP_101,Summer Apparel,OLV,q4_100,0.0,0.0
EVT_897571,2026-07-30 04:00:18,CMP_103,B2B SaaS Trial,Display,q1_25,0.0,0.0
EVT_810008,2026-07-29 04:54:45,CMP_101,Summer Apparel,OLV,impression,0.0119,0.0
EVT_216536,2026-07-31 14:13:47,CMP_102,Tech Gadgets Launch,CTV,impression,0.0068,0.0
EVT_547032,2026-07-30 10:08:34,CMP_101,Summer Apparel,OLV,q1_25,0.0,0.0
EVT_310656,2026-07-30 05:34:18,CMP_103,B2B SaaS Trial,Display,impression,0.0037,0.0
EVT_973288,2026-07-31 19:59:00,CMP_102,Tech Gadgets Launch,CTV,q4_100,0.0,0.0
EVT_975863,2026-07-31 17:33:50,CMP_101,Summer Apparel,OLV,impression,0.0079,0.0
EVT_408171,2026-07-28 23:21:06,CMP_101,Summer Apparel,OLV,q2_50,0.0,0.0
EVT_700274,2026-07-31 06:56:52,CMP_101,Summer Apparel,OLV,impression,0.0032,0.0
EVT_588148,2026-07-29 11:22:18,CMP_102,Tech Gadgets Launch,CTV,impression,0.0071,0.0
EVT_616554,2026-07-30 08:05:02,CMP_101,Summer Apparel,OLV,q1_25,0.0,0.0
EVT_633945,2026-07-29 23:51:36,CMP_101,Summer Apparel,OLV,impression,0.002,0.0
EVT_954766,2026-07-28 23:23:59,CMP_103,B2B SaaS Trial,Display,q1_25,0.0,0.0
EVT_218903,2026-07-31 08:40:49,CMP_103,B2B SaaS Trial,Display,impression,0.0084,0.0
EVT_673891,2026-07-29 01:19:11,CMP_103,B2B SaaS Trial,Display,q1_25,0.0,0.0
EVT_506478,2026-07-31 07:47:40,CMP_103,B2B SaaS Trial,Display,impression,0.0053,0.0
EVT_957517,2026-07-31 19:38:32,CMP_102,Tech Gadgets Launch,CTV,impression,0.0042,0.0
EVT_774439,2026-07-31 12:09:14,CMP_101,Summer Apparel,OLV,impression,0.0062,0.0
EVT_212418,2026-07-29 08:57:41,CMP_102,Tech Gadgets Launch,CTV,q2_50,0.0,0.0
EVT_150258,2026-07-29 23:27:59,CMP_102,Tech Gadgets Launch,CTV,q4_100,0.0,0.0
EVT_114016,2026-07-31 17:32:07,CMP_103,B2B SaaS Trial,Display,impression,0.002,0.0
EVT_970421,2026-07-30 14:56:13,CMP_103,B2B SaaS Trial,Display,q3_75,0.0,0.0
EVT_407333,2026-07-30 16:47:06,CMP_102,Tech Gadgets Launch,CTV,impression,0.0147,0.0
EVT_805850,2026-07-31 05:44:00,CMP_103,B2B SaaS Trial,Display,q1_25,0.0,0.0
EVT_979863,2026-07-30 14:31:45,CMP_101,Summer Apparel,OLV,impression,0.0024,0.0
EVT_431913,2026-07-30 14:39:59,CMP_103,B2B SaaS Trial,Display,q3_75,0.0,0.0
EVT_580654,2026-07-28 23:50:09,CMP_103,B2B SaaS Trial,Display,q2_50,0.0,0.0
EVT_892396,2026-07-31 12:18:11,CMP_101,Summer Apparel,OLV,impression,0.0045,0.0
EVT_327565,2026-07-31 15:02:21,CMP_103,B2B SaaS Trial,Display,q2_50,0.0,0.0
EVT_248744,2026-07-30 06:05:47,CMP_103,B2B SaaS Trial,Display,impression,0.0113,0.0
EVT_209461,2026-07-29 19:18:22,CMP_103,B2B SaaS Trial,Display,impression,0.008,0.0
EVT_714655,2026-07-29 00:16:12,CMP_103,B2B SaaS Trial,Display,q2_50,0.0,0.0
EVT_385988,2026-07-29 16:32:04,CMP_102,Tech Gadgets Launch,CTV,click,0.0,0.0
EVT_957521,2026-07-31 15:39:32,CMP_101,Summer Apparel,OLV,impression,0.0055,0.0
EVT_237861,2026-07-31 11:50:26,CMP_102,Tech Gadgets Launch,CTV,impression,0.0055,0.0
EVT_566421,2026-07-29 22:01:06,CMP_101,Summer Apparel,OLV,impression,0.0056,0.0
EVT_164548,2026-07-28 23:46:02,CMP_103,B2B SaaS Trial,Display,impression,0.0144,0.0
EVT_911209,2026-07-29 16:37:25,CMP_103,B2B SaaS Trial,Display,q1_25,0.0,0.0
EVT_775151,2026-07-28 21:23:06,CMP_101,Summer Apparel,OLV,impression,0.0144,0.0
EVT_293267,2026-07-29 20:35:42,CMP_101,Summer Apparel,OLV,q3_75,0.0,0.0
EVT_752986,2026-07-30 01:55:48,CMP_102,Tech Gadgets Launch,CTV,impression,0.0116,0.0
EVT_355376,2026-07-28 21:46:02,CMP_102,Tech Gadgets Launch,CTV,impression,0.0121,0.0
EVT_260029,2026-07-30 11:48:23,CMP_102,Tech Gadgets Launch,CTV,impression,0.0067,0.0
EVT_387102,2026-07-30 07:55:07,CMP_101,Summer Apparel,OLV,impression,0.0046,0.0
EVT_867136,2026-07-30 21:57:28,CMP_102,Tech Gadgets Launch,CTV,q3_75,0.0,0.0
EVT_477673,2026-07-31 17:58:24,CMP_102,Tech Gadgets Launch,CTV,impression,0.0023,0.0
EVT_895785,2026-07-30 16:56:10,CMP_102,Tech Gadgets Launch,CTV,impression,0.008,0.0
EVT_896424,2026-07-31 02:42:22,CMP_101,Summer Apparel,OLV,impression,0.0052,0.0
EVT_119223,2026-07-29 20:07:30,CMP_103,B2B SaaS Trial,Display,q1_25,0.0,0.0
EVT_383282,2026-07-29 17:55:05,CMP_101,Summer Apparel,OLV,impression,0.0076,0.0
EVT_952563,2026-07-29 07:18:59,CMP_102,Tech Gadgets Launch,CTV,q1_25,0.0,0.0
EVT_530582,2026-07-30 01:20:34,CMP_103,B2B SaaS Trial,Display,q2_50,0.0,0.0
EVT_404060,2026-07-29 05:33:01,CMP_102,Tech Gadgets Launch,CTV,q1_25,0.0,0.0
EVT_455544,2026-07-29 03:38:20,CMP_102,Tech Gadgets Launch,CTV,q3_75,0.0,0.0
EVT_348385,2026-07-29 18:59:23,CMP_101,Summer Apparel,OLV,q2_50,0.0,0.0
EVT_390889,2026-07-29 06:12:58,CMP_102,Tech Gadgets Launch,CTV,q1_25,0.0,0.0
EVT_518191,2026-07-30 16:59:11,CMP_103,B2B SaaS Trial,Display,impression,0.003,0.0
EVT_793083,2026-07-29 08:57:15,CMP_103,B2B SaaS Trial,Display,q3_75,0.0,0.0
EVT_245885,2026-07-30 11:49:01,CMP_101,Summer Apparel,OLV,q3_75,0.0,0.0
EVT_988522,2026-07-31 03:25:49,CMP_102,Tech Gadgets Launch,CTV,q1_25,0.0,0.0
EVT_681965,2026-07-29 16:38:13,CMP_102,Tech Gadgets Launch,CTV,impression,0.007,0.0
EVT_662149,2026-07-30 04:48:47,CMP_102,Tech Gadgets Launch,CTV,q2_50,0.0,0.0
EVT_200423,2026-07-31 11:56:17,CMP_103,B2B SaaS Trial,Display,q2_50,0.0,0.0
EVT_187081,2026-07-28 22:54:51,CMP_102,Tech Gadgets Launch,CTV,impression,0.0054,0.0
EVT_737791,2026-07-29 11:45:12,CMP_102,Tech Gadgets Launch,CTV,impression,0.0103,0.0
EVT_414710,2026-07-29 10:39:05,CMP_103,B2B SaaS Trial,Display,q2_50,0.0,0.0
EVT_387180,2026-07-29 15:37:49,CMP_101,Summer Apparel,OLV,q4_100,0.0,0.0
EVT_187753,2026-07-31 09:13:55,CMP_102,Tech Gadgets Launch,CTV,q1_25,0.0,0.0
EVT_101118,2026-07-30 14:37:12,CMP_103,B2B SaaS Trial,Display,q1_25,0.0,0.0
EVT_568788,2026-07-30 12:45:39,CMP_101,Summer Apparel,OLV,impression,0.0031,0.0
EVT_341297,2026-07-29 06:49:45,CMP_102,Tech Gadgets Launch,CTV,impression,0.0038,0.0
EVT_989074,2026-07-31 15:09:33,CMP_101,Summer Apparel,OLV,impression,0.0138,0.0
EVT_550152,2026-07-30 07:42:00,CMP_101,Summer Apparel,OLV,impression,0.003,0.0
EVT_740085,2026-07-30 20:13:30,CMP_102,Tech Gadgets Launch,CTV,impression,0.0115,0.0
EVT_156311,2026-07-30 08:20:12,CMP_101,Summer Apparel,OLV,q1_25,0.0,0.0
EVT_535695,2026-07-29 00:01:43,CMP_102,Tech Gadgets Launch,CTV,impression,0.0071,0.0
EVT_831282,2026-07-28 23:30:35,CMP_103,B2B SaaS Trial,Display,impression,0.0046,0.0
EVT_197538,2026-07-30 06:14:24,CMP_102,Tech Gadgets Launch,CTV,impression,0.0127,0.0
EVT_816243,2026-07-29 01:39:06,CMP_101,Summer Apparel,OLV,impression,0.0028,0.0
EVT_612073,2026-07-31 17:56:10,CMP_103,B2B SaaS Trial,Display,impression,0.0097,0.0
EVT_358749,2026-07-31 17:02:24,CMP_101,Summer Apparel,OLV,q1_25,0.0,0.0
EVT_294074,2026-07-31 19:14:07,CMP_101,Summer Apparel,OLV,q1_25,0.0,0.0
EVT_433867,2026-07-30 06:45:28,CMP_102,Tech Gadgets Launch,CTV,impression,0.0066,0.0
EVT_837613,2026-07-31 06:37:03,CMP_103,B2B SaaS Trial,Display,impression,0.0125,0.0
EVT_345213,2026-07-30 01:31:30,CMP_103,B2B SaaS Trial,Display,impression,0.0055,0.0
EVT_823437,2026-07-31 03:04:02,CMP_103,B2B SaaS Trial,Display,q3_75,0.0,0.0
EVT_824479,2026-07-31 13:27:33,CMP_102,Tech Gadgets Launch,CTV,impression,0.0075,0.0
EVT_634661,2026-07-30 09:38:49,CMP_103,B2B SaaS Trial,Display,q1_25,0.0,0.0
EVT_924932,2026-07-29 19:36:58,CMP_103,B2B SaaS Trial,Display,q1_25,0.0,0.0
EVT_208774,2026-07-29 07:26:14,CMP_101,Summer Apparel,OLV,click,0.0,0.0
EVT_375830,2026-07-29 11:12:28,CMP_102,Tech Gadgets Launch,CTV,impression,0.0057,0.0
EVT_214915,2026-07-29 09:15:16,CMP_102,Tech Gadgets Launch,CTV,conversion,0.0,70.71
EVT_394640,2026-07-31 12:35:48,CMP_103,B2B SaaS Trial,Display,impression,0.0124,0.0
EVT_912795,2026-07-29 00:07:14,CMP_101,Summer Apparel,OLV,q2_50,0.0,0.0
EVT_350142,2026-07-30 07:45:20,CMP_101,Summer Apparel,OLV,impression,0.003,0.0
EVT_207933,2026-07-29 03:42:37,CMP_101,Summer Apparel,OLV,q2_50,0.0,0.0
EVT_140852,2026-07-30 22:19:28,CMP_101,Summer Apparel,OLV,q2_50,0.0,0.0
EVT_401321,2026-07-29 07:12:47,CMP_103,B2B SaaS Trial,Display,q2_50,0.0,0.0
EVT_451351,2026-07-31 18:43:23,CMP_101,Summer Apparel,OLV,impression,0.008,0.0
EVT_788076,2026-07-29 15:02:52,CMP_101,Summer Apparel,OLV,impression,0.0031,0.0
EVT_371819,2026-07-30 12:24:00,CMP_103,B2B SaaS Trial,Display,impression,0.0064,0.0
EVT_547331,2026-07-31 05:32:46,CMP_102,Tech Gadgets Launch,CTV,q3_75,0.0,0.0
EVT_389938,2026-07-31 13:47:57,CMP_103,B2B SaaS Trial,Display,q2_50,0.0,0.0
EVT_486156,2026-07-28 23:18:58,CMP_103,B2B SaaS Trial,Display,impression,0.0071,0.0
EVT_410592,2026-07-30 22:26:55,CMP_103,B2B SaaS Trial,Display,q4_100,0.0,0.0
EVT_658214,2026-07-30 21:53:56,CMP_102,Tech Gadgets Launch,CTV,impression,0.0131,0.0
EVT_131936,2026-07-30 06:57:23,CMP_102,Tech Gadgets Launch,CTV,impression,0.0079,0.0
EVT_800702,2026-07-29 15:23:05,CMP_103,B2B SaaS Trial,Display,q3_75,0.0,0.0
EVT_226377,2026-07-30 20:51:06,CMP_103,B2B SaaS Trial,Display,click,0.0,0.0
EVT_311755,2026-07-29 01:30:55,CMP_101,Summer Apparel,OLV,q1_25,0.0,0.0
EVT_249122,2026-07-30 15:37:21,CMP_103,B2B SaaS Trial,Display,impression,0.0062,0.0
EVT_248250,2026-07-29 11:22:35,CMP_103,B2B SaaS Trial,Display,q2_50,0.0,0.0
EVT_177668,2026-07-29 16:24:55,CMP_101,Summer Apparel,OLV,q2_50,0.0,0.0
EVT_494417,2026-07-31 17:14:36,CMP_102,Tech Gadgets Launch,CTV,q1_25,0.0,0.0
EVT_281617,2026-07-29 12:27:45,CMP_103,B2B SaaS Trial,Display,impression,0.0088,0.0
EVT_773616,2026-07-31 08:06:08,CMP_102,Tech Gadgets Launch,CTV,impression,0.0093,0.0
EVT_484971,2026-07-29 08:30:46,CMP_103,B2B SaaS Trial,Display,q4_100,0.0,0.0
EVT_122068,2026-07-30 10:30:40,CMP_103,B2B SaaS Trial,Display,impression,0.0087,0.0
EVT_304226,2026-07-30 03:01:27,CMP_101,Summer Apparel,OLV,impression,0.0109,0.0
EVT_981588,2026-07-31 09:05:27,CMP_101,Summer Apparel,OLV,impression,0.0116,0.0
EVT_161983,2026-07-31 15:00:31,CMP_102,Tech Gadgets Launch,CTV,q2_50,0.0,0.0
EVT_499863,2026-07-29 06:22:10,CMP_103,B2B SaaS Trial,Display,q1_25,0.0,0.0
EVT_949757,2026-07-29 16:25:58,CMP_102,Tech Gadgets Launch,CTV,impression,0.015,0.0
EVT_374087,2026-07-30 01:54:54,CMP_101,Summer Apparel,OLV,q1_25,0.0,0.0
EVT_453617,2026-07-29 19:04:25,CMP_101,Summer Apparel,OLV,q4_100,0.0,0.0
EVT_483530,2026-07-29 08:02:15,CMP_103,B2B SaaS Trial,Display,impression,0.0103,0.0
EVT_466060,2026-07-30 10:49:59,CMP_102,Tech Gadgets Launch,CTV,impression,0.0056,0.0
EVT_615800,2026-07-30 02:53:28,CMP_103,B2B SaaS Trial,Display,q1_25,0.0,0.0
EVT_750922,2026-07-30 17:05:55,CMP_103,B2B SaaS Trial,Display,impression,0.0021,0.0
EVT_238148,2026-07-29 05:30:34,CMP_102,Tech Gadgets Launch,CTV,impression,0.0088,0.0
EVT_122019,2026-07-31 10:47:43,CMP_101,Summer Apparel,OLV,impression,0.0122,0.0
EVT_495492,2026-07-30 03:46:26,CMP_103,B2B SaaS Trial,Display,impression,0.0105,0.0
EVT_615457,2026-07-29 20:23:03,CMP_103,B2B SaaS Trial,Display,impression,0.0054,0.0
EVT_340009,2026-07-31 03:13:28,CMP_103,B2B SaaS Trial,Display,impression,0.0099,0.0
EVT_650759,2026-07-30 09:59:59,CMP_103,B2B SaaS Trial,Display,impression,0.0051,0.0
EVT_505917,2026-07-29 13:18:07,CMP_103,B2B SaaS Trial,Display,impression,0.0059,0.0
EVT_635241,2026-07-31 14:10:48,CMP_102,Tech Gadgets Launch,CTV,q1_25,0.0,0.0
EVT_173541,2026-07-29 01:11:05,CMP_103,B2B SaaS Trial,Display,impression,0.0094,0.0
EVT_508623,2026-07-31 07:18:38,CMP_102,Tech Gadgets Launch,CTV,impression,0.0076,0.0
EVT_832527,2026-07-30 14:02:43,CMP_102,Tech Gadgets Launch,CTV,impression,0.0056,0.0
EVT_126053,2026-07-31 01:50:12,CMP_102,Tech Gadgets Launch,CTV,impression,0.0059,0.0
EVT_572421,2026-07-31 00:36:23,CMP_101,Summer Apparel,OLV,impression,0.0116,0.0
EVT_618419,2026-07-29 09:32:55,CMP_102,Tech Gadgets Launch,CTV,q3_75,0.0,0.0
EVT_520803,2026-07-31 06:07:24,CMP_102,Tech Gadgets Launch,CTV,q1_25,0.0,0.0
EVT_848514,2026-07-31 07:40:21,CMP_102,Tech Gadgets Launch,CTV,q2_50,0.0,0.0
EVT_634655,2026-07-31 04:46:58,CMP_103,B2B SaaS Trial,Display,q2_50,0.0,0.0
EVT_504825,2026-07-31 02:04:42,CMP_101,Summer Apparel,OLV,impression,0.011,0.0
EVT_483409,2026-07-31 03:38:11,CMP_101,Summer Apparel,OLV,q1_25,0.0,0.0
EVT_788530,2026-07-31 03:45:23,CMP_103,B2B SaaS Trial,Display,impression,0.0091,0.0
EVT_384871,2026-07-31 03:48:42,CMP_101,Summer Apparel,OLV,impression,0.0044,0.0
EVT_146651,2026-07-29 02:41:42,CMP_103,B2B SaaS Trial,Display,impression,0.0028,0.0
EVT_830235,2026-07-31 16:37:28,CMP_102,Tech Gadgets Launch,CTV,impression,0.0073,0.0
EVT_751121,2026-07-30 21:42:45,CMP_103,B2B SaaS Trial,Display,impression,0.011,0.0
EVT_333338,2026-07-30 22:35:10,CMP_101,Summer Apparel,OLV,impression,0.0071,0.0
EVT_448763,2026-07-31 08:17:36,CMP_103,B2B SaaS Trial,Display,impression,0.0076,0.0
EVT_860274,2026-07-29 03:42:49,CMP_103,B2B SaaS Trial,Display,impression,0.0027,0.0
EVT_415540,2026-07-30 05:01:18,CMP_102,Tech Gadgets Launch,CTV,q1_25,0.0,0.0
EVT_321568,2026-07-29 03:36:45,CMP_103,B2B SaaS Trial,Display,impression,0.0104,0.0
EVT_142129,2026-07-31 13:12:50,CMP_101,Summer Apparel,OLV,q2_50,0.0,0.0
EVT_851319,2026-07-29 07:02:43,CMP_103,B2B SaaS Trial,Display,impression,0.0025,0.0
EVT_817677,2026-07-28 22:32:22,CMP_101,Summer Apparel,OLV,impression,0.0058,0.0
EVT_262752,2026-07-31 07:38:21,CMP_101,Summer Apparel,OLV,q2_50,0.0,0.0
EVT_536713,2026-07-30 08:45:56,CMP_102,Tech Gadgets Launch,CTV,impression,0.0024,0.0
EVT_365443,2026-07-30 18:53:58,CMP_101,Summer Apparel,OLV,impression,0.0052,0.0
EVT_222541,2026-07-31 09:31:07,CMP_102,Tech Gadgets Launch,CTV,impression,0.015,0.0
EVT_890576,2026-07-29 23:44:51,CMP_101,Summer Apparel,OLV,impression,0.0032,0.0
EVT_522648,2026-07-28 23:46:38,CMP_102,Tech Gadgets Launch,CTV,impression,0.0095,0.0
EVT_230714,2026-07-30 01:49:05,CMP_103,B2B SaaS Trial,Display,impression,0.0132,0.0
EVT_202538,2026-07-30 19:51:51,CMP_102,Tech Gadgets Launch,CTV,impression,0.0105,0.0
EVT_222130,2026-07-31 17:59:32,CMP_102,Tech Gadgets Launch,CTV,impression,0.0123,0.0
EVT_726235,2026-07-29 05:56:09,CMP_103,B2B SaaS Trial,Display,q1_25,0.0,0.0
EVT_599768,2026-07-30 22:56:15,CMP_101,Summer Apparel,OLV,q2_50,0.0,0.0
EVT_363477,2026-07-28 21:12:05,CMP_101,Summer Apparel,OLV,impression,0.0079,0.0
EVT_646875,2026-07-29 11:45:30,CMP_101,Summer Apparel,OLV,impression,0.0128,0.0
EVT_808315,2026-07-29 07:03:52,CMP_101,Summer Apparel,OLV,q3_75,0.0,0.0
EVT_542606,2026-07-31 02:11:42,CMP_101,Summer Apparel,OLV,q2_50,0.0,0.0
EVT_742601,2026-07-29 20:20:46,CMP_102,Tech Gadgets Launch,CTV,impression,0.0067,0.0
EVT_621386,2026-07-30 14:42:32,CMP_103,B2B SaaS Trial,Display,impression,0.0138,0.0
EVT_896165,2026-07-31 04:43:43,CMP_101,Summer Apparel,OLV,q2_50,0.0,0.0
EVT_625802,2026-07-29 23:05:24,CMP_101,Summer Apparel,OLV,impression,0.0073,0.0
EVT_600795,2026-07-31 18:55:43,CMP_102,Tech Gadgets Launch,CTV,q2_50,0.0,0.0
EVT_605102,2026-07-30 10:45:41,CMP_101,Summer Apparel,OLV,q1_25,0.0,0.0
EVT_157878,2026-07-30 02:13:53,CMP_102,Tech Gadgets Launch,CTV,q2_50,0.0,0.0
EVT_420704,2026-07-29 11:08:47,CMP_103,B2B SaaS Trial,Display,impression,0.0108,0.0
EVT_222160,2026-07-31 00:30:29,CMP_103,B2B SaaS Trial,Display,q4_100,0.0,0.0
EVT_551928,2026-07-30 20:05:37,CMP_101,Summer Apparel,OLV,q1_25,0.0,0.0
EVT_859886,2026-07-30 21:53:28,CMP_103,B2B SaaS Trial,Display,q2_50,0.0,0.0
EVT_271737,2026-07-29 01:04:10,CMP_101,Summer Apparel,OLV,impression,0.0123,0.0
EVT_788141,2026-07-31 19:47:15,CMP_101,Summer Apparel,OLV,impression,0.0127,0.0
EVT_735770,2026-07-29 09:10:25,CMP_102,Tech Gadgets Launch,CTV,impression,0.0112,0.0
EVT_176774,2026-07-29 22:24:20,CMP_103,B2B SaaS Trial,Display,impression,0.0022,0.0
EVT_530567,2026-07-31 09:41:32,CMP_102,Tech Gadgets Launch,CTV,q1_25,0.0,0.0
EVT_429356,2026-07-31 19:47:19,CMP_101,Summer Apparel,OLV,q1_25,0.0,0.0
EVT_325248,2026-07-31 09:09:17,CMP_102,Tech Gadgets Launch,CTV,impression,0.0044,0.0
EVT_801817,2026-07-31 15:19:28,CMP_102,Tech Gadgets Launch,CTV,q1_25,0.0,0.0
EVT_892237,2026-07-29 15:32:33,CMP_103,B2B SaaS Trial,Display,impression,0.0073,0.0
EVT_365558,2026-07-29 20:17:15,CMP_101,Summer Apparel,OLV,q3_75,0.0,0.0
EVT_928587,2026-07-31 20:29:23,CMP_101,Summer Apparel,OLV,impression,0.0068,0.0
EVT_410243,2026-07-30 13:56:31,CMP_103,B2B SaaS Trial,Display,impression,0.0132,0.0
EVT_242217,2026-07-30 01:46:19,CMP_101,Summer Apparel,OLV,impression,0.0021,0.0
EVT_807238,2026-07-28 23:45:49,CMP_102,Tech Gadgets Launch,CTV,q2_50,0.0,0.0
EVT_351359,2026-07-31 01:21:54,CMP_102,Tech Gadgets Launch,CTV,impression,0.0037,0.0
EVT_203588,2026-07-28 22:17:02,CMP_101,Summer Apparel,OLV,impression,0.0097,0.0
EVT_483848,2026-07-30 01:22:47,CMP_101,Summer Apparel,OLV,impression,0.0065,0.0
EVT_698985,2026-07-31 03:13:57,CMP_103,B2B SaaS Trial,Display,impression,0.0025,0.0
EVT_899308,2026-07-31 14:10:15,CMP_102,Tech Gadgets Launch,CTV,impression,0.0096,0.0
EVT_106750,2026-07-29 14:45:51,CMP_102,Tech Gadgets Launch,CTV,q2_50,0.0,0.0
EVT_779979,2026-07-30 19:32:23,CMP_102,Tech Gadgets Launch,CTV,q1_25,0.0,0.0
EVT_350075,2026-07-31 07:08:54,CMP_103,B2B SaaS Trial,Display,impression,0.0056,0.0
EVT_328556,2026-07-29 10:55:32,CMP_101,Summer Apparel,OLV,q1_25,0.0,0.0
EVT_112602,2026-07-30 22:21:39,CMP_101,Summer Apparel,OLV,impression,0.0138,0.0
EVT_764503,2026-07-29 18:12:18,CMP_103,B2B SaaS Trial,Display,impression,0.0103,0.0
EVT_707563,2026-07-29 21:23:39,CMP_103,B2B SaaS Trial,Display,impression,0.0139,0.0
EVT_721975,2026-07-30 04:57:24,CMP_103,B2B SaaS Trial,Display,q1_25,0.0,0.0
EVT_423476,2026-07-31 17:51:25,CMP_102,Tech Gadgets Launch,CTV,q1_25,0.0,0.0
EVT_544577,2026-07-28 21:11:49,CMP_102,Tech Gadgets Launch,CTV,impression,0.0137,0.0
EVT_525595,2026-07-29 04:22:45,CMP_103,B2B SaaS Trial,Display,impression,0.0051,0.0
EVT_297913,2026-07-30 21:54:26,CMP_103,B2B SaaS Trial,Display,impression,0.0136,0.0
EVT_983000,2026-07-30 02:40:15,CMP_101,Summer Apparel,OLV,q1_25,0.0,0.0
EVT_173522,2026-07-31 09:21:19,CMP_103,B2B SaaS Trial,Display,impression,0.0119,0.0
EVT_706439,2026-07-31 18:16:24,CMP_101,Summer Apparel,OLV,impression,0.0106,0.0
EVT_537008,2026-07-29 03:42:36,CMP_103,B2B SaaS Trial,Display,q1_25,0.0,0.0
EVT_196572,2026-07-29 18:00:33,CMP_103,B2B SaaS Trial,Display,q2_50,0.0,0.0
EVT_726209,2026-07-30 16:57:54,CMP_102,Tech Gadgets Launch,CTV,q4_100,0.0,0.0
EVT_225441,2026-07-28 23:57:25,CMP_101,Summer Apparel,OLV,impression,0.0138,0.0
EVT_113531,2026-07-30 05:23:38,CMP_103,B2B SaaS Trial,Display,impression,0.0048,0.0
EVT_973369,2026-07-30 17:40:16,CMP_101,Summer Apparel,OLV,impression,0.0127,0.0
EVT_886411,2026-07-30 10:48:23,CMP_101,Summer Apparel,OLV,impression,0.0071,0.0
EVT_845845,2026-07-31 07:10:08,CMP_102,Tech Gadgets Launch,CTV,q1_25,0.0,0.0
EVT_206573,2026-07-29 23:22:06,CMP_103,B2B SaaS Trial,Display,impression,0.0119,0.0
EVT_881101,2026-07-31 17:24:02,CMP_102,Tech Gadgets Launch,CTV,impression,0.0028,0.0
EVT_587725,2026-07-31 06:30:17,CMP_101,Summer Apparel,OLV,q1_25,0.0,0.0
EVT_779091,2026-07-30 08:06:24,CMP_102,Tech Gadgets Launch,CTV,impression,0.0038,0.0
EVT_249080,2026-07-30 18:21:41,CMP_103,B2B SaaS Trial,Display,impression,0.0031,0.0
EVT_700138,2026-07-29 09:28:55,CMP_101,Summer Apparel,OLV,q2_50,0.0,0.0
EVT_715781,2026-07-30 13:57:37,CMP_102,Tech Gadgets Launch,CTV,impression,0.002,0.0
EVT_679904,2026-07-30 02:31:33,CMP_102,Tech Gadgets Launch,CTV,impression,0.0093,0.0
EVT_763915,2026-07-30 00:54:02,CMP_102,Tech Gadgets Launch,CTV,impression,0.0133,0.0
EVT_283512,2026-07-30 05:23:52,CMP_101,Summer Apparel,OLV,q1_25,0.0,0.0
EVT_194189,2026-07-31 08:34:52,CMP_102,Tech Gadgets Launch,CTV,q2_50,0.0,0.0
EVT_373248,2026-07-29 21:04:39,CMP_102,Tech Gadgets Launch,CTV,impression,0.0024,0.0
EVT_387351,2026-07-30 13:41:30,CMP_101,Summer Apparel,OLV,q1_25,0.0,0.0
EVT_432053,2026-07-29 17:30:29,CMP_102,Tech Gadgets Launch,CTV,impression,0.0034,0.0
EVT_837604,2026-07-30 23:23:37,CMP_101,Summer Apparel,OLV,impression,0.0078,0.0
EVT_759416,2026-07-29 11:15:11,CMP_103,B2B SaaS Trial,Display,impression,0.013,0.0
EVT_956292,2026-07-31 15:03:01,CMP_101,Summer Apparel,OLV,impression,0.0111,0.0
EVT_950178,2026-07-29 12:56:03,CMP_102,Tech Gadgets Launch,CTV,impression,0.0102,0.0
EVT_273980,2026-07-30 10:05:42,CMP_103,B2B SaaS Trial,Display,q1_25,0.0,0.0
EVT_390663,2026-07-29 07:59:08,CMP_103,B2B SaaS Trial,Display,q3_75,0.0,0.0
EVT_185630,2026-07-29 19:15:16,CMP_102,Tech Gadgets Launch,CTV,q1_25,0.0,0.0
EVT_737345,2026-07-29 14:50:25,CMP_103,B2B SaaS Trial,Display,q3_75,0.0,0.0
EVT_156063,2026-07-30 04:57:14,CMP_103,B2B SaaS Trial,Display,impression,0.0099,0.0
EVT_159275,2026-07-30 03:11:35,CMP_102,Tech Gadgets Launch,CTV,q3_75,0.0,0.0
EVT_749356,2026-07-31 02:55:27,CMP_103,B2B SaaS Trial,Display,q2_50,0.0,0.0
EVT_333722,2026-07-30 23:53:41,CMP_101,Summer Apparel,OLV,q3_75,0.0,0.0
EVT_115256,2026-07-29 09:50:27,CMP_101,Summer Apparel,OLV,impression,0.0073,0.0
EVT_318994,2026-07-29 05:05:05,CMP_101,Summer Apparel,OLV,impression,0.0141,0.0
EVT_759885,2026-07-30 18:42:14,CMP_103,B2B SaaS Trial,Display,impression,0.0123,0.0
EVT_862602,2026-07-31 13:53:33,CMP_103,B2B SaaS Trial,Display,impression,0.0124,0.0
EVT_396107,2026-07-31 17:01:08,CMP_102,Tech Gadgets Launch,CTV,impression,0.0032,0.0
EVT_932370,2026-07-29 18:51:17,CMP_101,Summer Apparel,OLV,impression,0.0034,0.0
EVT_461426,2026-07-29 19:00:57,CMP_103,B2B SaaS Trial,Display,impression,0.0096,0.0
EVT_672796,2026-07-30 01:42:27,CMP_103,B2B SaaS Trial,Display,q1_25,0.0,0.0
EVT_438540,2026-07-30 23:00:54,CMP_103,B2B SaaS Trial,Display,impression,0.0148,0.0
EVT_401143,2026-07-31 07:04:38,CMP_101,Summer Apparel,OLV,q3_75,0.0,0.0
EVT_987818,2026-07-31 02:36:51,CMP_102,Tech Gadgets Launch,CTV,impression,0.0068,0.0
EVT_855163,2026-07-29 20:24:52,CMP_101,Summer Apparel,OLV,impression,0.0061,0.0
EVT_177533,2026-07-31 11:31:12,CMP_103,B2B SaaS Trial,Display,q2_50,0.0,0.0
EVT_974364,2026-07-30 05:15:17,CMP_103,B2B SaaS Trial,Display,q3_75,0.0,0.0
EVT_812383,2026-07-30 09:40:44,CMP_103,B2B SaaS Trial,Display,q1_25,0.0,0.0
EVT_885232,2026-07-29 00:37:50,CMP_103,B2B SaaS Trial,Display,q2_50,0.0,0.0
EVT_721400,2026-07-31 16:19:53,CMP_102,Tech Gadgets Launch,CTV,q1_25,0.0,0.0
EVT_540428,2026-07-31 15:38:03,CMP_103,B2B SaaS Trial,Display,impression,0.0075,0.0
EVT_620033,2026-07-28 22:28:51,CMP_102,Tech Gadgets Launch,CTV,impression,0.0056,0.0
EVT_716019,2026-07-31 04:51:01,CMP_103,B2B SaaS Trial,Display,q1_25,0.0,0.0
EVT_480490,2026-07-29 06:05:04,CMP_103,B2B SaaS Trial,Display,q4_100,0.0,0.0
EVT_887777,2026-07-31 11:19:43,CMP_103,B2B SaaS Trial,Display,q1_25,0.0,0.0
EVT_160516,2026-07-29 05:55:58,CMP_102,Tech Gadgets Launch,CTV,impression,0.0025,0.0
EVT_200358,2026-07-30 11:41:30,CMP_101,Summer Apparel,OLV,impression,0.0075,0.0
EVT_334333,2026-07-31 19:52:58,CMP_101,Summer Apparel,OLV,q1_25,0.0,0.0
EVT_732094,2026-07-30 12:44:30,CMP_103,B2B SaaS Trial,Display,click,0.0,0.0
EVT_524003,2026-07-29 16:57:03,CMP_103,B2B SaaS Trial,Display,q1_25,0.0,0.0
EVT_603093,2026-07-29 23:15:30,CMP_101,Summer Apparel,OLV,impression,0.0111,0.0
EVT_427066,2026-07-31 14:07:35,CMP_102,Tech Gadgets Launch,CTV,q1_25,0.0,0.0
EVT_426870,2026-07-29 10:31:10,CMP_101,Summer Apparel,OLV,impression,0.0071,0.0
EVT_280627,2026-07-30 05:21:38,CMP_101,Summer Apparel,OLV,impression,0.0137,0.0
EVT_881412,2026-07-31 17:59:31,CMP_103,B2B SaaS Trial,Display,q3_75,0.0,0.0
EVT_911552,2026-07-30 23:21:17,CMP_101,Summer Apparel,OLV,conversion,0.0,89.55
EVT_749922,2026-07-31 13:46:23,CMP_102,Tech Gadgets Launch,CTV,q1_25,0.0,0.0
EVT_927701,2026-07-29 17:00:22,CMP_102,Tech Gadgets Launch,CTV,impression,0.0051,0.0
EVT_225803,2026-07-31 14:22:42,CMP_103,B2B SaaS Trial,Display,impression,0.0121,0.0
EVT_515843,2026-07-30 17:24:48,CMP_103,B2B SaaS Trial,Display,q1_25,0.0,0.0
EVT_734044,2026-07-30 14:43:24,CMP_102,Tech Gadgets Launch,CTV,impression,0.0055,0.0
EVT_160512,2026-07-29 01:33:59,CMP_102,Tech Gadgets Launch,CTV,q2_50,0.0,0.0
EVT_872185,2026-07-29 03:08:05,CMP_101,Summer Apparel,OLV,impression,0.0021,0.0
EVT_530196,2026-07-30 14:01:09,CMP_102,Tech Gadgets Launch,CTV,q1_25,0.0,0.0
EVT_844828,2026-07-31 19:18:52,CMP_103,B2B SaaS Trial,Display,impression,0.0037,0.0
EVT_485004,2026-07-30 14:59:15,CMP_102,Tech Gadgets Launch,CTV,impression,0.0035,0.0
EVT_239746,2026-07-29 06:09:08,CMP_102,Tech Gadgets Launch,CTV,q1_25,0.0,0.0
EVT_159591,2026-07-30 15:11:38,CMP_101,Summer Apparel,OLV,q1_25,0.0,0.0
EVT_387455,2026-07-30 05:30:18,CMP_102,Tech Gadgets Launch,CTV,q1_25,0.0,0.0
EVT_473560,2026-07-29 20:48:57,CMP_102,Tech Gadgets Launch,CTV,q1_25,0.0,0.0
EVT_917271,2026-07-29 02:42:14,CMP_103,B2B SaaS Trial,Display,q1_25,0.0,0.0
EVT_862143,2026-07-31 00:08:46,CMP_102,Tech Gadgets Launch,CTV,q2_50,0.0,0.0
EVT_997149,2026-07-31 13:07:01,CMP_102,Tech Gadgets Launch,CTV,q1_25,0.0,0.0
EVT_427307,2026-07-30 02:22:46,CMP_102,Tech Gadgets Launch,CTV,conversion,0.0,82.15
EVT_454304,2026-07-31 02:45:15,CMP_101,Summer Apparel,OLV,impression,0.0138,0.0
EVT_632900,2026-07-29 05:52:04,CMP_103,B2B SaaS Trial,Display,impression,0.003,0.0
EVT_995984,2026-07-30 17:45:41,CMP_103,B2B SaaS Trial,Display,q4_100,0.0,0.0
EVT_398817,2026-07-29 15:06:55,CMP_103,B2B SaaS Trial,Display,impression,0.0051,0.0
EVT_757196,2026-07-30 14:14:54,CMP_101,Summer Apparel,OLV,impression,0.0028,0.0
EVT_993979,2026-07-29 22:51:52,CMP_101,Summer Apparel,OLV,q1_25,0.0,0.0
EVT_101738,2026-07-30 18:25:10,CMP_103,B2B SaaS Trial,Display,q2_50,0.0,0.0
EVT_606785,2026-07-29 08:50:20,CMP_101,Summer Apparel,OLV,impression,0.0131,0.0
EVT_684685,2026-07-30 11:00:11,CMP_101,Summer Apparel,OLV,impression,0.006,0.0
EVT_796462,2026-07-30 13:01:02,CMP_101,Summer Apparel,OLV,q1_25,0.0,0.0
EVT_826384,2026-07-29 17:18:06,CMP_102,Tech Gadgets Launch,CTV,impression,0.0063,0.0
EVT_212975,2026-07-31 04:25:28,CMP_103,B2B SaaS Trial,Display,click,0.0,0.0
EVT_455134,2026-07-29 12:53:22,CMP_103,B2B SaaS Trial,Display,q1_25,0.0,0.0
EVT_532013,2026-07-29 17:04:38,CMP_101,Summer Apparel,OLV,impression,0.0032,0.0
EVT_688675,2026-07-30 02:41:27,CMP_103,B2B SaaS Trial,Display,impression,0.007,0.0
EVT_569065,2026-07-29 08:21:40,CMP_101,Summer Apparel,OLV,impression,0.0023,0.0
EVT_877688,2026-07-29 09:49:58,CMP_103,B2B SaaS Trial,Display,q1_25,0.0,0.0
EVT_729209,2026-07-29 17:18:22,CMP_101,Summer Apparel,OLV,impression,0.0097,0.0
EVT_699616,2026-07-31 14:45:24,CMP_101,Summer Apparel,OLV,conversion,0.0,102.22
EVT_157939,2026-07-31 19:12:06,CMP_103,B2B SaaS Trial,Display,q2_50,0.0,0.0
EVT_234880,2026-07-30 06:06:18,CMP_103,B2B SaaS Trial,Display,q3_75,0.0,0.0
EVT_664713,2026-07-29 14:59:11,CMP_103,B2B SaaS Trial,Display,impression,0.0121,0.0
EVT_929810,2026-07-29 01:08:27,CMP_102,Tech Gadgets Launch,CTV,impression,0.0027,0.0
EVT_921082,2026-07-31 19:08:26,CMP_103,B2B SaaS Trial,Display,q1_25,0.0,0.0
EVT_548534,2026-07-31 00:02:13,CMP_103,B2B SaaS Trial,Display,q2_50,0.0,0.0
EVT_282524,2026-07-31 09:53:06,CMP_101,Summer Apparel,OLV,impression,0.0053,0.0
EVT_961727,2026-07-30 11:14:03,CMP_103,B2B SaaS Trial,Display,impression,0.008,0.0
EVT_649190,2026-07-30 07:54:35,CMP_102,Tech Gadgets Launch,CTV,impression,0.0122,0.0
EVT_667734,2026-07-31 06:09:29,CMP_101,Summer Apparel,OLV,q2_50,0.0,0.0
EVT_964698,2026-07-30 23:27:26,CMP_102,Tech Gadgets Launch,CTV,q1_25,0.0,0.0
EVT_144717,2026-07-31 15:42:03,CMP_101,Summer Apparel,OLV,impression,0.0117,0.0
EVT_643925,2026-07-30 03:10:53,CMP_102,Tech Gadgets Launch,CTV,impression,0.0119,0.0
EVT_450122,2026-07-31 19:28:59,CMP_102,Tech Gadgets Launch,CTV,impression,0.0144,0.0
EVT_245819,2026-07-30 16:45:45,CMP_102,Tech Gadgets Launch,CTV,impression,0.0023,0.0
EVT_459872,2026-07-29 12:10:09,CMP_103,B2B SaaS Trial,Display,q4_100,0.0,0.0
EVT_978074,2026-07-28 22:44:40,CMP_103,B2B SaaS Trial,Display,impression,0.0099,0.0
EVT_309719,2026-07-30 20:01:54,CMP_101,Summer Apparel,OLV,q1_25,0.0,0.0
EVT_325049,2026-07-29 20:19:09,CMP_103,B2B SaaS Trial,Display,impression,0.0036,0.0
EVT_571000,2026-07-30 20:26:45,CMP_103,B2B SaaS Trial,Display,q2_50,0.0,0.0
EVT_637261,2026-07-30 19:16:41,CMP_103,B2B SaaS Trial,Display,q1_25,0.0,0.0
EVT_686832,2026-07-29 21:38:23,CMP_102,Tech Gadgets Launch,CTV,impression,0.0123,0.0
EVT_533672,2026-07-30 09:10:13,CMP_103,B2B SaaS Trial,Display,q2_50,0.0,0.0
EVT_430122,2026-07-29 20:06:38,CMP_103,B2B SaaS Trial,Display,q1_25,0.0,0.0
EVT_779990,2026-07-29 14:15:03,CMP_103,B2B SaaS Trial,Display,impression,0.0119,0.0
EVT_678361,2026-07-29 09:06:49,CMP_102,Tech Gadgets Launch,CTV,q1_25,0.0,0.0
EVT_484221,2026-07-28 23:19:36,CMP_101,Summer Apparel,OLV,impression,0.0044,0.0
EVT_795534,2026-07-31 07:20:55,CMP_103,B2B SaaS Trial,Display,q2_50,0.0,0.0
EVT_462235,2026-07-31 19:20:23,CMP_103,B2B SaaS Trial,Display,q2_50,0.0,0.0
EVT_733889,2026-07-31 20:17:55,CMP_102,Tech Gadgets Launch,CTV,impression,0.0081,0.0
EVT_249386,2026-07-31 02:45:33,CMP_103,B2B SaaS Trial,Display,q2_50,0.0,0.0
EVT_350727,2026-07-29 23:52:54,CMP_103,B2B SaaS Trial,Display,impression,0.0148,0.0
EVT_614075,2026-07-30 02:40:57,CMP_102,Tech Gadgets Launch,CTV,q1_25,0.0,0.0
EVT_503415,2026-07-31 06:24:13,CMP_101,Summer Apparel,OLV,impression,0.0123,0.0
EVT_342151,2026-07-30 13:08:23,CMP_103,B2B SaaS Trial,Display,impression,0.0078,0.0
EVT_106807,2026-07-30 02:47:47,CMP_101,Summer Apparel,OLV,impression,0.0023,0.0
EVT_615030,2026-07-30 18:29:40,CMP_102,Tech Gadgets Launch,CTV,impression,0.0132,0.0
EVT_877231,2026-07-30 09:03:30,CMP_102,Tech Gadgets Launch,CTV,q4_100,0.0,0.0
EVT_116610,2026-07-31 05:24:23,CMP_102,Tech Gadgets Launch,CTV,impression,0.0021,0.0
EVT_863723,2026-07-29 08:40:54,CMP_102,Tech Gadgets Launch,CTV,impression,0.0047,0.0
EVT_317843,2026-07-31 08:32:29,CMP_102,Tech Gadgets Launch,CTV,impression,0.0122,0.0
EVT_910425,2026-07-29 15:35:51,CMP_101,Summer Apparel,OLV,q1_25,0.0,0.0
EVT_445601,2026-07-31 04:27:21,CMP_103,B2B SaaS Trial,Display,click,0.0,0.0
EVT_956923,2026-07-31 03:02:17,CMP_101,Summer Apparel,OLV,impression,0.0078,0.0
EVT_180859,2026-07-31 20:03:08,CMP_103,B2B SaaS Trial,Display,impression,0.0138,0.0
EVT_815335,2026-07-31 09:47:22,CMP_103,B2B SaaS Trial,Display,impression,0.0079,0.0
EVT_670993,2026-07-29 15:45:30,CMP_101,Summer Apparel,OLV,impression,0.007,0.0
EVT_414915,2026-07-31 14:15:41,CMP_101,Summer Apparel,OLV,click,0.0,0.0
EVT_493244,2026-07-31 01:02:11,CMP_102,Tech Gadgets Launch,CTV,q1_25,0.0,0.0
EVT_835730,2026-07-29 21:20:11,CMP_103,B2B SaaS Trial,Display,impression,0.0078,0.0
EVT_253788,2026-07-30 12:53:22,CMP_103,B2B SaaS Trial,Display,q2_50,0.0,0.0
EVT_995956,2026-07-30 08:22:26,CMP_102,Tech Gadgets Launch,CTV,impression,0.0058,0.0
EVT_984152,2026-07-30 19:15:51,CMP_101,Summer Apparel,OLV,impression,0.0025,0.0
EVT_419013,2026-07-29 00:46:01,CMP_101,Summer Apparel,OLV,impression,0.0129,0.0
EVT_440023,2026-07-31 14:47:50,CMP_102,Tech Gadgets Launch,CTV,impression,0.0118,0.0
EVT_360332,2026-07-31 01:40:54,CMP_102,Tech Gadgets Launch,CTV,impression,0.012,0.0
EVT_286748,2026-07-29 13:51:31,CMP_103,B2B SaaS Trial,Display,impression,0.0145,0.0
EVT_772554,2026-07-29 08:21:55,CMP_102,Tech Gadgets Launch,CTV,q3_75,0.0,0.0
EVT_763152,2026-07-30 06:40:36,CMP_103,B2B SaaS Trial,Display,q3_75,0.0,0.0
EVT_221877,2026-07-30 10:27:05,CMP_101,Summer Apparel,OLV,q2_50,0.0,0.0
EVT_787597,2026-07-28 22:23:50,CMP_102,Tech Gadgets Launch,CTV,impression,0.0062,0.0
EVT_380441,2026-07-31 14:22:08,CMP_101,Summer Apparel,OLV,impression,0.0114,0.0
EVT_673431,2026-07-31 08:28:45,CMP_102,Tech Gadgets Launch,CTV,impression,0.0115,0.0
EVT_793277,2026-07-31 13:13:05,CMP_103,B2B SaaS Trial,Display,q4_100,0.0,0.0
EVT_775353,2026-07-31 02:03:07,CMP_103,B2B SaaS Trial,Display,impression,0.0087,0.0
EVT_254696,2026-07-31 03:45:43,CMP_102,Tech Gadgets Launch,CTV,q4_100,0.0,0.0
EVT_501401,2026-07-29 19:59:13,CMP_101,Summer Apparel,OLV,impression,0.0133,0.0
EVT_706536,2026-07-31 18:22:14,CMP_103,B2B SaaS Trial,Display,impression,0.0087,0.0
EVT_200581,2026-07-29 08:27:08,CMP_102,Tech Gadgets Launch,CTV,impression,0.0079,0.0
EVT_329938,2026-07-30 06:30:27,CMP_102,Tech Gadgets Launch,CTV,impression,0.0133,0.0
EVT_644591,2026-07-30 18:00:46,CMP_103,B2B SaaS Trial,Display,impression,0.0085,0.0
EVT_800868,2026-07-29 06:38:01,CMP_103,B2B SaaS Trial,Display,impression,0.0108,0.0
EVT_584646,2026-07-30 03:31:13,CMP_101,Summer Apparel,OLV,q2_50,0.0,0.0
EVT_114325,2026-07-29 03:09:28,CMP_102,Tech Gadgets Launch,CTV,q1_25,0.0,0.0
EVT_342792,2026-07-30 15:09:03,CMP_101,Summer Apparel,OLV,q1_25,0.0,0.0
EVT_750013,2026-07-29 21:05:10,CMP_101,Summer Apparel,OLV,q2_50,0.0,0.0
EVT_142208,2026-07-30 13:03:13,CMP_103,B2B SaaS Trial,Display,impression,0.0041,0.0
EVT_248805,2026-07-31 11:55:24,CMP_101,Summer Apparel,OLV,impression,0.0107,0.0
EVT_187542,2026-07-29 18:07:54,CMP_101,Summer Apparel,OLV,q2_50,0.0,0.0
EVT_970724,2026-07-31 08:19:51,CMP_102,Tech Gadgets Launch,CTV,impression,0.0023,0.0
EVT_799887,2026-07-30 10:03:38,CMP_102,Tech Gadgets Launch,CTV,q1_25,0.0,0.0
EVT_657534,2026-07-31 01:07:44,CMP_101,Summer Apparel,OLV,q1_25,0.0,0.0
EVT_192855,2026-07-29 18:08:28,CMP_101,Summer Apparel,OLV,impression,0.0052,0.0
EVT_463239,2026-07-31 00:46:58,CMP_101,Summer Apparel,OLV,q1_25,0.0,0.0
EVT_680663,2026-07-31 09:01:40,CMP_101,Summer Apparel,OLV,q1_25,0.0,0.0
EVT_187206,2026-07-28 22:29:32,CMP_103,B2B SaaS Trial,Display,q4_100,0.0,0.0
EVT_111566,2026-07-29 14:33:46,CMP_101,Summer Apparel,OLV,q3_75,0.0,0.0
EVT_435529,2026-07-31 04:15:25,CMP_101,Summer Apparel,OLV,q2_50,0.0,0.0
EVT_176378,2026-07-31 17:46:15,CMP_103,B2B SaaS Trial,Display,q2_50,0.0,0.0
EVT_218486,2026-07-31 16:25:20,CMP_102,Tech Gadgets Launch,CTV,impression,0.013,0.0
EVT_747581,2026-07-31 10:59:13,CMP_102,Tech Gadgets Launch,CTV,impression,0.0116,0.0
EVT_614461,2026-07-31 03:22:02,CMP_102,Tech Gadgets Launch,CTV,q2_50,0.0,0.0
EVT_460685,2026-07-30 10:16:26,CMP_101,Summer Apparel,OLV,q1_25,0.0,0.0
EVT_852698,2026-07-29 08:35:22,CMP_101,Summer Apparel,OLV,q4_100,0.0,0.0
EVT_377565,2026-07-31 01:21:59,CMP_101,Summer Apparel,OLV,impression,0.0134,0.0
EVT_370071,2026-07-31 09:12:43,CMP_101,Summer Apparel,OLV,impression,0.0081,0.0
EVT_812239,2026-07-30 12:33:19,CMP_101,Summer Apparel,OLV,q1_25,0.0,0.0
EVT_373592,2026-07-28 22:46:54,CMP_101,Summer Apparel,OLV,impression,0.0055,0.0
EVT_549594,2026-07-29 19:22:30,CMP_103,B2B SaaS Trial,Display,impression,0.009,0.0
EVT_464201,2026-07-29 08:44:31,CMP_101,Summer Apparel,OLV,impression,0.0126,0.0
EVT_157842,2026-07-30 17:03:12,CMP_101,Summer Apparel,OLV,q3_75,0.0,0.0
EVT_531035,2026-07-30 09:35:14,CMP_102,Tech Gadgets Launch,CTV,impression,0.0094,0.0
EVT_283914,2026-07-28 21:29:30,CMP_101,Summer Apparel,OLV,q1_25,0.0,0.0
EVT_991267,2026-07-30 03:01:32,CMP_103,B2B SaaS Trial,Display,q1_25,0.0,0.0
EVT_825692,2026-07-31 11:32:18,CMP_102,Tech Gadgets Launch,CTV,impression,0.0108,0.0
EVT_616634,2026-07-31 14:50:19,CMP_103,B2B SaaS Trial,Display,q2_50,0.0,0.0
EVT_614410,2026-07-29 18:40:06,CMP_101,Summer Apparel,OLV,q4_100,0.0,0.0
EVT_389999,2026-07-31 12:39:14,CMP_102,Tech Gadgets Launch,CTV,impression,0.0024,0.0
EVT_951921,2026-07-30 17:15:50,CMP_103,B2B SaaS Trial,Display,impression,0.0115,0.0
EVT_505994,2026-07-29 09:10:17,CMP_102,Tech Gadgets Launch,CTV,q2_50,0.0,0.0
EVT_172360,2026-07-30 19:52:23,CMP_102,Tech Gadgets Launch,CTV,q3_75,0.0,0.0
EVT_461405,2026-07-31 15:15:54,CMP_103,B2B SaaS Trial,Display,impression,0.0059,0.0
EVT_957899,2026-07-31 06:34:52,CMP_103,B2B SaaS Trial,Display,impression,0.0093,0.0
EVT_102346,2026-07-28 21:46:12,CMP_101,Summer Apparel,OLV,impression,0.0136,0.0
EVT_607467,2026-07-31 02:00:43,CMP_103,B2B SaaS Trial,Display,impression,0.0097,0.0
EVT_768384,2026-07-29 20:35:41,CMP_101,Summer Apparel,OLV,impression,0.0086,0.0
EVT_857695,2026-07-30 03:31:18,CMP_101,Summer Apparel,OLV,q2_50,0.0,0.0
EVT_129113,2026-07-30 06:23:01,CMP_102,Tech Gadgets Launch,CTV,impression,0.0083,0.0
EVT_789044,2026-07-29 08:12:13,CMP_101,Summer Apparel,OLV,impression,0.0122,0.0
EVT_830631,2026-07-29 03:06:44,CMP_103,B2B SaaS Trial,Display,q1_25,0.0,0.0
EVT_571180,2026-07-30 03:07:01,CMP_102,Tech Gadgets Launch,CTV,q4_100,0.0,0.0
EVT_206719,2026-07-29 00:30:27,CMP_102,Tech Gadgets Launch,CTV,q1_25,0.0,0.0
EVT_532840,2026-07-29 21:17:24,CMP_103,B2B SaaS Trial,Display,impression,0.0076,0.0
EVT_623326,2026-07-31 04:08:33,CMP_103,B2B SaaS Trial,Display,impression,0.0056,0.0
EVT_683930,2026-07-29 19:52:04,CMP_103,B2B SaaS Trial,Display,impression,0.0144,0.0
EVT_323902,2026-07-30 16:49:56,CMP_101,Summer Apparel,OLV,q4_100,0.0,0.0
EVT_580655,2026-07-31 17:48:33,CMP_102,Tech Gadgets Launch,CTV,q1_25,0.0,0.0
EVT_363977,2026-07-31 03:13:45,CMP_103,B2B SaaS Trial,Display,click,0.0,0.0
EVT_116256,2026-07-29 08:15:25,CMP_101,Summer Apparel,OLV,impression,0.0086,0.0
EVT_674863,2026-07-28 21:36:45,CMP_102,Tech Gadgets Launch,CTV,impression,0.004,0.0
EVT_785748,2026-07-30 03:34:59,CMP_101,Summer Apparel,OLV,impression,0.0052,0.0
EVT_298274,2026-07-30 03:40:55,CMP_102,Tech Gadgets Launch,CTV,impression,0.013,0.0
EVT_684315,2026-07-30 22:07:18,CMP_101,Summer Apparel,OLV,impression,0.0125,0.0
EVT_283112,2026-07-29 14:27:13,CMP_103,B2B SaaS Trial,Display,q1_25,0.0,0.0
EVT_646844,2026-07-29 11:04:37,CMP_102,Tech Gadgets Launch,CTV,q1_25,0.0,0.0
EVT_962213,2026-07-31 10:40:55,CMP_103,B2B SaaS Trial,Display,q1_25,0.0,0.0
EVT_366105,2026-07-30 02:47:04,CMP_102,Tech Gadgets Launch,CTV,impression,0.0093,0.0
EVT_955811,2026-07-30 15:22:28,CMP_102,Tech Gadgets Launch,CTV,impression,0.0098,0.0
EVT_191884,2026-07-30 03:06:45,CMP_101,Summer Apparel,OLV,impression,0.007,0.0
EVT_313859,2026-07-29 00:32:15,CMP_102,Tech Gadgets Launch,CTV,q3_75,0.0,0.0
EVT_328012,2026-07-31 02:40:56,CMP_102,Tech Gadgets Launch,CTV,q3_75,0.0,0.0
EVT_410001,2026-07-30 03:34:54,CMP_103,B2B SaaS Trial,Display,q1_25,0.0,0.0
EVT_545579,2026-07-30 08:09:01,CMP_101,Summer Apparel,OLV,impression,0.0095,0.0
EVT_469815,2026-07-30 04:09:33,CMP_102,Tech Gadgets Launch,CTV,q1_25,0.0,0.0
EVT_702756,2026-07-29 14:08:55,CMP_102,Tech Gadgets Launch,CTV,impression,0.0039,0.0
EVT_454927,2026-07-30 05:22:50,CMP_103,B2B SaaS Trial,Display,q1_25,0.0,0.0
EVT_649119,2026-07-31 04:04:17,CMP_101,Summer Apparel,OLV,impression,0.0042,0.0
EVT_470064,2026-07-31 03:25:56,CMP_103,B2B SaaS Trial,Display,q3_75,0.0,0.0
EVT_333970,2026-07-31 15:20:26,CMP_102,Tech Gadgets Launch,CTV,impression,0.0129,0.0
EVT_367295,2026-07-30 09:34:46,CMP_101,Summer Apparel,OLV,impression,0.0079,0.0
EVT_851863,2026-07-29 01:44:12,CMP_101,Summer Apparel,OLV,q1_25,0.0,0.0
EVT_421964,2026-07-29 15:52:01,CMP_102,Tech Gadgets Launch,CTV,q1_25,0.0,0.0
EVT_314637,2026-07-30 19:50:53,CMP_103,B2B SaaS Trial,Display,impression,0.0101,0.0
EVT_783768,2026-07-29 17:39:50,CMP_102,Tech Gadgets Launch,CTV,impression,0.0111,0.0
EVT_824219,2026-07-30 18:50:54,CMP_103,B2B SaaS Trial,Display,q1_25,0.0,0.0
EVT_818922,2026-07-30 18:51:35,CMP_101,Summer Apparel,OLV,impression,0.0126,0.0
EVT_404460,2026-07-31 11:43:12,CMP_103,B2B SaaS Trial,Display,impression,0.0095,0.0
EVT_165930,2026-07-28 21:07:20,CMP_102,Tech Gadgets Launch,CTV,q2_50,0.0,0.0
EVT_794394,2026-07-30 01:48:34,CMP_101,Summer Apparel,OLV,impression,0.0131,0.0
EVT_792340,2026-07-31 07:21:59,CMP_103,B2B SaaS Trial,Display,q4_100,0.0,0.0
EVT_605279,2026-07-30 20:35:26,CMP_103,B2B SaaS Trial,Display,impression,0.0047,0.0
EVT_978053,2026-07-30 04:19:34,CMP_103,B2B SaaS Trial,Display,impression,0.0144,0.0
EVT_169113,2026-07-31 08:55:09,CMP_101,Summer Apparel,OLV,impression,0.0036,0.0
EVT_153821,2026-07-31 07:38:45,CMP_103,B2B SaaS Trial,Display,impression,0.0114,0.0
EVT_351123,2026-07-31 10:40:36,CMP_102,Tech Gadgets Launch,CTV,impression,0.013,0.0
EVT_459934,2026-07-30 16:57:30,CMP_103,B2B SaaS Trial,Display,impression,0.0097,0.0
EVT_641324,2026-07-30 12:01:51,CMP_102,Tech Gadgets Launch,CTV,impression,0.0114,0.0
EVT_418925,2026-07-30 10:40:29,CMP_103,B2B SaaS Trial,Display,impression,0.0137,0.0
EVT_969516,2026-07-31 08:58:56,CMP_103,B2B SaaS Trial,Display,impression,0.0133,0.0
EVT_349644,2026-07-29 05:52:59,CMP_102,Tech Gadgets Launch,CTV,q3_75,0.0,0.0
EVT_496497,2026-07-30 15:32:53,CMP_103,B2B SaaS Trial,Display,q1_25,0.0,0.0
EVT_775202,2026-07-30 19:29:39,CMP_103,B2B SaaS Trial,Display,q1_25,0.0,0.0
EVT_277598,2026-07-30 16:18:53,CMP_103,B2B SaaS Trial,Display,q4_100,0.0,0.0
EVT_930663,2026-07-29 02:25:50,CMP_103,B2B SaaS Trial,Display,q1_25,0.0,0.0
EVT_483620,2026-07-31 02:39:55,CMP_103,B2B SaaS Trial,Display,impression,0.0076,0.0
EVT_428424,2026-07-30 15:56:30,CMP_102,Tech Gadgets Launch,CTV,q1_25,0.0,0.0
EVT_668092,2026-07-31 20:36:58,CMP_103,B2B SaaS Trial,Display,impression,0.0119,0.0
EVT_785008,2026-07-30 07:14:38,CMP_101,Summer Apparel,OLV,impression,0.0022,0.0
EVT_524569,2026-07-31 10:15:55,CMP_101,Summer Apparel,OLV,impression,0.0144,0.0
EVT_208660,2026-07-30 12:45:02,CMP_102,Tech Gadgets Launch,CTV,q1_25,0.0,0.0
EVT_209325,2026-07-31 04:24:45,CMP_101,Summer Apparel,OLV,impression,0.0149,0.0
EVT_692046,2026-07-30 11:21:48,CMP_101,Summer Apparel,OLV,q3_75,0.0,0.0
EVT_411460,2026-07-31 13:54:09,CMP_102,Tech Gadgets Launch,CTV,q2_50,0.0,0.0
EVT_112715,2026-07-30 23:54:22,CMP_101,Summer Apparel,OLV,q2_50,0.0,0.0
EVT_428698,2026-07-29 21:56:28,CMP_102,Tech Gadgets Launch,CTV,impression,0.0129,0.0
EVT_493840,2026-07-30 16:18:06,CMP_102,Tech Gadgets Launch,CTV,impression,0.0089,0.0
EVT_373590,2026-07-31 06:00:22,CMP_101,Summer Apparel,OLV,impression,0.0133,0.0
EVT_303363,2026-07-31 10:34:45,CMP_103,B2B SaaS Trial,Display,q1_25,0.0,0.0
EVT_419098,2026-07-31 04:53:51,CMP_103,B2B SaaS Trial,Display,q2_50,0.0,0.0
EVT_674283,2026-07-30 16:14:52,CMP_103,B2B SaaS Trial,Display,q4_100,0.0,0.0
EVT_360779,2026-07-30 02:56:17,CMP_101,Summer Apparel,OLV,impression,0.0066,0.0
EVT_887813,2026-07-31 11:46:58,CMP_101,Summer Apparel,OLV,impression,0.0101,0.0
EVT_408872,2026-07-31 19:00:55,CMP_103,B2B SaaS Trial,Display,impression,0.013,0.0
EVT_790213,2026-07-30 12:08:25,CMP_101,Summer Apparel,OLV,impression,0.0143,0.0
EVT_510095,2026-07-30 19:31:17,CMP_101,Summer Apparel,OLV,impression,0.0087,0.0
EVT_331620,2026-07-29 23:13:53,CMP_102,Tech Gadgets Launch,CTV,impression,0.0116,0.0
EVT_903771,2026-07-29 22:41:31,CMP_101,Summer Apparel,OLV,q4_100,0.0,0.0
EVT_357212,2026-07-29 14:59:28,CMP_102,Tech Gadgets Launch,CTV,impression,0.0118,0.0
EVT_891187,2026-07-31 15:39:07,CMP_103,B2B SaaS Trial,Display,impression,0.0079,0.0
EVT_793070,2026-07-31 13:16:00,CMP_102,Tech Gadgets Launch,CTV,impression,0.0037,0.0
EVT_957679,2026-07-31 10:31:42,CMP_101,Summer Apparel,OLV,q2_50,0.0,0.0
EVT_114299,2026-07-31 03:12:07,CMP_103,B2B SaaS Trial,Display,q1_25,0.0,0.0
EVT_709331,2026-07-29 03:44:52,CMP_102,Tech Gadgets Launch,CTV,impression,0.0129,0.0
EVT_201838,2026-07-30 11:14:04,CMP_103,B2B SaaS Trial,Display,impression,0.0039,0.0
EVT_348041,2026-07-29 06:31:52,CMP_103,B2B SaaS Trial,Display,impression,0.0025,0.0
EVT_913103,2026-07-31 10:10:48,CMP_103,B2B SaaS Trial,Display,impression,0.008,0.0
EVT_445020,2026-07-29 16:04:41,CMP_101,Summer Apparel,OLV,q2_50,0.0,0.0
EVT_552564,2026-07-30 15:07:57,CMP_101,Summer Apparel,OLV,impression,0.0025,0.0
EVT_279705,2026-07-30 01:58:31,CMP_101,Summer Apparel,OLV,q2_50,0.0,0.0
EVT_248910,2026-07-31 11:24:08,CMP_101,Summer Apparel,OLV,impression,0.0068,0.0
EVT_293976,2026-07-30 14:15:25,CMP_102,Tech Gadgets Launch,CTV,impression,0.0147,0.0
EVT_458019,2026-07-28 22:19:55,CMP_102,Tech Gadgets Launch,CTV,q1_25,0.0,0.0
EVT_265983,2026-07-30 23:45:10,CMP_101,Summer Apparel,OLV,q1_25,0.0,0.0
EVT_781221,2026-07-30 01:43:16,CMP_101,Summer Apparel,OLV,q4_100,0.0,0.0
EVT_859864,2026-07-29 21:25:23,CMP_101,Summer Apparel,OLV,q2_50,0.0,0.0
EVT_481049,2026-07-30 00:34:13,CMP_101,Summer Apparel,OLV,q1_25,0.0,0.0
EVT_932692,2026-07-30 20:46:34,CMP_103,B2B SaaS Trial,Display,q1_25,0.0,0.0
EVT_522215,2026-07-30 06:18:07,CMP_103,B2B SaaS Trial,Display,impression,0.0075,0.0
EVT_526645,2026-07-30 21:02:19,CMP_102,Tech Gadgets Launch,CTV,q3_75,0.0,0.0
EVT_309960,2026-07-30 08:41:39,CMP_103,B2B SaaS Trial,Display,impression,0.0101,0.0
EVT_655518,2026-07-30 19:25:05,CMP_103,B2B SaaS Trial,Display,impression,0.0112,0.0
EVT_862205,2026-07-29 07:26:15,CMP_101,Summer Apparel,OLV,q3_75,0.0,0.0
EVT_300790,2026-07-29 14:43:15,CMP_101,Summer Apparel,OLV,q1_25,0.0,0.0
EVT_306632,2026-07-29 23:08:56,CMP_101,Summer Apparel,OLV,impression,0.0065,0.0
EVT_410355,2026-07-29 13:08:02,CMP_102,Tech Gadgets Launch,CTV,q1_25,0.0,0.0
EVT_581612,2026-07-30 05:01:12,CMP_103,B2B SaaS Trial,Display,impression,0.0034,0.0
EVT_658651,2026-07-29 14:17:16,CMP_102,Tech Gadgets Launch,CTV,conversion,0.0,100.32
EVT_778594,2026-07-30 04:09:41,CMP_103,B2B SaaS Trial,Display,impression,0.0033,0.0
EVT_498256,2026-07-31 06:07:41,CMP_101,Summer Apparel,OLV,impression,0.0148,0.0
EVT_997040,2026-07-29 17:48:56,CMP_103,B2B SaaS Trial,Display,q2_50,0.0,0.0
EVT_240047,2026-07-29 22:33:08,CMP_102,Tech Gadgets Launch,CTV,impression,0.0036,0.0
EVT_853963,2026-07-29 19:49:42,CMP_103,B2B SaaS Trial,Display,impression,0.0061,0.0
EVT_994379,2026-07-31 18:26:07,CMP_102,Tech Gadgets Launch,CTV,q2_50,0.0,0.0
EVT_410238,2026-07-31 06:08:23,CMP_103,B2B SaaS Trial,Display,impression,0.0093,0.0
EVT_945086,2026-07-29 09:08:39,CMP_101,Summer Apparel,OLV,impression,0.0117,0.0
EVT_477408,2026-07-29 05:08:58,CMP_101,Summer Apparel,OLV,q3_75,0.0,0.0
EVT_774268,2026-07-30 10:11:10,CMP_101,Summer Apparel,OLV,impression,0.0126,0.0
EVT_322225,2026-07-29 13:16:38,CMP_102,Tech Gadgets Launch,CTV,impression,0.0077,0.0
EVT_678192,2026-07-29 22:12:19,CMP_102,Tech Gadgets Launch,CTV,q2_50,0.0,0.0
EVT_269346,2026-07-29 13:40:11,CMP_103,B2B SaaS Trial,Display,click,0.0,0.0
EVT_174562,2026-07-31 01:10:48,CMP_103,B2B SaaS Trial,Display,q3_75,0.0,0.0
EVT_171512,2026-07-31 12:01:48,CMP_103,B2B SaaS Trial,Display,impression,0.0103,0.0
EVT_510701,2026-07-30 19:18:19,CMP_102,Tech Gadgets Launch,CTV,q1_25,0.0,0.0
EVT_991568,2026-07-30 11:04:27,CMP_103,B2B SaaS Trial,Display,impression,0.0044,0.0
EVT_243102,2026-07-30 16:10:57,CMP_102,Tech Gadgets Launch,CTV,impression,0.0049,0.0
EVT_315313,2026-07-30 06:21:52,CMP_103,B2B SaaS Trial,Display,impression,0.0108,0.0
EVT_218581,2026-07-31 06:52:18,CMP_101,Summer Apparel,OLV,q1_25,0.0,0.0
EVT_663169,2026-07-31 12:47:23,CMP_103,B2B SaaS Trial,Display,impression,0.0053,0.0
EVT_317604,2026-07-29 05:13:43,CMP_101,Summer Apparel,OLV,impression,0.0141,0.0
EVT_618366,2026-07-30 08:50:06,CMP_101,Summer Apparel,OLV,impression,0.0038,0.0
EVT_978532,2026-07-30 12:50:04,CMP_103,B2B SaaS Trial,Display,impression,0.0089,0.0
EVT_792076,2026-07-31 14:11:29,CMP_102,Tech Gadgets Launch,CTV,q1_25,0.0,0.0
EVT_577800,2026-07-30 00:49:17,CMP_102,Tech Gadgets Launch,CTV,impression,0.0052,0.0
EVT_338321,2026-07-31 02:44:12,CMP_101,Summer Apparel,OLV,impression,0.0117,0.0
EVT_705356,2026-07-29 17:53:02,CMP_103,B2B SaaS Trial,Display,q1_25,0.0,0.0
EVT_845737,2026-07-31 18:29:10,CMP_101,Summer Apparel,OLV,q1_25,0.0,0.0
EVT_774109,2026-07-29 10:23:15,CMP_101,Summer Apparel,OLV,q3_75,0.0,0.0
EVT_487579,2026-07-29 06:25:15,CMP_102,Tech Gadgets Launch,CTV,impression,0.0069,0.0
EVT_191054,2026-07-30 20:26:59,CMP_102,Tech Gadgets Launch,CTV,conversion,0.0,88.86
EVT_392773,2026-07-31 07:05:54,CMP_102,Tech Gadgets Launch,CTV,impression,0.0046,0.0
EVT_802198,2026-07-30 01:14:44,CMP_103,B2B SaaS Trial,Display,impression,0.0072,0.0
EVT_170597,2026-07-29 06:33:03,CMP_103,B2B SaaS Trial,Display,q1_25,0.0,0.0
EVT_358428,2026-07-28 20:55:43,CMP_103,B2B SaaS Trial,Display,q1_25,0.0,0.0
EVT_899108,2026-07-30 14:25:23,CMP_102,Tech Gadgets Launch,CTV,impression,0.0093,0.0
EVT_387802,2026-07-30 10:58:09,CMP_101,Summer Apparel,OLV,impression,0.0089,0.0
EVT_360904,2026-07-29 21:56:09,CMP_102,Tech Gadgets Launch,CTV,impression,0.0064,0.0
EVT_168013,2026-07-31 01:54:29,CMP_101,Summer Apparel,OLV,q4_100,0.0,0.0
EVT_731284,2026-07-29 02:12:39,CMP_103,B2B SaaS Trial,Display,q2_50,0.0,0.0
EVT_924514,2026-07-30 05:14:02,CMP_101,Summer Apparel,OLV,click,0.0,0.0
EVT_932009,2026-07-30 06:32:45,CMP_101,Summer Apparel,OLV,q1_25,0.0,0.0
EVT_918908,2026-07-30 17:43:15,CMP_102,Tech Gadgets Launch,CTV,q1_25,0.0,0.0
EVT_320101,2026-07-29 11:51:53,CMP_101,Summer Apparel,OLV,impression,0.0132,0.0
EVT_505435,2026-07-30 22:05:30,CMP_101,Summer Apparel,OLV,q4_100,0.0,0.0
EVT_975495,2026-07-31 15:39:15,CMP_102,Tech Gadgets Launch,CTV,impression,0.0127,0.0
EVT_581799,2026-07-31 04:00:15,CMP_103,B2B SaaS Trial,Display,q2_50,0.0,0.0
EVT_582449,2026-07-31 13:06:49,CMP_103,B2B SaaS Trial,Display,impression,0.0036,0.0
EVT_236006,2026-07-31 16:18:02,CMP_102,Tech Gadgets Launch,CTV,q1_25,0.0,0.0
EVT_987608,2026-07-30 01:49:07,CMP_103,B2B SaaS Trial,Display,impression,0.0095,0.0
EVT_935348,2026-07-28 22:57:14,CMP_103,B2B SaaS Trial,Display,q1_25,0.0,0.0
EVT_664134,2026-07-30 12:07:26,CMP_103,B2B SaaS Trial,Display,impression,0.0104,0.0
EVT_319483,2026-07-30 10:10:15,CMP_102,Tech Gadgets Launch,CTV,impression,0.0053,0.0
EVT_577499,2026-07-30 16:48:42,CMP_101,Summer Apparel,OLV,impression,0.0133,0.0
EVT_193460,2026-07-31 15:00:18,CMP_103,B2B SaaS Trial,Display,impression,0.0038,0.0
EVT_638131,2026-07-31 00:31:20,CMP_103,B2B SaaS Trial,Display,impression,0.0056,0.0
EVT_836867,2026-07-31 17:05:57,CMP_103,B2B SaaS Trial,Display,q2_50,0.0,0.0
EVT_168716,2026-07-29 11:04:38,CMP_101,Summer Apparel,OLV,impression,0.0064,0.0
EVT_151148,2026-07-29 23:53:25,CMP_103,B2B SaaS Trial,Display,q4_100,0.0,0.0
EVT_981582,2026-07-29 12:26:41,CMP_101,Summer Apparel,OLV,q1_25,0.0,0.0
EVT_982163,2026-07-30 17:46:00,CMP_102,Tech Gadgets Launch,CTV,q1_25,0.0,0.0
EVT_680816,2026-07-30 05:18:05,CMP_102,Tech Gadgets Launch,CTV,q1_25,0.0,0.0
EVT_328034,2026-07-30 14:30:05,CMP_103,B2B SaaS Trial,Display,impression,0.0072,0.0
EVT_930427,2026-07-31 01:55:27,CMP_103,B2B SaaS Trial,Display,impression,0.0064,0.0
EVT_789635,2026-07-30 07:09:46,CMP_102,Tech Gadgets Launch,CTV,impression,0.0052,0.0
EVT_118055,2026-07-30 08:19:21,CMP_101,Summer Apparel,OLV,q1_25,0.0,0.0
EVT_973191,2026-07-31 00:46:53,CMP_103,B2B SaaS Trial,Display,q1_25,0.0,0.0
EVT_144466,2026-07-30 07:47:53,CMP_101,Summer Apparel,OLV,impression,0.0078,0.0
EVT_397162,2026-07-29 22:07:17,CMP_101,Summer Apparel,OLV,q3_75,0.0,0.0
EVT_794711,2026-07-29 17:02:12,CMP_102,Tech Gadgets Launch,CTV,click,0.0,0.0
EVT_736090,2026-07-31 14:21:03,CMP_103,B2B SaaS Trial,Display,impression,0.0035,0.0
EVT_169114,2026-07-30 02:20:04,CMP_101,Summer Apparel,OLV,impression,0.0022,0.0
EVT_117953,2026-07-31 20:34:11,CMP_102,Tech Gadgets Launch,CTV,impression,0.0085,0.0
EVT_292371,2026-07-31 05:53:23,CMP_101,Summer Apparel,OLV,q1_25,0.0,0.0
EVT_259231,2026-07-31 19:13:10,CMP_102,Tech Gadgets Launch,CTV,q2_50,0.0,0.0
EVT_749459,2026-07-29 07:17:23,CMP_101,Summer Apparel,OLV,impression,0.0102,0.0
EVT_168942,2026-07-31 09:55:31,CMP_102,Tech Gadgets Launch,CTV,click,0.0,0.0
EVT_826171,2026-07-30 03:27:22,CMP_103,B2B SaaS Trial,Display,q1_25,0.0,0.0
EVT_886814,2026-07-31 01:23:57,CMP_101,Summer Apparel,OLV,q3_75,0.0,0.0
EVT_764305,2026-07-29 21:35:21,CMP_101,Summer Apparel,OLV,q4_100,0.0,0.0
EVT_687072,2026-07-30 14:50:11,CMP_101,Summer Apparel,OLV,q2_50,0.0,0.0
EVT_901068,2026-07-30 04:54:03,CMP_102,Tech Gadgets Launch,CTV,impression,0.0044,0.0
EVT_700388,2026-07-31 06:48:08,CMP_101,Summer Apparel,OLV,q2_50,0.0,0.0
EVT_623541,2026-07-29 14:13:05,CMP_101,Summer Apparel,OLV,q2_50,0.0,0.0
EVT_954707,2026-07-29 04:27:54,CMP_103,B2B SaaS Trial,Display,impression,0.0078,0.0
EVT_657483,2026-07-30 21:49:44,CMP_102,Tech Gadgets Launch,CTV,q2_50,0.0,0.0
EVT_650252,2026-07-29 19:46:37,CMP_102,Tech Gadgets Launch,CTV,q1_25,0.0,0.0
EVT_942766,2026-07-31 13:04:13,CMP_103,B2B SaaS Trial,Display,impression,0.0132,0.0
EVT_320865,2026-07-28 22:45:36,CMP_103,B2B SaaS Trial,Display,impression,0.0075,0.0
EVT_825915,2026-07-31 05:06:36,CMP_102,Tech Gadgets Launch,CTV,impression,0.0028,0.0
EVT_974693,2026-07-29 22:40:24,CMP_102,Tech Gadgets Launch,CTV,impression,0.0082,0.0
EVT_601292,2026-07-31 19:06:17,CMP_103,B2B SaaS Trial,Display,q1_25,0.0,0.0
EVT_675900,2026-07-31 19:32:16,CMP_101,Summer Apparel,OLV,impression,0.0064,0.0
EVT_260015,2026-07-30 13:04:02,CMP_101,Summer Apparel,OLV,impression,0.0061,0.0
EVT_209779,2026-07-30 11:59:46,CMP_101,Summer Apparel,OLV,click,0.0,0.0
EVT_460707,2026-07-31 17:13:40,CMP_101,Summer Apparel,OLV,q1_25,0.0,0.0
EVT_227456,2026-07-30 15:05:59,CMP_102,Tech Gadgets Launch,CTV,impression,0.004,0.0
EVT_692617,2026-07-28 21:09:18,CMP_102,Tech Gadgets Launch,CTV,impression,0.0117,0.0
EVT_794935,2026-07-30 21:42:29,CMP_101,Summer Apparel,OLV,q2_50,0.0,0.0
EVT_598075,2026-07-31 17:03:16,CMP_101,Summer Apparel,OLV,impression,0.0132,0.0
EVT_626855,2026-07-29 19:56:12,CMP_103,B2B SaaS Trial,Display,impression,0.0029,0.0
EVT_479050,2026-07-29 12:07:42,CMP_103,B2B SaaS Trial,Display,q3_75,0.0,0.0
EVT_613302,2026-07-31 16:16:33,CMP_103,B2B SaaS Trial,Display,q1_25,0.0,0.0
EVT_574251,2026-07-29 05:23:30,CMP_103,B2B SaaS Trial,Display,q3_75,0.0,0.0
EVT_441651,2026-07-28 21:52:36,CMP_103,B2B SaaS Trial,Display,impression,0.0109,0.0
EVT_909901,2026-07-29 13:32:17,CMP_101,Summer Apparel,OLV,impression,0.0135,0.0
EVT_137611,2026-07-28 22:22:24,CMP_103,B2B SaaS Trial,Display,q2_50,0.0,0.0
EVT_308399,2026-07-31 12:40:37,CMP_101,Summer Apparel,OLV,impression,0.0067,0.0
EVT_358290,2026-07-28 23:18:42,CMP_102,Tech Gadgets Launch,CTV,impression,0.0104,0.0
EVT_708897,2026-07-30 08:06:01,CMP_103,B2B SaaS Trial,Display,q1_25,0.0,0.0
EVT_698264,2026-07-31 05:38:20,CMP_102,Tech Gadgets Launch,CTV,q1_25,0.0,0.0
EVT_439021,2026-07-30 16:59:15,CMP_101,Summer Apparel,OLV,click,0.0,0.0
EVT_860196,2026-07-30 17:46:10,CMP_103,B2B SaaS Trial,Display,impression,0.0129,0.0
EVT_286334,2026-07-29 17:23:59,CMP_103,B2B SaaS Trial,Display,q3_75,0.0,0.0
EVT_798838,2026-07-31 12:18:25,CMP_102,Tech Gadgets Launch,CTV,impression,0.0055,0.0
EVT_411827,2026-07-29 19:10:18,CMP_101,Summer Apparel,OLV,impression,0.0127,0.0
EVT_973768,2026-07-29 09:24:52,CMP_102,Tech Gadgets Launch,CTV,q1_25,0.0,0.0
EVT_182074,2026-07-31 04:29:54,CMP_102,Tech Gadgets Launch,CTV,q2_50,0.0,0.0
EVT_747998,2026-07-29 15:49:24,CMP_102,Tech Gadgets Launch,CTV,q1_25,0.0,0.0
EVT_662034,2026-07-30 06:43:27,CMP_103,B2B SaaS Trial,Display,impression,0.012,0.0
EVT_823689,2026-07-29 01:19:18,CMP_103,B2B SaaS Trial,Display,q4_100,0.0,0.0
EVT_692508,2026-07-29 14:08:46,CMP_101,Summer Apparel,OLV,impression,0.0136,0.0
EVT_349020,2026-07-29 04:58:35,CMP_101,Summer Apparel,OLV,q1_25,0.0,0.0
EVT_970989,2026-07-31 05:22:34,CMP_101,Summer Apparel,OLV,impression,0.0058,0.0
EVT_886671,2026-07-29 22:31:25,CMP_103,B2B SaaS Trial,Display,impression,0.0076,0.0
EVT_571610,2026-07-31 14:33:34,CMP_102,Tech Gadgets Launch,CTV,q1_25,0.0,0.0
EVT_958117,2026-07-31 08:21:35,CMP_101,Summer Apparel,OLV,impression,0.009,0.0
EVT_768875,2026-07-30 03:59:11,CMP_101,Summer Apparel,OLV,impression,0.0101,0.0
EVT_782298,2026-07-31 08:11:40,CMP_103,B2B SaaS Trial,Display,q1_25,0.0,0.0
EVT_491413,2026-07-30 03:06:21,CMP_101,Summer Apparel,OLV,q4_100,0.0,0.0
EVT_396155,2026-07-31 06:20:53,CMP_102,Tech Gadgets Launch,CTV,impression,0.0057,0.0
EVT_195140,2026-07-29 10:23:38,CMP_103,B2B SaaS Trial,Display,q3_75,0.0,0.0
EVT_409002,2026-07-28 22:25:12,CMP_103,B2B SaaS Trial,Display,q2_50,0.0,0.0
EVT_557061,2026-07-31 10:40:03,CMP_103,B2B SaaS Trial,Display,impression,0.0125,0.0
EVT_840397,2026-07-30 14:08:48,CMP_103,B2B SaaS Trial,Display,impression,0.0068,0.0
EVT_125869,2026-07-29 06:05:05,CMP_101,Summer Apparel,OLV,impression,0.006,0.0
EVT_512788,2026-07-28 21:11:23,CMP_103,B2B SaaS Trial,Display,q1_25,0.0,0.0
EVT_146598,2026-07-31 06:17:45,CMP_102,Tech Gadgets Launch,CTV,impression,0.0054,0.0
EVT_779295,2026-07-30 17:49:49,CMP_103,B2B SaaS Trial,Display,impression,0.0108,0.0
EVT_576346,2026-07-30 20:58:30,CMP_101,Summer Apparel,OLV,q2_50,0.0,0.0
EVT_961224,2026-07-29 10:16:50,CMP_101,Summer Apparel,OLV,impression,0.0021,0.0
EVT_435398,2026-07-29 07:03:21,CMP_101,Summer Apparel,OLV,q2_50,0.0,0.0
EVT_577576,2026-07-29 19:49:41,CMP_101,Summer Apparel,OLV,impression,0.0125,0.0
EVT_823523,2026-07-29 04:06:11,CMP_101,Summer Apparel,OLV,impression,0.0134,0.0
EVT_971031,2026-07-29 08:09:29,CMP_101,Summer Apparel,OLV,q1_25,0.0,0.0
EVT_130639,2026-07-29 11:54:56,CMP_101,Summer Apparel,OLV,q1_25,0.0,0.0
EVT_776800,2026-07-29 04:12:50,CMP_103,B2B SaaS Trial,Display,click,0.0,0.0
EVT_843725,2026-07-30 07:01:38,CMP_101,Summer Apparel,OLV,q1_25,0.0,0.0
EVT_461646,2026-07-29 10:36:16,CMP_103,B2B SaaS Trial,Display,q1_25,0.0,0.0
EVT_700653,2026-07-30 22:58:58,CMP_101,Summer Apparel,OLV,q1_25,0.0,0.0
EVT_723931,2026-07-29 02:50:34,CMP_103,B2B SaaS Trial,Display,click,0.0,0.0
EVT_745205,2026-07-29 02:58:36,CMP_101,Summer Apparel,OLV,q1_25,0.0,0.0
EVT_558896,2026-07-29 10:26:01,CMP_101,Summer Apparel,OLV,impression,0.0072,0.0
EVT_820424,2026-07-29 05:34:11,CMP_101,Summer Apparel,OLV,impression,0.0053,0.0
EVT_647910,2026-07-30 21:33:16,CMP_101,Summer Apparel,OLV,q3_75,0.0,0.0
EVT_522969,2026-07-30 16:30:48,CMP_103,B2B SaaS Trial,Display,q1_25,0.0,0.0
EVT_767017,2026-07-29 10:09:47,CMP_102,Tech Gadgets Launch,CTV,impression,0.0134,0.0
EVT_207273,2026-07-29 15:30:31,CMP_102,Tech Gadgets Launch,CTV,impression,0.0032,0.0
EVT_981078,2026-07-30 02:29:50,CMP_102,Tech Gadgets Launch,CTV,impression,0.007,0.0
EVT_579181,2026-07-28 20:54:07,CMP_102,Tech Gadgets Launch,CTV,q1_25,0.0,0.0
EVT_315289,2026-07-30 05:02:11,CMP_103,B2B SaaS Trial,Display,q3_75,0.0,0.0
EVT_318438,2026-07-30 21:26:06,CMP_103,B2B SaaS Trial,Display,impression,0.0114,0.0
EVT_636254,2026-07-31 04:55:18,CMP_102,Tech Gadgets Launch,CTV,q1_25,0.0,0.0
EVT_517829,2026-07-30 07:21:56,CMP_103,B2B SaaS Trial,Display,impression,0.0141,0.0
EVT_198011,2026-07-29 11:29:33,CMP_101,Summer Apparel,OLV,q1_25,0.0,0.0
EVT_790330,2026-07-28 21:53:44,CMP_103,B2B SaaS Trial,Display,q2_50,0.0,0.0
EVT_992944,2026-07-30 06:21:07,CMP_103,B2B SaaS Trial,Display,impression,0.0139,0.0
EVT_373237,2026-07-30 05:44:23,CMP_103,B2B SaaS Trial,Display,impression,0.0036,0.0
EVT_813074,2026-07-30 19:04:47,CMP_101,Summer Apparel,OLV,q1_25,0.0,0.0
EVT_652082,2026-07-30 07:28:58,CMP_103,B2B SaaS Trial,Display,impression,0.0067,0.0
EVT_787144,2026-07-29 18:34:42,CMP_101,Summer Apparel,OLV,q2_50,0.0,0.0
EVT_250080,2026-07-29 17:40:48,CMP_102,Tech Gadgets Launch,CTV,impression,0.0024,0.0
EVT_672846,2026-07-29 08:24:43,CMP_101,Summer Apparel,OLV,impression,0.0149,0.0
EVT_648908,2026-07-29 02:06:51,CMP_103,B2B SaaS Trial,Display,q1_25,0.0,0.0
EVT_581480,2026-07-31 03:46:31,CMP_102,Tech Gadgets Launch,CTV,q1_25,0.0,0.0
EVT_830010,2026-07-30 17:34:08,CMP_101,Summer Apparel,OLV,q1_25,0.0,0.0
EVT_128421,2026-07-30 09:56:17,CMP_101,Summer Apparel,OLV,impression,0.0148,0.0
EVT_915910,2026-07-29 03:56:55,CMP_102,Tech Gadgets Launch,CTV,impression,0.0114,0.0
EVT_537431,2026-07-28 21:27:07,CMP_103,B2B SaaS Trial,Display,q1_25,0.0,0.0
EVT_336938,2026-07-29 08:53:37,CMP_102,Tech Gadgets Launch,CTV,q2_50,0.0,0.0
EVT_588358,2026-07-30 23:44:15,CMP_101,Summer Apparel,OLV,impression,0.0024,0.0
EVT_727607,2026-07-31 10:22:42,CMP_103,B2B SaaS Trial,Display,impression,0.0025,0.0
EVT_396817,2026-07-29 05:52:45,CMP_101,Summer Apparel,OLV,q1_25,0.0,0.0
EVT_512869,2026-07-29 02:12:38,CMP_101,Summer Apparel,OLV,impression,0.0101,0.0
EVT_307183,2026-07-29 16:55:36,CMP_103,B2B SaaS Trial,Display,impression,0.0094,0.0
EVT_148095,2026-07-29 04:44:01,CMP_103,B2B SaaS Trial,Display,impression,0.0047,0.0
EVT_501739,2026-07-30 14:51:21,CMP_101,Summer Apparel,OLV,impression,0.0037,0.0
EVT_558241,2026-07-28 21:34:42,CMP_102,Tech Gadgets Launch,CTV,click,0.0,0.0
EVT_288764,2026-07-30 05:27:22,CMP_101,Summer Apparel,OLV,q1_25,0.0,0.0
EVT_890986,2026-07-28 22:49:14,CMP_101,Summer Apparel,OLV,impression,0.0111,0.0
EVT_241549,2026-07-30 12:09:32,CMP_103,B2B SaaS Trial,Display,q3_75,0.0,0.0
EVT_966815,2026-07-29 15:29:18,CMP_102,Tech Gadgets Launch,CTV,q1_25,0.0,0.0
EVT_503612,2026-07-31 05:05:31,CMP_102,Tech Gadgets Launch,CTV,impression,0.0062,0.0
EVT_591274,2026-07-31 09:22:28,CMP_102,Tech Gadgets Launch,CTV,q1_25,0.0,0.0
EVT_846685,2026-07-29 18:02:53,CMP_102,Tech Gadgets Launch,CTV,q1_25,0.0,0.0
EVT_923381,2026-07-30 23:03:40,CMP_102,Tech Gadgets Launch,CTV,impression,0.0028,0.0
EVT_264757,2026-07-30 12:04:26,CMP_102,Tech Gadgets Launch,CTV,impression,0.0067,0.0
EVT_693775,2026-07-29 08:35:53,CMP_102,Tech Gadgets Launch,CTV,click,0.0,0.0
EVT_818581,2026-07-30 10:02:16,CMP_102,Tech Gadgets Launch,CTV,q2_50,0.0,0.0
EVT_853741,2026-07-30 07:18:52,CMP_103,B2B SaaS Trial,Display,impression,0.012,0.0
EVT_872327,2026-07-29 18:26:55,CMP_103,B2B SaaS Trial,Display,q2_50,0.0,0.0
EVT_231959,2026-07-29 12:57:15,CMP_103,B2B SaaS Trial,Display,impression,0.0063,0.0
EVT_272800,2026-07-29 12:14:49,CMP_101,Summer Apparel,OLV,q2_50,0.0,0.0
EVT_411452,2026-07-30 18:06:29,CMP_101,Summer Apparel,OLV,impression,0.0028,0.0
EVT_855949,2026-07-29 06:39:03,CMP_102,Tech Gadgets Launch,CTV,impression,0.0056,0.0
EVT_853482,2026-07-30 17:32:09,CMP_101,Summer Apparel,OLV,q1_25,0.0,0.0
EVT_876823,2026-07-30 08:29:19,CMP_103,B2B SaaS Trial,Display,impression,0.012,0.0
EVT_372880,2026-07-31 04:34:52,CMP_103,B2B SaaS Trial,Display,q1_25,0.0,0.0
EVT_318306,2026-07-30 04:04:45,CMP_103,B2B SaaS Trial,Display,q2_50,0.0,0.0
EVT_910808,2026-07-30 14:30:05,CMP_101,Summer Apparel,OLV,q2_50,0.0,0.0
EVT_496904,2026-07-30 01:41:11,CMP_102,Tech Gadgets Launch,CTV,impression,0.0132,0.0
EVT_330567,2026-07-30 00:17:42,CMP_103,B2B SaaS Trial,Display,impression,0.0057,0.0
EVT_553582,2026-07-29 00:55:28,CMP_101,Summer Apparel,OLV,q1_25,0.0,0.0
EVT_512435,2026-07-29 23:40:39,CMP_102,Tech Gadgets Launch,CTV,q1_25,0.0,0.0
EVT_697396,2026-07-29 21:32:01,CMP_101,Summer Apparel,OLV,q1_25,0.0,0.0
EVT_735677,2026-07-31 18:12:58,CMP_102,Tech Gadgets Launch,CTV,impression,0.0053,0.0
EVT_737831,2026-07-28 20:48:06,CMP_103,B2B SaaS Trial,Display,q1_25,0.0,0.0
EVT_125099,2026-07-30 04:56:06,CMP_101,Summer Apparel,OLV,impression,0.0055,0.0
EVT_617809,2026-07-30 16:03:18,CMP_103,B2B SaaS Trial,Display,q4_100,0.0,0.0
EVT_820158,2026-07-31 15:40:24,CMP_103,B2B SaaS Trial,Display,impression,0.0031,0.0
EVT_770894,2026-07-30 15:23:51,CMP_103,B2B SaaS Trial,Display,q2_50,0.0,0.0
EVT_683751,2026-07-30 05:55:57,CMP_102,Tech Gadgets Launch,CTV,impression,0.0038,0.0
EVT_514905,2026-07-29 09:27:00,CMP_101,Summer Apparel,OLV,q2_50,0.0,0.0
EVT_426959,2026-07-29 17:23:17,CMP_101,Summer Apparel,OLV,q1_25,0.0,0.0
EVT_381576,2026-07-29 19:04:10,CMP_101,Summer Apparel,OLV,q1_25,0.0,0.0
EVT_656858,2026-07-30 14:35:44,CMP_103,B2B SaaS Trial,Display,impression,0.006,0.0
EVT_188653,2026-07-30 08:56:16,CMP_103,B2B SaaS Trial,Display,q4_100,0.0,0.0
EVT_972441,2026-07-29 03:18:41,CMP_102,Tech Gadgets Launch,CTV,q1_25,0.0,0.0
EVT_266402,2026-07-29 01:42:21,CMP_103,B2B SaaS Trial,Display,q2_50,0.0,0.0
EVT_957355,2026-07-29 11:58:30,CMP_101,Summer Apparel,OLV,conversion,0.0,42.87
EVT_852615,2026-07-29 23:09:58,CMP_102,Tech Gadgets Launch,CTV,q1_25,0.0,0.0
EVT_417677,2026-07-31 16:51:03,CMP_101,Summer Apparel,OLV,q4_100,0.0,0.0
EVT_206231,2026-07-30 12:42:40,CMP_102,Tech Gadgets Launch,CTV,click,0.0,0.0
EVT_171073,2026-07-29 23:57:08,CMP_101,Summer Apparel,OLV,q1_25,0.0,0.0
EVT_322043,2026-07-31 18:43:40,CMP_101,Summer Apparel,OLV,q1_25,0.0,0.0
EVT_480964,2026-07-30 11:47:16,CMP_102,Tech Gadgets Launch,CTV,q2_50,0.0,0.0
EVT_365035,2026-07-29 08:25:25,CMP_103,B2B SaaS Trial,Display,q3_75,0.0,0.0
EVT_951884,2026-07-30 03:10:24,CMP_101,Summer Apparel,OLV,impression,0.005,0.0
EVT_691924,2026-07-29 16:05:07,CMP_101,Summer Apparel,OLV,q1_25,0.0,0.0
EVT_334335,2026-07-31 20:26:34,CMP_102,Tech Gadgets Launch,CTV,impression,0.0132,0.0
EVT_259374,2026-07-29 17:36:31,CMP_101,Summer Apparel,OLV,q2_50,0.0,0.0
EVT_419067,2026-07-30 18:07:03,CMP_103,B2B SaaS Trial,Display,impression,0.0129,0.0
EVT_932763,2026-07-30 10:40:44,CMP_102,Tech Gadgets Launch,CTV,impression,0.0041,0.0
EVT_925713,2026-07-30 02:16:32,CMP_101,Summer Apparel,OLV,q2_50,0.0,0.0
EVT_371738,2026-07-29 11:36:32,CMP_103,B2B SaaS Trial,Display,impression,0.0111,0.0
EVT_654666,2026-07-29 03:47:25,CMP_102,Tech Gadgets Launch,CTV,conversion,0.0,32.84
EVT_125325,2026-07-29 00:37:19,CMP_103,B2B SaaS Trial,Display,impression,0.0023,0.0
EVT_131964,2026-07-30 09:19:49,CMP_103,B2B SaaS Trial,Display,q2_50,0.0,0.0
EVT_566738,2026-07-31 05:22:14,CMP_102,Tech Gadgets Launch,CTV,q1_25,0.0,0.0
EVT_444502,2026-07-31 12:39:53,CMP_101,Summer Apparel,OLV,conversion,0.0,75.39
EVT_797921,2026-07-29 08:50:38,CMP_102,Tech Gadgets Launch,CTV,q3_75,0.0,0.0
EVT_886005,2026-07-29 21:06:39,CMP_103,B2B SaaS Trial,Display,q2_50,0.0,0.0
EVT_117187,2026-07-31 06:34:29,CMP_101,Summer Apparel,OLV,impression,0.0095,0.0
EVT_891729,2026-07-30 22:35:11,CMP_103,B2B SaaS Trial,Display,q2_50,0.0,0.0
EVT_134864,2026-07-30 07:38:09,CMP_103,B2B SaaS Trial,Display,impression,0.0039,0.0
EVT_654238,2026-07-29 13:44:17,CMP_102,Tech Gadgets Launch,CTV,impression,0.0023,0.0
EVT_898547,2026-07-30 23:10:16,CMP_101,Summer Apparel,OLV,impression,0.0147,0.0
EVT_361070,2026-07-31 05:15:02,CMP_101,Summer Apparel,OLV,q1_25,0.0,0.0
EVT_301524,2026-07-31 02:07:58,CMP_101,Summer Apparel,OLV,impression,0.0023,0.0
EVT_631221,2026-07-31 09:32:02,CMP_102,Tech Gadgets Launch,CTV,q2_50,0.0,0.0
EVT_205168,2026-07-29 00:13:47,CMP_101,Summer Apparel,OLV,q1_25,0.0,0.0
EVT_900919,2026-07-28 23:14:18,CMP_103,B2B SaaS Trial,Display,impression,0.0146,0.0
EVT_463255,2026-07-31 08:24:16,CMP_101,Summer Apparel,OLV,q1_25,0.0,0.0
EVT_923739,2026-07-29 08:07:32,CMP_101,Summer Apparel,OLV,impression,0.0135,0.0
EVT_457244,2026-07-29 20:08:20,CMP_102,Tech Gadgets Launch,CTV,impression,0.0047,0.0
EVT_279157,2026-07-31 06:57:00,CMP_102,Tech Gadgets Launch,CTV,q3_75,0.0,0.0
EVT_532385,2026-07-31 18:37:27,CMP_103,B2B SaaS Trial,Display,impression,0.0087,0.0
EVT_926177,2026-07-31 04:16:32,CMP_101,Summer Apparel,OLV,impression,0.0088,0.0
EVT_607337,2026-07-28 23:34:52,CMP_102,Tech Gadgets Launch,CTV,q1_25,0.0,0.0
EVT_439344,2026-07-29 15:37:40,CMP_101,Summer Apparel,OLV,q1_25,0.0,0.0
EVT_465307,2026-07-31 13:45:07,CMP_101,Summer Apparel,OLV,impression,0.0139,0.0
EVT_865750,2026-07-31 02:34:37,CMP_101,Summer Apparel,OLV,q1_25,0.0,0.0
EVT_773135,2026-07-31 11:46:05,CMP_101,Summer Apparel,OLV,impression,0.012,0.0
EVT_680675,2026-07-30 13:25:49,CMP_102,Tech Gadgets Launch,CTV,impression,0.005,0.0
EVT_118074,2026-07-29 13:22:53,CMP_101,Summer Apparel,OLV,impression,0.0086,0.0
EVT_120958,2026-07-29 04:31:19,CMP_101,Summer Apparel,OLV,impression,0.0149,0.0
EVT_378350,2026-07-29 01:37:55,CMP_102,Tech Gadgets Launch,CTV,impression,0.014,0.0
EVT_775280,2026-07-31 18:06:34,CMP_103,B2B SaaS Trial,Display,impression,0.0113,0.0
EVT_642760,2026-07-29 20:08:08,CMP_102,Tech Gadgets Launch,CTV,impression,0.0116,0.0
EVT_726022,2026-07-31 10:36:29,CMP_103,B2B SaaS Trial,Display,q2_50,0.0,0.0
EVT_548052,2026-07-29 01:36:36,CMP_103,B2B SaaS Trial,Display,impression,0.0045,0.0
EVT_399745,2026-07-31 03:27:25,CMP_101,Summer Apparel,OLV,q1_25,0.0,0.0
EVT_178364,2026-07-29 04:57:05,CMP_102,Tech Gadgets Launch,CTV,impression,0.0099,0.0
EVT_357364,2026-07-30 10:34:59,CMP_102,Tech Gadgets Launch,CTV,click,0.0,0.0
EVT_807476,2026-07-29 12:24:37,CMP_102,Tech Gadgets Launch,CTV,impression,0.002,0.0
EVT_345752,2026-07-31 11:49:33,CMP_101,Summer Apparel,OLV,impression,0.0029,0.0
EVT_805433,2026-07-30 05:09:02,CMP_103,B2B SaaS Trial,Display,impression,0.0103,0.0
EVT_885332,2026-07-31 04:05:22,CMP_103,B2B SaaS Trial,Display,impression,0.0028,0.0
EVT_955620,2026-07-29 14:37:38,CMP_103,B2B SaaS Trial,Display,q3_75,0.0,0.0
EVT_667370,2026-07-29 23:02:27,CMP_103,B2B SaaS Trial,Display,impression,0.0035,0.0
EVT_401593,2026-07-30 05:15:22,CMP_103,B2B SaaS Trial,Display,impression,0.0123,0.0
EVT_196305,2026-07-31 14:26:33,CMP_102,Tech Gadgets Launch,CTV,q4_100,0.0,0.0
EVT_977278,2026-07-30 08:52:02,CMP_103,B2B SaaS Trial,Display,impression,0.012,0.0
EVT_622467,2026-07-31 14:15:17,CMP_101,Summer Apparel,OLV,click,0.0,0.0
EVT_655070,2026-07-31 05:13:52,CMP_103,B2B SaaS Trial,Display,q2_50,0.0,0.0
EVT_103556,2026-07-29 20:51:34,CMP_103,B2B SaaS Trial,Display,impression,0.0024,0.0
EVT_286648,2026-07-29 00:59:15,CMP_101,Summer Apparel,OLV,q1_25,0.0,0.0
EVT_487559,2026-07-30 20:41:55,CMP_102,Tech Gadgets Launch,CTV,impression,0.0039,0.0
EVT_524269,2026-07-30 12:57:57,CMP_102,Tech Gadgets Launch,CTV,q2_50,0.0,0.0
EVT_958427,2026-07-30 01:41:30,CMP_103,B2B SaaS Trial,Display,q4_100,0.0,0.0
EVT_930702,2026-07-31 18:23:02,CMP_103,B2B SaaS Trial,Display,impression,0.0123,0.0
EVT_883247,2026-07-31 13:49:17,CMP_103,B2B SaaS Trial,Display,impression,0.0064,0.0
EVT_280849,2026-07-30 17:43:04,CMP_102,Tech Gadgets Launch,CTV,impression,0.0113,0.0
EVT_275281,2026-07-31 20:09:28,CMP_102,Tech Gadgets Launch,CTV,impression,0.0108,0.0
EVT_311836,2026-07-30 04:03:35,CMP_103,B2B SaaS Trial,Display,q3_75,0.0,0.0
EVT_934802,2026-07-30 09:12:08,CMP_103,B2B SaaS Trial,Display,impression,0.0149,0.0
EVT_269958,2026-07-29 14:12:57,CMP_103,B2B SaaS Trial,Display,q1_25,0.0,0.0
EVT_103380,2026-07-30 02:58:25,CMP_101,Summer Apparel,OLV,impression,0.003,0.0
EVT_337413,2026-07-29 09:47:54,CMP_103,B2B SaaS Trial,Display,impression,0.0023,0.0
EVT_884225,2026-07-29 05:59:28,CMP_102,Tech Gadgets Launch,CTV,q1_25,0.0,0.0
EVT_317655,2026-07-31 10:44:34,CMP_101,Summer Apparel,OLV,q2_50,0.0,0.0
EVT_690433,2026-07-29 06:42:58,CMP_103,B2B SaaS Trial,Display,impression,0.0112,0.0
EVT_175047,2026-07-29 06:09:14,CMP_103,B2B SaaS Trial,Display,impression,0.0066,0.0
EVT_962424,2026-07-29 05:22:04,CMP_101,Summer Apparel,OLV,impression,0.0037,0.0
EVT_943369,2026-07-31 17:30:42,CMP_101,Summer Apparel,OLV,impression,0.0056,0.0
EVT_484700,2026-07-30 06:47:06,CMP_101,Summer Apparel,OLV,impression,0.0134,0.0
EVT_545045,2026-07-30 15:54:54,CMP_102,Tech Gadgets Launch,CTV,impression,0.0102,0.0
EVT_923313,2026-07-30 21:31:15,CMP_102,Tech Gadgets Launch,CTV,impression,0.0091,0.0
EVT_778205,2026-07-28 22:18:52,CMP_101,Summer Apparel,OLV,q1_25,0.0,0.0
EVT_870977,2026-07-30 16:02:51,CMP_101,Summer Apparel,OLV,click,0.0,0.0
EVT_105883,2026-07-30 05:04:09,CMP_103,B2B SaaS Trial,Display,impression,0.005,0.0
EVT_972989,2026-07-31 09:25:39,CMP_102,Tech Gadgets Launch,CTV,q1_25,0.0,0.0
EVT_586419,2026-07-31 00:11:34,CMP_103,B2B SaaS Trial,Display,impression,0.0111,0.0
EVT_807499,2026-07-29 02:08:28,CMP_103,B2B SaaS Trial,Display,q3_75,0.0,0.0
EVT_352811,2026-07-31 05:00:25,CMP_102,Tech Gadgets Launch,CTV,impression,0.0074,0.0
EVT_566317,2026-07-31 17:23:25,CMP_102,Tech Gadgets Launch,CTV,impression,0.0021,0.0
EVT_391881,2026-07-29 10:28:11,CMP_102,Tech Gadgets Launch,CTV,q1_25,0.0,0.0
EVT_992711,2026-07-28 21:58:59,CMP_103,B2B SaaS Trial,Display,q2_50,0.0,0.0
EVT_325100,2026-07-28 21:19:24,CMP_102,Tech Gadgets Launch,CTV,q2_50,0.0,0.0
EVT_203667,2026-07-28 22:31:13,CMP_102,Tech Gadgets Launch,CTV,impression,0.0046,0.0
EVT_201049,2026-07-30 10:35:43,CMP_102,Tech Gadgets Launch,CTV,impression,0.01,0.0
EVT_265109,2026-07-30 05:10:44,CMP_101,Summer Apparel,OLV,impression,0.0145,0.0
EVT_797331,2026-07-29 20:12:56,CMP_102,Tech Gadgets Launch,CTV,q1_25,0.0,0.0
EVT_207997,2026-07-31 11:22:38,CMP_101,Summer Apparel,OLV,q1_25,0.0,0.0
EVT_229024,2026-07-31 03:18:57,CMP_101,Summer Apparel,OLV,impression,0.0123,0.0
EVT_543730,2026-07-29 22:34:28,CMP_101,Summer Apparel,OLV,impression,0.0086,0.0
EVT_753342,2026-07-31 05:57:04,CMP_103,B2B SaaS Trial,Display,impression,0.0125,0.0
EVT_736205,2026-07-30 12:19:57,CMP_102,Tech Gadgets Launch,CTV,q2_50,0.0,0.0
EVT_834012,2026-07-30 04:36:23,CMP_101,Summer Apparel,OLV,q2_50,0.0,0.0
EVT_409451,2026-07-30 18:21:43,CMP_103,B2B SaaS Trial,Display,impression,0.0024,0.0
EVT_762893,2026-07-29 11:39:28,CMP_103,B2B SaaS Trial,Display,impression,0.0084,0.0
EVT_438912,2026-07-31 03:40:47,CMP_103,B2B SaaS Trial,Display,impression,0.0099,0.0
EVT_424673,2026-07-29 06:54:32,CMP_102,Tech Gadgets Launch,CTV,impression,0.0079,0.0
EVT_410081,2026-07-29 09:41:10,CMP_101,Summer Apparel,OLV,q2_50,0.0,0.0
EVT_546253,2026-07-29 06:15:58,CMP_101,Summer Apparel,OLV,q2_50,0.0,0.0
EVT_431422,2026-07-28 21:53:26,CMP_102,Tech Gadgets Launch,CTV,q4_100,0.0,0.0
EVT_678527,2026-07-29 05:56:27,CMP_101,Summer Apparel,OLV,q1_25,0.0,0.0
EVT_302429,2026-07-30 21:48:38,CMP_101,Summer Apparel,OLV,q1_25,0.0,0.0
EVT_408669,2026-07-29 18:28:11,CMP_102,Tech Gadgets Launch,CTV,q3_75,0.0,0.0
EVT_686872,2026-07-29 19:36:14,CMP_103,B2B SaaS Trial,Display,impression,0.0119,0.0
EVT_774992,2026-07-30 02:43:24,CMP_101,Summer Apparel,OLV,q2_50,0.0,0.0
EVT_264695,2026-07-30 14:19:04,CMP_102,Tech Gadgets Launch,CTV,q1_25,0.0,0.0
EVT_779495,2026-07-30 00:03:50,CMP_101,Summer Apparel,OLV,q2_50,0.0,0.0
EVT_693818,2026-07-29 06:53:21,CMP_103,B2B SaaS Trial,Display,q2_50,0.0,0.0
EVT_118654,2026-07-30 00:18:04,CMP_102,Tech Gadgets Launch,CTV,q2_50,0.0,0.0
EVT_939581,2026-07-29 13:43:11,CMP_102,Tech Gadgets Launch,CTV,impression,0.0029,0.0
EVT_724377,2026-07-29 21:48:19,CMP_101,Summer Apparel,OLV,q4_100,0.0,0.0
EVT_534870,2026-07-30 00:12:07,CMP_101,Summer Apparel,OLV,impression,0.0038,0.0
EVT_538191,2026-07-29 04:57:27,CMP_103,B2B SaaS Trial,Display,q3_75,0.0,0.0
EVT_779439,2026-07-29 15:02:10,CMP_101,Summer Apparel,OLV,q1_25,0.0,0.0
EVT_847853,2026-07-31 15:08:56,CMP_101,Summer Apparel,OLV,impression,0.0039,0.0
EVT_507681,2026-07-30 14:05:01,CMP_102,Tech Gadgets Launch,CTV,click,0.0,0.0
EVT_904144,2026-07-29 05:31:40,CMP_101,Summer Apparel,OLV,impression,0.0148,0.0
EVT_777637,2026-07-30 00:26:12,CMP_101,Summer Apparel,OLV,impression,0.0068,0.0
EVT_514731,2026-07-29 05:31:21,CMP_101,Summer Apparel,OLV,q1_25,0.0,0.0
EVT_213186,2026-07-30 13:23:07,CMP_101,Summer Apparel,OLV,impression,0.0022,0.0
EVT_659876,2026-07-30 22:51:25,CMP_101,Summer Apparel,OLV,impression,0.0125,0.0
EVT_905577,2026-07-31 06:23:58,CMP_103,B2B SaaS Trial,Display,q1_25,0.0,0.0
EVT_941996,2026-07-30 09:08:10,CMP_103,B2B SaaS Trial,Display,impression,0.0028,0.0
EVT_469072,2026-07-30 08:53:38,CMP_101,Summer Apparel,OLV,impression,0.0039,0.0
EVT_191603,2026-07-28 23:05:13,CMP_101,Summer Apparel,OLV,impression,0.0092,0.0
EVT_373458,2026-07-29 00:42:28,CMP_101,Summer Apparel,OLV,q2_50,0.0,0.0
EVT_753415,2026-07-29 03:11:13,CMP_102,Tech Gadgets Launch,CTV,impression,0.006,0.0
EVT_521544,2026-07-30 10:55:21,CMP_103,B2B SaaS Trial,Display,impression,0.0145,0.0
EVT_276442,2026-07-29 04:42:45,CMP_102,Tech Gadgets Launch,CTV,q2_50,0.0,0.0
EVT_483491,2026-07-29 23:10:31,CMP_103,B2B SaaS Trial,Display,click,0.0,0.0
EVT_362340,2026-07-29 10:19:25,CMP_103,B2B SaaS Trial,Display,q1_25,0.0,0.0
EVT_510945,2026-07-31 16:45:39,CMP_101,Summer Apparel,OLV,q1_25,0.0,0.0
EVT_320142,2026-07-30 13:20:24,CMP_101,Summer Apparel,OLV,impression,0.0089,0.0
EVT_102942,2026-07-31 08:33:27,CMP_101,Summer Apparel,OLV,impression,0.0071,0.0
EVT_217001,2026-07-29 03:33:16,CMP_102,Tech Gadgets Launch,CTV,impression,0.0138,0.0
EVT_793943,2026-07-29 17:16:04,CMP_102,Tech Gadgets Launch,CTV,impression,0.0067,0.0
EVT_866092,2026-07-29 14:24:42,CMP_103,B2B SaaS Trial,Display,q1_25,0.0,0.0
EVT_616923,2026-07-29 02:50:10,CMP_103,B2B SaaS Trial,Display,impression,0.0137,0.0
EVT_681765,2026-07-31 12:51:06,CMP_103,B2B SaaS Trial,Display,q2_50,0.0,0.0
EVT_847201,2026-07-30 12:12:19,CMP_101,Summer Apparel,OLV,impression,0.0147,0.0
EVT_307897,2026-07-30 16:24:43,CMP_102,Tech Gadgets Launch,CTV,impression,0.006,0.0
EVT_630263,2026-07-29 03:39:52,CMP_103,B2B SaaS Trial,Display,click,0.0,0.0
EVT_937126,2026-07-31 01:17:02,CMP_101,Summer Apparel,OLV,impression,0.0035,0.0
EVT_533214,2026-07-29 12:12:15,CMP_103,B2B SaaS Trial,Display,q3_75,0.0,0.0
EVT_131895,2026-07-30 19:36:31,CMP_102,Tech Gadgets Launch,CTV,q1_25,0.0,0.0
EVT_830968,2026-07-31 16:56:42,CMP_103,B2B SaaS Trial,Display,q3_75,0.0,0.0
EVT_101169,2026-07-30 02:20:11,CMP_102,Tech Gadgets Launch,CTV,impression,0.0108,0.0
EVT_393185,2026-07-29 05:51:24,CMP_101,Summer Apparel,OLV,q1_25,0.0,0.0
EVT_627795,2026-07-29 23:08:36,CMP_102,Tech Gadgets Launch,CTV,impression,0.0068,0.0
EVT_566563,2026-07-30 01:38:25,CMP_102,Tech Gadgets Launch,CTV,q3_75,0.0,0.0
EVT_766790,2026-07-31 04:25:02,CMP_102,Tech Gadgets Launch,CTV,q1_25,0.0,0.0
EVT_392483,2026-07-29 03:32:02,CMP_102,Tech Gadgets Launch,CTV,impression,0.0071,0.0
EVT_656225,2026-07-30 17:27:44,CMP_103,B2B SaaS Trial,Display,q1_25,0.0,0.0
EVT_541989,2026-07-28 21:29:22,CMP_102,Tech Gadgets Launch,CTV,q2_50,0.0,0.0
EVT_995512,2026-07-30 09:23:23,CMP_102,Tech Gadgets Launch,CTV,q1_25,0.0,0.0
EVT_602419,2026-07-28 22:26:10,CMP_103,B2B SaaS Trial,Display,impression,0.0029,0.0
EVT_380171,2026-07-30 17:07:15,CMP_101,Summer Apparel,OLV,impression,0.0106,0.0
EVT_973223,2026-07-31 10:13:15,CMP_101,Summer Apparel,OLV,impression,0.0083,0.0
EVT_175507,2026-07-30 11:04:49,CMP_101,Summer Apparel,OLV,q2_50,0.0,0.0
EVT_682921,2026-07-31 06:44:49,CMP_102,Tech Gadgets Launch,CTV,impression,0.0116,0.0
EVT_453223,2026-07-29 09:49:25,CMP_101,Summer Apparel,OLV,q2_50,0.0,0.0
EVT_702722,2026-07-29 09:48:01,CMP_102,Tech Gadgets Launch,CTV,impression,0.0087,0.0
EVT_401071,2026-07-31 01:33:46,CMP_103,B2B SaaS Trial,Display,q1_25,0.0,0.0
EVT_180354,2026-07-31 03:44:33,CMP_103,B2B SaaS Trial,Display,impression,0.0029,0.0
EVT_277893,2026-07-29 20:07:48,CMP_102,Tech Gadgets Launch,CTV,impression,0.0135,0.0
EVT_945406,2026-07-29 12:22:09,CMP_101,Summer Apparel,OLV,q2_50,0.0,0.0
EVT_315071,2026-07-31 07:30:22,CMP_102,Tech Gadgets Launch,CTV,impression,0.0059,0.0
EVT_629031,2026-07-30 15:31:52,CMP_103,B2B SaaS Trial,Display,impression,0.0092,0.0
EVT_459440,2026-07-30 19:56:41,CMP_101,Summer Apparel,OLV,impression,0.0098,0.0
EVT_446742,2026-07-31 13:01:41,CMP_102,Tech Gadgets Launch,CTV,impression,0.0109,0.0
EVT_860065,2026-07-29 13:30:25,CMP_102,Tech Gadgets Launch,CTV,impression,0.0077,0.0
EVT_954702,2026-07-28 21:24:31,CMP_101,Summer Apparel,OLV,q1_25,0.0,0.0
EVT_482135,2026-07-29 08:10:17,CMP_101,Summer Apparel,OLV,q1_25,0.0,0.0
EVT_773181,2026-07-29 22:50:55,CMP_102,Tech Gadgets Launch,CTV,q2_50,0.0,0.0
EVT_178936,2026-07-29 09:45:00,CMP_103,B2B SaaS Trial,Display,impression,0.0022,0.0
EVT_227830,2026-07-30 20:23:23,CMP_103,B2B SaaS Trial,Display,conversion,0.0,59.67
EVT_461189,2026-07-31 10:10:01,CMP_101,Summer Apparel,OLV,impression,0.0112,0.0
EVT_414642,2026-07-31 05:58:18,CMP_102,Tech Gadgets Launch,CTV,q2_50,0.0,0.0
EVT_652483,2026-07-30 12:46:58,CMP_102,Tech Gadgets Launch,CTV,q2_50,0.0,0.0
EVT_952858,2026-07-30 11:05:01,CMP_102,Tech Gadgets Launch,CTV,impression,0.008,0.0
EVT_640328,2026-07-30 08:15:54,CMP_103,B2B SaaS Trial,Display,impression,0.0126,0.0
EVT_102215,2026-07-30 12:09:21,CMP_101,Summer Apparel,OLV,q4_100,0.0,0.0
EVT_261907,2026-07-29 17:48:00,CMP_101,Summer Apparel,OLV,q1_25,0.0,0.0
EVT_735861,2026-07-28 21:10:16,CMP_102,Tech Gadgets Launch,CTV,q1_25,0.0,0.0
EVT_882418,2026-07-30 04:25:30,CMP_103,B2B SaaS Trial,Display,impression,0.0121,0.0
EVT_848132,2026-07-30 14:26:16,CMP_103,B2B SaaS Trial,Display,q3_75,0.0,0.0
EVT_963893,2026-07-29 21:30:38,CMP_101,Summer Apparel,OLV,q1_25,0.0,0.0
EVT_306577,2026-07-30 18:19:50,CMP_103,B2B SaaS Trial,Display,impression,0.008,0.0
EVT_774162,2026-07-30 11:51:31,CMP_103,B2B SaaS Trial,Display,impression,0.0124,0.0
EVT_446250,2026-07-29 22:21:52,CMP_102,Tech Gadgets Launch,CTV,q2_50,0.0,0.0
EVT_364828,2026-07-31 10:31:22,CMP_101,Summer Apparel,OLV,q1_25,0.0,0.0
EVT_593156,2026-07-29 03:31:38,CMP_101,Summer Apparel,OLV,impression,0.0058,0.0
EVT_205336,2026-07-28 22:49:18,CMP_102,Tech Gadgets Launch,CTV,impression,0.0043,0.0
EVT_407528,2026-07-29 08:44:50,CMP_102,Tech Gadgets Launch,CTV,q1_25,0.0,0.0
EVT_871743,2026-07-28 21:14:36,CMP_101,Summer Apparel,OLV,impression,0.0055,0.0
EVT_284442,2026-07-31 19:39:58,CMP_103,B2B SaaS Trial,Display,impression,0.0027,0.0
EVT_516366,2026-07-30 23:41:00,CMP_103,B2B SaaS Trial,Display,impression,0.012,0.0
EVT_893269,2026-07-29 01:44:08,CMP_101,Summer Apparel,OLV,impression,0.0075,0.0
EVT_428450,2026-07-31 19:52:59,CMP_101,Summer Apparel,OLV,q2_50,0.0,0.0
EVT_546139,2026-07-31 00:48:16,CMP_102,Tech Gadgets Launch,CTV,impression,0.0091,0.0
EVT_213371,2026-07-31 08:16:53,CMP_101,Summer Apparel,OLV,impression,0.0087,0.0
EVT_784392,2026-07-30 21:06:59,CMP_101,Summer Apparel,OLV,impression,0.0094,0.0
EVT_347717,2026-07-29 20:13:25,CMP_101,Summer Apparel,OLV,q1_25,0.0,0.0
EVT_321742,2026-07-31 13:24:50,CMP_101,Summer Apparel,OLV,impression,0.014,0.0
EVT_488668,2026-07-28 22:45:30,CMP_103,B2B SaaS Trial,Display,q1_25,0.0,0.0
EVT_223500,2026-07-29 11:40:31,CMP_101,Summer Apparel,OLV,impression,0.0071,0.0
EVT_347987,2026-07-31 11:31:52,CMP_103,B2B SaaS Trial,Display,q3_75,0.0,0.0
EVT_962608,2026-07-29 01:11:27,CMP_102,Tech Gadgets Launch,CTV,impression,0.0068,0.0
EVT_134056,2026-07-29 16:43:22,CMP_102,Tech Gadgets Launch,CTV,impression,0.0044,0.0
EVT_170336,2026-07-29 19:46:48,CMP_102,Tech Gadgets Launch,CTV,q1_25,0.0,0.0
EVT_746879,2026-07-31 06:20:56,CMP_102,Tech Gadgets Launch,CTV,q2_50,0.0,0.0
EVT_732288,2026-07-30 03:19:54,CMP_102,Tech Gadgets Launch,CTV,impression,0.0115,0.0
EVT_163773,2026-07-30 02:17:23,CMP_102,Tech Gadgets Launch,CTV,q2_50,0.0,0.0
EVT_418540,2026-07-29 21:30:20,CMP_101,Summer Apparel,OLV,q3_75,0.0,0.0
EVT_998507,2026-07-30 22:19:09,CMP_103,B2B SaaS Trial,Display,q1_25,0.0,0.0
EVT_726041,2026-07-29 19:32:46,CMP_101,Summer Apparel,OLV,impression,0.0085,0.0
EVT_293691,2026-07-30 04:07:44,CMP_101,Summer Apparel,OLV,q1_25,0.0,0.0
EVT_358016,2026-07-29 22:35:05,CMP_103,B2B SaaS Trial,Display,impression,0.0033,0.0
EVT_953544,2026-07-30 06:43:43,CMP_103,B2B SaaS Trial,Display,impression,0.0125,0.0
EVT_894464,2026-07-31 03:51:31,CMP_102,Tech Gadgets Launch,CTV,q1_25,0.0,0.0
EVT_188802,2026-07-31 18:44:03,CMP_103,B2B SaaS Trial,Display,impression,0.0107,0.0
EVT_642203,2026-07-30 02:59:24,CMP_103,B2B SaaS Trial,Display,q2_50,0.0,0.0
EVT_436553,2026-07-31 19:23:31,CMP_103,B2B SaaS Trial,Display,impression,0.0024,0.0
EVT_337241,2026-07-29 22:26:46,CMP_103,B2B SaaS Trial,Display,q4_100,0.0,0.0
EVT_979419,2026-07-31 18:19:46,CMP_103,B2B SaaS Trial,Display,q2_50,0.0,0.0
EVT_957724,2026-07-30 12:31:48,CMP_102,Tech Gadgets Launch,CTV,q1_25,0.0,0.0
EVT_216957,2026-07-31 15:42:56,CMP_103,B2B SaaS Trial,Display,conversion,0.0,33.36
EVT_399288,2026-07-29 19:01:00,CMP_103,B2B SaaS Trial,Display,impression,0.0147,0.0
EVT_992024,2026-07-28 21:58:09,CMP_103,B2B SaaS Trial,Display,impression,0.0109,0.0
EVT_257532,2026-07-30 11:13:57,CMP_103,B2B SaaS Trial,Display,q2_50,0.0,0.0
EVT_836490,2026-07-29 07:12:18,CMP_103,B2B SaaS Trial,Display,impression,0.011,0.0
EVT_938029,2026-07-31 11:58:59,CMP_102,Tech Gadgets Launch,CTV,q1_25,0.0,0.0
EVT_215465,2026-07-29 18:42:14,CMP_101,Summer Apparel,OLV,impression,0.0075,0.0
EVT_724537,2026-07-30 09:26:52,CMP_103,B2B SaaS Trial,Display,q2_50,0.0,0.0
EVT_571602,2026-07-30 04:49:56,CMP_103,B2B SaaS Trial,Display,q1_25,0.0,0.0
EVT_289238,2026-07-31 02:33:02,CMP_101,Summer Apparel,OLV,q1_25,0.0,0.0
EVT_508161,2026-07-31 15:34:28,CMP_103,B2B SaaS Trial,Display,q1_25,0.0,0.0
EVT_433175,2026-07-30 00:48:18,CMP_101,Summer Apparel,OLV,impression,0.0085,0.0
EVT_679633,2026-07-30 06:01:49,CMP_102,Tech Gadgets Launch,CTV,impression,0.0071,0.0
EVT_361305,2026-07-30 17:29:47,CMP_103,B2B SaaS Trial,Display,impression,0.0095,0.0
EVT_440852,2026-07-31 11:39:15,CMP_103,B2B SaaS Trial,Display,impression,0.0045,0.0
EVT_241769,2026-07-29 01:46:14,CMP_102,Tech Gadgets Launch,CTV,impression,0.0078,0.0
EVT_397937,2026-07-29 23:02:46,CMP_101,Summer Apparel,OLV,q1_25,0.0,0.0
EVT_148235,2026-07-29 11:05:16,CMP_102,Tech Gadgets Launch,CTV,q3_75,0.0,0.0
EVT_526802,2026-07-29 12:26:35,CMP_102,Tech Gadgets Launch,CTV,q1_25,0.0,0.0
EVT_238513,2026-07-29 02:08:39,CMP_103,B2B SaaS Trial,Display,impression,0.0082,0.0
EVT_497896,2026-07-29 12:33:35,CMP_101,Summer Apparel,OLV,q1_25,0.0,0.0
EVT_456826,2026-07-30 05:56:45,CMP_103,B2B SaaS Trial,Display,q1_25,0.0,0.0
EVT_154452,2026-07-31 00:59:37,CMP_101,Summer Apparel,OLV,impression,0.012,0.0
EVT_352375,2026-07-31 15:37:08,CMP_101,Summer Apparel,OLV,q1_25,0.0,0.0
EVT_784851,2026-07-30 14:21:47,CMP_102,Tech Gadgets Launch,CTV,click,0.0,0.0
EVT_779896,2026-07-31 15:47:38,CMP_103,B2B SaaS Trial,Display,q1_25,0.0,0.0
EVT_836356,2026-07-30 09:48:28,CMP_103,B2B SaaS Trial,Display,impression,0.002,0.0
EVT_929679,2026-07-30 06:07:28,CMP_101,Summer Apparel,OLV,impression,0.0048,0.0
EVT_614160,2026-07-30 19:19:15,CMP_101,Summer Apparel,OLV,q4_100,0.0,0.0
EVT_839642,2026-07-31 12:47:00,CMP_103,B2B SaaS Trial,Display,q4_100,0.0,0.0
EVT_529687,2026-07-30 09:18:57,CMP_103,B2B SaaS Trial,Display,impression,0.0044,0.0
EVT_709907,2026-07-31 08:13:21,CMP_102,Tech Gadgets Launch,CTV,q1_25,0.0,0.0
EVT_246342,2026-07-30 15:16:57,CMP_103,B2B SaaS Trial,Display,impression,0.004,0.0
EVT_910949,2026-07-29 01:05:11,CMP_101,Summer Apparel,OLV,impression,0.0088,0.0
EVT_802532,2026-07-31 18:08:17,CMP_102,Tech Gadgets Launch,CTV,q1_25,0.0,0.0
EVT_392030,2026-07-31 03:56:08,CMP_102,Tech Gadgets Launch,CTV,impression,0.0047,0.0
EVT_674738,2026-07-29 16:52:56,CMP_103,B2B SaaS Trial,Display,impression,0.0054,0.0
EVT_369886,2026-07-30 01:18:54,CMP_101,Summer Apparel,OLV,impression,0.0043,0.0
EVT_598453,2026-07-29 23:36:25,CMP_102,Tech Gadgets Launch,CTV,q1_25,0.0,0.0
EVT_619976,2026-07-31 17:11:05,CMP_102,Tech Gadgets Launch,CTV,q2_50,0.0,0.0
EVT_144967,2026-07-29 06:37:23,CMP_101,Summer Apparel,OLV,q1_25,0.0,0.0
EVT_783556,2026-07-30 03:06:43,CMP_101,Summer Apparel,OLV,impression,0.0046,0.0
EVT_939506,2026-07-30 21:36:46,CMP_102,Tech Gadgets Launch,CTV,impression,0.0025,0.0
EVT_528670,2026-07-30 14:53:45,CMP_101,Summer Apparel,OLV,q1_25,0.0,0.0
EVT_273194,2026-07-29 00:08:49,CMP_101,Summer Apparel,OLV,impression,0.0093,0.0
EVT_841389,2026-07-30 05:34:34,CMP_101,Summer Apparel,OLV,impression,0.0072,0.0
EVT_334026,2026-07-30 09:11:20,CMP_102,Tech Gadgets Launch,CTV,q1_25,0.0,0.0
EVT_574588,2026-07-31 07:12:05,CMP_102,Tech Gadgets Launch,CTV,q3_75,0.0,0.0
EVT_172515,2026-07-29 15:23:03,CMP_101,Summer Apparel,OLV,q1_25,0.0,0.0
EVT_433433,2026-07-30 03:57:50,CMP_102,Tech Gadgets Launch,CTV,impression,0.0113,0.0
EVT_598491,2026-07-31 02:51:23,CMP_102,Tech Gadgets Launch,CTV,q3_75,0.0,0.0
EVT_278596,2026-07-29 09:14:35,CMP_101,Summer Apparel,OLV,q3_75,0.0,0.0
EVT_577931,2026-07-29 00:13:00,CMP_103,B2B SaaS Trial,Display,impression,0.0069,0.0
EVT_690655,2026-07-29 20:00:23,CMP_103,B2B SaaS Trial,Display,q1_25,0.0,0.0
EVT_862672,2026-07-31 09:52:17,CMP_103,B2B SaaS Trial,Display,q1_25,0.0,0.0
EVT_735967,2026-07-30 05:46:33,CMP_102,Tech Gadgets Launch,CTV,q2_50,0.0,0.0
EVT_799419,2026-07-30 03:43:11,CMP_103,B2B SaaS Trial,Display,q3_75,0.0,0.0
EVT_150597,2026-07-29 15:36:06,CMP_102,Tech Gadgets Launch,CTV,impression,0.007,0.0
EVT_956070,2026-07-30 00:23:21,CMP_101,Summer Apparel,OLV,impression,0.0083,0.0
EVT_797390,2026-07-30 04:22:49,CMP_102,Tech Gadgets Launch,CTV,q1_25,0.0,0.0
EVT_512964,2026-07-31 07:51:28,CMP_101,Summer Apparel,OLV,q3_75,0.0,0.0
EVT_783669,2026-07-31 20:15:00,CMP_101,Summer Apparel,OLV,q2_50,0.0,0.0
EVT_431053,2026-07-30 03:59:26,CMP_102,Tech Gadgets Launch,CTV,impression,0.015,0.0
EVT_494197,2026-07-29 22:37:21,CMP_102,Tech Gadgets Launch,CTV,q2_50,0.0,0.0
EVT_905620,2026-07-31 08:35:28,CMP_102,Tech Gadgets Launch,CTV,impression,0.0036,0.0
EVT_330928,2026-07-31 03:13:03,CMP_101,Summer Apparel,OLV,impression,0.0078,0.0
EVT_177202,2026-07-30 01:57:39,CMP_102,Tech Gadgets Launch,CTV,impression,0.0063,0.0
EVT_427848,2026-07-29 12:56:06,CMP_101,Summer Apparel,OLV,impression,0.0094,0.0
EVT_842617,2026-07-29 14:05:57,CMP_102,Tech Gadgets Launch,CTV,q1_25,0.0,0.0
EVT_793784,2026-07-29 15:17:25,CMP_103,B2B SaaS Trial,Display,impression,0.0132,0.0
EVT_668429,2026-07-30 18:34:23,CMP_102,Tech Gadgets Launch,CTV,impression,0.0149,0.0
EVT_459490,2026-07-30 20:38:42,CMP_102,Tech Gadgets Launch,CTV,q1_25,0.0,0.0
EVT_835854,2026-07-29 20:18:07,CMP_101,Summer Apparel,OLV,impression,0.0039,0.0
EVT_575770,2026-07-31 20:35:30,CMP_103,B2B SaaS Trial,Display,q2_50,0.0,0.0
EVT_196563,2026-07-31 02:17:30,CMP_102,Tech Gadgets Launch,CTV,q1_25,0.0,0.0
EVT_551597,2026-07-31 04:51:09,CMP_103,B2B SaaS Trial,Display,q1_25,0.0,0.0
EVT_344450,2026-07-30 04:55:29,CMP_103,B2B SaaS Trial,Display,impression,0.0111,0.0
EVT_227534,2026-07-30 07:40:09,CMP_101,Summer Apparel,OLV,q1_25,0.0,0.0
EVT_492584,2026-07-30 20:01:25,CMP_103,B2B SaaS Trial,Display,q3_75,0.0,0.0
EVT_709968,2026-07-30 19:23:45,CMP_102,Tech Gadgets Launch,CTV,impression,0.0065,0.0
EVT_560131,2026-07-30 16:33:26,CMP_101,Summer Apparel,OLV,impression,0.0037,0.0
EVT_293025,2026-07-31 08:13:48,CMP_101,Summer Apparel,OLV,impression,0.0105,0.0
EVT_208012,2026-07-30 11:17:32,CMP_101,Summer Apparel,OLV,impression,0.0058,0.0
EVT_237331,2026-07-28 20:39:07,CMP_103,B2B SaaS Trial,Display,q4_100,0.0,0.0
EVT_478765,2026-07-30 18:30:39,CMP_101,Summer Apparel,OLV,q1_25,0.0,0.0
EVT_995482,2026-07-31 01:50:21,CMP_102,Tech Gadgets Launch,CTV,q1_25,0.0,0.0
EVT_442677,2026-07-31 04:08:52,CMP_101,Summer Apparel,OLV,impression,0.0042,0.0
EVT_235448,2026-07-31 11:42:30,CMP_103,B2B SaaS Trial,Display,click,0.0,0.0
EVT_267914,2026-07-31 03:34:51,CMP_102,Tech Gadgets Launch,CTV,conversion,0.0,87.64
EVT_851887,2026-07-31 19:50:31,CMP_103,B2B SaaS Trial,Display,q1_25,0.0,0.0
EVT_290889,2026-07-31 12:34:13,CMP_101,Summer Apparel,OLV,impression,0.009,0.0
EVT_314694,2026-07-30 20:50:56,CMP_101,Summer Apparel,OLV,impression,0.0146,0.0
EVT_292131,2026-07-30 16:10:00,CMP_102,Tech Gadgets Launch,CTV,q1_25,0.0,0.0
EVT_423716,2026-07-29 20:09:34,CMP_103,B2B SaaS Trial,Display,q1_25,0.0,0.0
EVT_138239,2026-07-30 18:23:14,CMP_101,Summer Apparel,OLV,q1_25,0.0,0.0
EVT_129386,2026-07-30 15:26:30,CMP_102,Tech Gadgets Launch,CTV,q1_25,0.0,0.0
EVT_187990,2026-07-30 05:14:14,CMP_101,Summer Apparel,OLV,impression,0.0094,0.0
EVT_947298,2026-07-30 08:53:56,CMP_101,Summer Apparel,OLV,q1_25,0.0,0.0
EVT_194208,2026-07-31 00:03:19,CMP_103,B2B SaaS Trial,Display,q4_100,0.0,0.0
EVT_565927,2026-07-29 17:30:30,CMP_103,B2B SaaS Trial,Display,impression,0.0024,0.0
EVT_241235,2026-07-31 19:27:45,CMP_102,Tech Gadgets Launch,CTV,impression,0.0139,0.0
EVT_464854,2026-07-28 23:36:14,CMP_101,Summer Apparel,OLV,q1_25,0.0,0.0
EVT_503131,2026-07-31 14:19:47,CMP_101,Summer Apparel,OLV,click,0.0,0.0
EVT_570087,2026-07-28 21:47:10,CMP_101,Summer Apparel,OLV,conversion,0.0,45.57
EVT_722214,2026-07-31 19:42:46,CMP_103,B2B SaaS Trial,Display,impression,0.0137,0.0
EVT_669366,2026-07-29 22:21:38,CMP_101,Summer Apparel,OLV,click,0.0,0.0
EVT_526722,2026-07-31 11:50:16,CMP_102,Tech Gadgets Launch,CTV,impression,0.0075,0.0
EVT_125082,2026-07-29 15:35:07,CMP_102,Tech Gadgets Launch,CTV,impression,0.0103,0.0
EVT_391401,2026-07-29 09:06:46,CMP_101,Summer Apparel,OLV,q2_50,0.0,0.0
EVT_494422,2026-07-31 08:09:48,CMP_103,B2B SaaS Trial,Display,q3_75,0.0,0.0
EVT_666355,2026-07-31 17:07:47,CMP_103,B2B SaaS Trial,Display,q1_25,0.0,0.0
EVT_729675,2026-07-30 21:13:39,CMP_101,Summer Apparel,OLV,impression,0.0081,0.0
EVT_405376,2026-07-29 21:36:42,CMP_103,B2B SaaS Trial,Display,q1_25,0.0,0.0
EVT_546786,2026-07-28 21:23:16,CMP_101,Summer Apparel,OLV,q3_75,0.0,0.0
EVT_229796,2026-07-30 07:12:20,CMP_103,B2B SaaS Trial,Display,q2_50,0.0,0.0
EVT_372081,2026-07-30 18:37:30,CMP_103,B2B SaaS Trial,Display,impression,0.0047,0.0
EVT_331559,2026-07-31 13:07:23,CMP_103,B2B SaaS Trial,Display,q1_25,0.0,0.0
EVT_226741,2026-07-29 13:24:24,CMP_102,Tech Gadgets Launch,CTV,impression,0.0133,0.0
EVT_197859,2026-07-30 21:53:09,CMP_101,Summer Apparel,OLV,q2_50,0.0,0.0
EVT_310749,2026-07-31 07:51:33,CMP_102,Tech Gadgets Launch,CTV,q1_25,0.0,0.0
EVT_891838,2026-07-31 06:02:41,CMP_101,Summer Apparel,OLV,q3_75,0.0,0.0
EVT_557996,2026-07-31 09:50:56,CMP_102,Tech Gadgets Launch,CTV,impression,0.0078,0.0
EVT_713688,2026-07-31 16:00:54,CMP_101,Summer Apparel,OLV,q3_75,0.0,0.0
EVT_917795,2026-07-29 06:55:26,CMP_101,Summer Apparel,OLV,impression,0.0025,0.0
EVT_722266,2026-07-31 04:47:40,CMP_101,Summer Apparel,OLV,q1_25,0.0,0.0
EVT_789688,2026-07-29 02:25:35,CMP_102,Tech Gadgets Launch,CTV,impression,0.0076,0.0
EVT_397457,2026-07-31 11:19:36,CMP_101,Summer Apparel,OLV,impression,0.0047,0.0
EVT_821750,2026-07-31 09:08:05,CMP_103,B2B SaaS Trial,Display,impression,0.0136,0.0
EVT_934320,2026-07-31 15:39:53,CMP_102,Tech Gadgets Launch,CTV,impression,0.0134,0.0
EVT_940089,2026-07-30 08:19:48,CMP_102,Tech Gadgets Launch,CTV,impression,0.0065,0.0
EVT_776623,2026-07-29 05:45:59,CMP_103,B2B SaaS Trial,Display,q1_25,0.0,0.0
EVT_807956,2026-07-31 14:31:58,CMP_102,Tech Gadgets Launch,CTV,impression,0.0129,0.0
EVT_757794,2026-07-29 15:59:30,CMP_102,Tech Gadgets Launch,CTV,impression,0.0124,0.0
EVT_146704,2026-07-31 12:12:38,CMP_102,Tech Gadgets Launch,CTV,impression,0.0034,0.0
EVT_960604,2026-07-30 13:52:58,CMP_101,Summer Apparel,OLV,q1_25,0.0,0.0
EVT_173890,2026-07-29 18:33:56,CMP_101,Summer Apparel,OLV,impression,0.006,0.0
EVT_707199,2026-07-29 02:44:38,CMP_101,Summer Apparel,OLV,q4_100,0.0,0.0
EVT_542156,2026-07-29 00:22:30,CMP_102,Tech Gadgets Launch,CTV,impression,0.0089,0.0
EVT_603702,2026-07-29 12:28:20,CMP_101,Summer Apparel,OLV,q1_25,0.0,0.0
EVT_439357,2026-07-29 23:48:40,CMP_103,B2B SaaS Trial,Display,q4_100,0.0,0.0
EVT_444725,2026-07-29 02:17:50,CMP_102,Tech Gadgets Launch,CTV,q1_25,0.0,0.0
EVT_243045,2026-07-30 18:15:04,CMP_103,B2B SaaS Trial,Display,impression,0.0048,0.0
EVT_401791,2026-07-30 09:47:58,CMP_102,Tech Gadgets Launch,CTV,impression,0.0075,0.0
EVT_272444,2026-07-29 16:31:47,CMP_101,Summer Apparel,OLV,impression,0.0062,0.0
EVT_899400,2026-07-31 13:17:23,CMP_103,B2B SaaS Trial,Display,q1_25,0.0,0.0
EVT_176300,2026-07-30 12:36:26,CMP_103,B2B SaaS Trial,Display,impression,0.0037,0.0
EVT_630941,2026-07-29 08:58:48,CMP_101,Summer Apparel,OLV,impression,0.0063,0.0
EVT_403831,2026-07-31 12:47:05,CMP_101,Summer Apparel,OLV,q1_25,0.0,0.0
EVT_364535,2026-07-31 13:16:05,CMP_103,B2B SaaS Trial,Display,q4_100,0.0,0.0
EVT_260978,2026-07-29 02:52:02,CMP_103,B2B SaaS Trial,Display,impression,0.0077,0.0
EVT_811334,2026-07-30 01:22:19,CMP_102,Tech Gadgets Launch,CTV,impression,0.0122,0.0
EVT_259894,2026-07-31 01:14:15,CMP_103,B2B SaaS Trial,Display,impression,0.0145,0.0
EVT_793651,2026-07-29 13:14:21,CMP_102,Tech Gadgets Launch,CTV,q1_25,0.0,0.0
EVT_593003,2026-07-30 00:13:18,CMP_101,Summer Apparel,OLV,impression,0.0142,0.0
EVT_277607,2026-07-30 06:27:36,CMP_102,Tech Gadgets Launch,CTV,q1_25,0.0,0.0
EVT_615947,2026-07-31 09:01:00,CMP_101,Summer Apparel,OLV,q1_25,0.0,0.0
EVT_566295,2026-07-30 06:23:54,CMP_102,Tech Gadgets Launch,CTV,q1_25,0.0,0.0
EVT_318685,2026-07-28 23:17:43,CMP_103,B2B SaaS Trial,Display,q1_25,0.0,0.0
EVT_409733,2026-07-31 17:44:40,CMP_101,Summer Apparel,OLV,q2_50,0.0,0.0
EVT_635210,2026-07-30 19:42:28,CMP_101,Summer Apparel,OLV,q1_25,0.0,0.0
EVT_451861,2026-07-30 06:29:12,CMP_101,Summer Apparel,OLV,impression,0.0055,0.0
EVT_746454,2026-07-28 23:35:47,CMP_102,Tech Gadgets Launch,CTV,q1_25,0.0,0.0
EVT_486950,2026-07-30 05:35:47,CMP_102,Tech Gadgets Launch,CTV,q2_50,0.0,0.0
EVT_123863,2026-07-29 08:03:06,CMP_103,B2B SaaS Trial,Display,q1_25,0.0,0.0
EVT_582820,2026-07-29 19:25:01,CMP_101,Summer Apparel,OLV,impression,0.0107,0.0
EVT_607821,2026-07-30 04:27:36,CMP_101,Summer Apparel,OLV,impression,0.0079,0.0
EVT_677127,2026-07-31 11:15:59,CMP_102,Tech Gadgets Launch,CTV,impression,0.0102,0.0
EVT_800998,2026-07-29 06:41:57,CMP_103,B2B SaaS Trial,Display,impression,0.0098,0.0
EVT_648384,2026-07-29 15:44:33,CMP_102,Tech Gadgets Launch,CTV,q1_25,0.0,0.0
EVT_698913,2026-07-30 09:45:05,CMP_101,Summer Apparel,OLV,q2_50,0.0,0.0
EVT_208361,2026-07-31 03:39:22,CMP_102,Tech Gadgets Launch,CTV,impression,0.0064,0.0
EVT_805983,2026-07-28 23:42:19,CMP_102,Tech Gadgets Launch,CTV,q1_25,0.0,0.0
EVT_641178,2026-07-30 05:52:08,CMP_102,Tech Gadgets Launch,CTV,click,0.0,0.0
EVT_571615,2026-07-30 16:02:11,CMP_101,Summer Apparel,OLV,impression,0.0138,0.0
EVT_126622,2026-07-30 19:38:01,CMP_102,Tech Gadgets Launch,CTV,q1_25,0.0,0.0
EVT_515057,2026-07-30 01:48:14,CMP_102,Tech Gadgets Launch,CTV,impression,0.0026,0.0
EVT_721416,2026-07-29 11:39:41,CMP_101,Summer Apparel,OLV,impression,0.0045,0.0
EVT_274741,2026-07-31 02:56:30,CMP_102,Tech Gadgets Launch,CTV,q3_75,0.0,0.0
EVT_975637,2026-07-31 04:21:52,CMP_103,B2B SaaS Trial,Display,impression,0.0057,0.0
EVT_543489,2026-07-30 22:23:04,CMP_103,B2B SaaS Trial,Display,impression,0.003,0.0
EVT_889168,2026-07-29 08:35:43,CMP_101,Summer Apparel,OLV,q1_25,0.0,0.0
EVT_240664,2026-07-31 06:56:58,CMP_103,B2B SaaS Trial,Display,impression,0.0038,0.0
EVT_994117,2026-07-30 23:53:12,CMP_103,B2B SaaS Trial,Display,q1_25,0.0,0.0
EVT_320668,2026-07-29 00:25:16,CMP_103,B2B SaaS Trial,Display,q1_25,0.0,0.0
EVT_731961,2026-07-30 04:58:36,CMP_102,Tech Gadgets Launch,CTV,q4_100,0.0,0.0
EVT_282190,2026-07-31 09:05:36,CMP_103,B2B SaaS Trial,Display,q2_50,0.0,0.0
EVT_417440,2026-07-30 08:10:26,CMP_103,B2B SaaS Trial,Display,impression,0.0027,0.0
EVT_429098,2026-07-31 20:11:10,CMP_103,B2B SaaS Trial,Display,q2_50,0.0,0.0
EVT_545129,2026-07-30 13:19:07,CMP_101,Summer Apparel,OLV,click,0.0,0.0
EVT_784376,2026-07-30 23:13:17,CMP_103,B2B SaaS Trial,Display,impression,0.0094,0.0
EVT_575758,2026-07-29 02:07:54,CMP_101,Summer Apparel,OLV,q4_100,0.0,0.0
EVT_498968,2026-07-29 09:58:46,CMP_102,Tech Gadgets Launch,CTV,q2_50,0.0,0.0
EVT_753625,2026-07-31 18:44:53,CMP_103,B2B SaaS Trial,Display,q3_75,0.0,0.0
EVT_298744,2026-07-31 01:22:10,CMP_101,Summer Apparel,OLV,impression,0.0072,0.0
EVT_948680,2026-07-28 21:50:06,CMP_101,Summer Apparel,OLV,q2_50,0.0,0.0
EVT_774353,2026-07-29 23:31:40,CMP_103,B2B SaaS Trial,Display,q1_25,0.0,0.0
EVT_615103,2026-07-31 12:01:17,CMP_101,Summer Apparel,OLV,q3_75,0.0,0.0
EVT_951793,2026-07-31 14:24:18,CMP_102,Tech Gadgets Launch,CTV,impression,0.0094,0.0
EVT_732181,2026-07-30 13:22:17,CMP_101,Summer Apparel,OLV,impression,0.0082,0.0
EVT_966050,2026-07-30 12:59:11,CMP_102,Tech Gadgets Launch,CTV,impression,0.003,0.0
EVT_814102,2026-07-30 01:31:50,CMP_103,B2B SaaS Trial,Display,impression,0.0093,0.0
EVT_142325,2026-07-30 10:48:30,CMP_101,Summer Apparel,OLV,impression,0.0033,0.0
EVT_878252,2026-07-30 01:09:51,CMP_101,Summer Apparel,OLV,impression,0.0041,0.0
EVT_591520,2026-07-29 04:08:12,CMP_101,Summer Apparel,OLV,impression,0.0071,0.0
EVT_111299,2026-07-30 23:29:19,CMP_103,B2B SaaS Trial,Display,impression,0.0107,0.0
EVT_685474,2026-07-31 04:53:34,CMP_102,Tech Gadgets Launch,CTV,impression,0.0125,0.0
EVT_627975,2026-07-30 17:52:40,CMP_103,B2B SaaS Trial,Display,q2_50,0.0,0.0
EVT_562803,2026-07-31 14:23:58,CMP_101,Summer Apparel,OLV,impression,0.008,0.0
EVT_665275,2026-07-30 15:37:07,CMP_103,B2B SaaS Trial,Display,impression,0.0132,0.0
EVT_919084,2026-07-29 01:21:09,CMP_102,Tech Gadgets Launch,CTV,impression,0.0099,0.0
EVT_583266,2026-07-30 12:07:03,CMP_102,Tech Gadgets Launch,CTV,q2_50,0.0,0.0
EVT_973972,2026-07-31 08:05:54,CMP_103,B2B SaaS Trial,Display,q2_50,0.0,0.0
EVT_520711,2026-07-29 18:10:11,CMP_101,Summer Apparel,OLV,q1_25,0.0,0.0
EVT_230866,2026-07-30 04:22:20,CMP_103,B2B SaaS Trial,Display,q1_25,0.0,0.0
EVT_202572,2026-07-30 05:57:46,CMP_103,B2B SaaS Trial,Display,q3_75,0.0,0.0
EVT_651751,2026-07-29 18:20:45,CMP_102,Tech Gadgets Launch,CTV,impression,0.0031,0.0
EVT_259902,2026-07-30 12:13:51,CMP_101,Summer Apparel,OLV,q1_25,0.0,0.0
EVT_387763,2026-07-28 21:11:08,CMP_102,Tech Gadgets Launch,CTV,impression,0.0058,0.0
EVT_720075,2026-07-30 05:24:27,CMP_101,Summer Apparel,OLV,q3_75,0.0,0.0
EVT_447135,2026-07-30 11:20:35,CMP_102,Tech Gadgets Launch,CTV,q1_25,0.0,0.0
EVT_919839,2026-07-29 13:17:54,CMP_103,B2B SaaS Trial,Display,q1_25,0.0,0.0
EVT_547278,2026-07-29 21:47:39,CMP_102,Tech Gadgets Launch,CTV,impression,0.0102,0.0
EVT_658070,2026-07-29 12:14:45,CMP_101,Summer Apparel,OLV,q1_25,0.0,0.0
EVT_600481,2026-07-31 09:41:27,CMP_102,Tech Gadgets Launch,CTV,q1_25,0.0,0.0
EVT_207231,2026-07-31 19:21:14,CMP_102,Tech Gadgets Launch,CTV,conversion,0.0,108.34
EVT_795251,2026-07-31 14:45:41,CMP_101,Summer Apparel,OLV,impression,0.0066,0.0
EVT_838144,2026-07-29 23:06:19,CMP_101,Summer Apparel,OLV,q1_25,0.0,0.0
EVT_931594,2026-07-29 11:24:31,CMP_102,Tech Gadgets Launch,CTV,impression,0.0037,0.0
EVT_169327,2026-07-30 00:37:52,CMP_103,B2B SaaS Trial,Display,q1_25,0.0,0.0
EVT_896514,2026-07-29 17:50:59,CMP_101,Summer Apparel,OLV,q3_75,0.0,0.0
EVT_192437,2026-07-29 21:26:56,CMP_102,Tech Gadgets Launch,CTV,q1_25,0.0,0.0
EVT_959746,2026-07-30 18:45:17,CMP_103,B2B SaaS Trial,Display,impression,0.0052,0.0
EVT_586984,2026-07-30 03:12:14,CMP_101,Summer Apparel,OLV,q2_50,0.0,0.0
EVT_263161,2026-07-31 10:38:58,CMP_101,Summer Apparel,OLV,q2_50,0.0,0.0
EVT_703849,2026-07-31 20:15:41,CMP_102,Tech Gadgets Launch,CTV,impression,0.0136,0.0
EVT_490245,2026-07-31 03:52:28,CMP_101,Summer Apparel,OLV,impression,0.0123,0.0
EVT_269875,2026-07-30 06:48:57,CMP_101,Summer Apparel,OLV,q1_25,0.0,0.0
EVT_864476,2026-07-29 19:57:06,CMP_102,Tech Gadgets Launch,CTV,impression,0.0066,0.0
EVT_518470,2026-07-30 12:56:38,CMP_102,Tech Gadgets Launch,CTV,q1_25,0.0,0.0
EVT_656493,2026-07-29 02:54:31,CMP_102,Tech Gadgets Launch,CTV,q1_25,0.0,0.0
EVT_516009,2026-07-28 22:38:28,CMP_103,B2B SaaS Trial,Display,q1_25,0.0,0.0
EVT_565288,2026-07-30 05:37:34,CMP_101,Summer Apparel,OLV,q2_50,0.0,0.0
EVT_599104,2026-07-28 22:41:25,CMP_103,B2B SaaS Trial,Display,q1_25,0.0,0.0
EVT_598623,2026-07-28 21:06:34,CMP_101,Summer Apparel,OLV,q3_75,0.0,0.0
EVT_887088,2026-07-29 09:05:54,CMP_103,B2B SaaS Trial,Display,q2_50,0.0,0.0
EVT_742175,2026-07-30 04:16:26,CMP_102,Tech Gadgets Launch,CTV,impression,0.0086,0.0
EVT_393073,2026-07-31 14:39:38,CMP_102,Tech Gadgets Launch,CTV,q1_25,0.0,0.0
EVT_474143,2026-07-29 21:08:47,CMP_103,B2B SaaS Trial,Display,impression,0.0065,0.0
EVT_561627,2026-07-31 06:32:20,CMP_103,B2B SaaS Trial,Display,impression,0.0054,0.0
EVT_864289,2026-07-29 08:28:24,CMP_103,B2B SaaS Trial,Display,q1_25,0.0,0.0
EVT_715280,2026-07-30 15:05:18,CMP_103,B2B SaaS Trial,Display,q2_50,0.0,0.0
EVT_230971,2026-07-29 21:25:06,CMP_102,Tech Gadgets Launch,CTV,impression,0.0124,0.0
EVT_632913,2026-07-30 22:21:00,CMP_103,B2B SaaS Trial,Display,q3_75,0.0,0.0
EVT_130550,2026-07-29 10:36:42,CMP_102,Tech Gadgets Launch,CTV,impression,0.0146,0.0
EVT_634702,2026-07-30 12:17:29,CMP_101,Summer Apparel,OLV,q1_25,0.0,0.0
EVT_870478,2026-07-29 08:29:38,CMP_103,B2B SaaS Trial,Display,impression,0.0133,0.0
EVT_444682,2026-07-30 02:42:29,CMP_103,B2B SaaS Trial,Display,impression,0.0033,0.0
EVT_227099,2026-07-29 19:52:18,CMP_102,Tech Gadgets Launch,CTV,impression,0.003,0.0
EVT_716670,2026-07-29 07:18:57,CMP_101,Summer Apparel,OLV,impression,0.0118,0.0
EVT_841550,2026-07-31 19:58:42,CMP_103,B2B SaaS Trial,Display,q3_75,0.0,0.0
EVT_721948,2026-07-29 20:12:16,CMP_103,B2B SaaS Trial,Display,q1_25,0.0,0.0
EVT_424754,2026-07-30 10:13:41,CMP_102,Tech Gadgets Launch,CTV,q1_25,0.0,0.0
EVT_148049,2026-07-31 03:25:35,CMP_101,Summer Apparel,OLV,q2_50,0.0,0.0
EVT_694824,2026-07-31 02:53:13,CMP_101,Summer Apparel,OLV,q2_50,0.0,0.0
EVT_734392,2026-07-30 06:05:12,CMP_103,B2B SaaS Trial,Display,q3_75,0.0,0.0
EVT_582956,2026-07-31 18:27:04,CMP_103,B2B SaaS Trial,Display,q2_50,0.0,0.0
EVT_617514,2026-07-29 05:46:33,CMP_103,B2B SaaS Trial,Display,q1_25,0.0,0.0
EVT_262191,2026-07-29 02:02:38,CMP_103,B2B SaaS Trial,Display,q1_25,0.0,0.0
EVT_344378,2026-07-30 03:44:23,CMP_103,B2B SaaS Trial,Display,impression,0.0074,0.0
EVT_206124,2026-07-31 00:17:37,CMP_101,Summer Apparel,OLV,impression,0.0116,0.0
EVT_940596,2026-07-30 06:48:21,CMP_102,Tech Gadgets Launch,CTV,q1_25,0.0,0.0
EVT_614658,2026-07-29 04:33:35,CMP_102,Tech Gadgets Launch,CTV,q1_25,0.0,0.0
EVT_444967,2026-07-31 10:56:42,CMP_102,Tech Gadgets Launch,CTV,impression,0.0061,0.0
EVT_114604,2026-07-30 22:34:27,CMP_101,Summer Apparel,OLV,q3_75,0.0,0.0
EVT_966218,2026-07-30 15:48:11,CMP_101,Summer Apparel,OLV,impression,0.0065,0.0
EVT_212279,2026-07-31 01:24:42,CMP_101,Summer Apparel,OLV,q2_50,0.0,0.0
EVT_723914,2026-07-30 06:52:22,CMP_102,Tech Gadgets Launch,CTV,impression,0.0035,0.0
EVT_662030,2026-07-30 21:21:51,CMP_102,Tech Gadgets Launch,CTV,q2_50,0.0,0.0
EVT_313232,2026-07-30 06:23:58,CMP_103,B2B SaaS Trial,Display,q1_25,0.0,0.0
EVT_105662,2026-07-31 14:50:42,CMP_102,Tech Gadgets Launch,CTV,impression,0.0124,0.0
EVT_728290,2026-07-31 19:24:34,CMP_101,Summer Apparel,OLV,impression,0.0088,0.0
EVT_391852,2026-07-31 12:02:49,CMP_103,B2B SaaS Trial,Display,impression,0.0021,0.0
EVT_516406,2026-07-31 19:30:34,CMP_103,B2B SaaS Trial,Display,impression,0.0094,0.0
EVT_241821,2026-07-30 15:45:44,CMP_101,Summer Apparel,OLV,q4_100,0.0,0.0
EVT_106362,2026-07-31 13:57:22,CMP_101,Summer Apparel,OLV,q3_75,0.0,0.0
EVT_603903,2026-07-30 17:58:20,CMP_101,Summer Apparel,OLV,q1_25,0.0,0.0
EVT_544595,2026-07-31 08:44:56,CMP_102,Tech Gadgets Launch,CTV,impression,0.0021,0.0
EVT_455366,2026-07-29 21:21:23,CMP_101,Summer Apparel,OLV,q2_50,0.0,0.0
EVT_234459,2026-07-31 06:00:05,CMP_102,Tech Gadgets Launch,CTV,impression,0.0139,0.0
EVT_674072,2026-07-30 17:44:49,CMP_103,B2B SaaS Trial,Display,impression,0.014,0.0
EVT_333324,2026-07-31 04:02:19,CMP_102,Tech Gadgets Launch,CTV,q1_25,0.0,0.0
EVT_597734,2026-07-29 00:39:21,CMP_103,B2B SaaS Trial,Display,q4_100,0.0,0.0
EVT_822502,2026-07-28 21:40:26,CMP_102,Tech Gadgets Launch,CTV,impression,0.0103,0.0
EVT_743672,2026-07-30 23:07:46,CMP_103,B2B SaaS Trial,Display,q2_50,0.0,0.0
EVT_338513,2026-07-28 23:37:45,CMP_102,Tech Gadgets Launch,CTV,impression,0.0041,0.0
EVT_668825,2026-07-30 13:33:35,CMP_101,Summer Apparel,OLV,impression,0.0084,0.0
EVT_542298,2026-07-29 14:07:53,CMP_101,Summer Apparel,OLV,q1_25,0.0,0.0
EVT_518712,2026-07-31 08:21:04,CMP_101,Summer Apparel,OLV,impression,0.0028,0.0
EVT_725323,2026-07-30 06:43:54,CMP_103,B2B SaaS Trial,Display,impression,0.0064,0.0
EVT_355976,2026-07-29 19:28:58,CMP_101,Summer Apparel,OLV,q1_25,0.0,0.0
EVT_626304,2026-07-31 05:48:22,CMP_101,Summer Apparel,OLV,impression,0.0115,0.0
EVT_930173,2026-07-30 06:58:30,CMP_101,Summer Apparel,OLV,impression,0.0068,0.0
EVT_713180,2026-07-29 18:59:18,CMP_103,B2B SaaS Trial,Display,impression,0.0123,0.0
EVT_672386,2026-07-30 01:55:40,CMP_103,B2B SaaS Trial,Display,q1_25,0.0,0.0
EVT_542355,2026-07-31 12:44:45,CMP_103,B2B SaaS Trial,Display,q1_25,0.0,0.0
EVT_987496,2026-07-30 10:34:53,CMP_102,Tech Gadgets Launch,CTV,impression,0.0052,0.0
EVT_252159,2026-07-31 20:11:08,CMP_101,Summer Apparel,OLV,impression,0.0064,0.0
EVT_692727,2026-07-29 08:13:12,CMP_101,Summer Apparel,OLV,q1_25,0.0,0.0
EVT_748768,2026-07-29 02:00:18,CMP_103,B2B SaaS Trial,Display,q4_100,0.0,0.0
EVT_170641,2026-07-30 02:10:54,CMP_103,B2B SaaS Trial,Display,q1_25,0.0,0.0
EVT_514888,2026-07-31 01:05:51,CMP_103,B2B SaaS Trial,Display,impression,0.0138,0.0
EVT_778703,2026-07-31 08:36:36,CMP_101,Summer Apparel,OLV,impression,0.0089,0.0
EVT_843908,2026-07-29 20:46:34,CMP_102,Tech Gadgets Launch,CTV,impression,0.0045,0.0
EVT_653228,2026-07-30 07:31:53,CMP_103,B2B SaaS Trial,Display,q2_50,0.0,0.0
EVT_453341,2026-07-30 12:01:33,CMP_102,Tech Gadgets Launch,CTV,q1_25,0.0,0.0
EVT_613419,2026-07-31 10:18:51,CMP_101,Summer Apparel,OLV,q2_50,0.0,0.0
EVT_217918,2026-07-29 12:56:33,CMP_103,B2B SaaS Trial,Display,q2_50,0.0,0.0
EVT_614559,2026-07-30 07:26:01,CMP_103,B2B SaaS Trial,Display,impression,0.0045,0.0
EVT_334987,2026-07-31 19:10:01,CMP_102,Tech Gadgets Launch,CTV,impression,0.0058,0.0
EVT_268538,2026-07-30 06:33:00,CMP_103,B2B SaaS Trial,Display,q1_25,0.0,0.0
EVT_308637,2026-07-30 02:22:55,CMP_101,Summer Apparel,OLV,q1_25,0.0,0.0
EVT_107732,2026-07-31 03:07:13,CMP_101,Summer Apparel,OLV,q3_75,0.0,0.0
EVT_347650,2026-07-30 07:13:34,CMP_102,Tech Gadgets Launch,CTV,impression,0.0084,0.0
EVT_680361,2026-07-30 22:15:43,CMP_101,Summer Apparel,OLV,impression,0.0024,0.0
EVT_323778,2026-07-31 10:55:00,CMP_102,Tech Gadgets Launch,CTV,impression,0.0082,0.0
EVT_235075,2026-07-31 00:09:11,CMP_101,Summer Apparel,OLV,impression,0.0129,0.0
EVT_117863,2026-07-30 00:15:10,CMP_102,Tech Gadgets Launch,CTV,impression,0.0139,0.0
EVT_984890,2026-07-31 12:57:40,CMP_103,B2B SaaS Trial,Display,impression,0.006,0.0
EVT_187989,2026-07-29 00:12:29,CMP_103,B2B SaaS Trial,Display,impression,0.0072,0.0
EVT_477667,2026-07-31 12:34:04,CMP_103,B2B SaaS Trial,Display,q2_50,0.0,0.0
EVT_815613,2026-07-31 00:30:40,CMP_101,Summer Apparel,OLV,q1_25,0.0,0.0
EVT_243826,2026-07-29 07:22:30,CMP_102,Tech Gadgets Launch,CTV,impression,0.0055,0.0
EVT_780160,2026-07-28 23:06:21,CMP_102,Tech Gadgets Launch,CTV,impression,0.0146,0.0
EVT_657006,2026-07-31 13:16:36,CMP_103,B2B SaaS Trial,Display,q1_25,0.0,0.0
EVT_736249,2026-07-29 17:31:37,CMP_103,B2B SaaS Trial,Display,q2_50,0.0,0.0
EVT_858359,2026-07-30 03:08:16,CMP_101,Summer Apparel,OLV,impression,0.0109,0.0
EVT_453494,2026-07-29 13:59:35,CMP_101,Summer Apparel,OLV,impression,0.0091,0.0
EVT_587931,2026-07-29 16:29:37,CMP_103,B2B SaaS Trial,Display,impression,0.003,0.0
EVT_722520,2026-07-30 21:34:42,CMP_101,Summer Apparel,OLV,q1_25,0.0,0.0
EVT_198520,2026-07-31 15:09:47,CMP_101,Summer Apparel,OLV,q1_25,0.0,0.0
EVT_420891,2026-07-31 10:17:52,CMP_103,B2B SaaS Trial,Display,impression,0.0075,0.0
EVT_118201,2026-07-30 14:43:12,CMP_101,Summer Apparel,OLV,impression,0.0137,0.0
EVT_376408,2026-07-28 23:18:20,CMP_102,Tech Gadgets Launch,CTV,impression,0.0113,0.0
EVT_135601,2026-07-30 04:49:41,CMP_101,Summer Apparel,OLV,click,0.0,0.0
EVT_256591,2026-07-31 09:45:53,CMP_103,B2B SaaS Trial,Display,impression,0.013,0.0
EVT_814804,2026-07-31 08:59:37,CMP_101,Summer Apparel,OLV,impression,0.0095,0.0
EVT_356231,2026-07-31 09:39:45,CMP_102,Tech Gadgets Launch,CTV,q1_25,0.0,0.0
EVT_604697,2026-07-28 23:59:07,CMP_101,Summer Apparel,OLV,q1_25,0.0,0.0
EVT_637987,2026-07-29 13:42:19,CMP_103,B2B SaaS Trial,Display,impression,0.0134,0.0
EVT_596738,2026-07-29 13:34:29,CMP_102,Tech Gadgets Launch,CTV,q1_25,0.0,0.0
EVT_685526,2026-07-30 21:57:10,CMP_101,Summer Apparel,OLV,q2_50,0.0,0.0
EVT_981358,2026-07-29 22:30:36,CMP_102,Tech Gadgets Launch,CTV,impression,0.0082,0.0
EVT_201479,2026-07-31 09:55:31,CMP_101,Summer Apparel,OLV,q1_25,0.0,0.0
EVT_720768,2026-07-29 10:23:54,CMP_102,Tech Gadgets Launch,CTV,impression,0.0142,0.0
EVT_452391,2026-07-31 13:09:14,CMP_101,Summer Apparel,OLV,q1_25,0.0,0.0
EVT_337320,2026-07-30 15:04:46,CMP_102,Tech Gadgets Launch,CTV,impression,0.0089,0.0
EVT_957253,2026-07-29 10:04:55,CMP_103,B2B SaaS Trial,Display,impression,0.0046,0.0
EVT_999739,2026-07-31 05:34:56,CMP_101,Summer Apparel,OLV,q2_50,0.0,0.0
EVT_740172,2026-07-31 17:57:37,CMP_102,Tech Gadgets Launch,CTV,q1_25,0.0,0.0
EVT_285065,2026-07-31 01:42:13,CMP_102,Tech Gadgets Launch,CTV,impression,0.0109,0.0
EVT_702304,2026-07-31 11:23:27,CMP_103,B2B SaaS Trial,Display,q1_25,0.0,0.0
EVT_104862,2026-07-29 04:27:54,CMP_103,B2B SaaS Trial,Display,q1_25,0.0,0.0
EVT_418639,2026-07-31 03:15:11,CMP_102,Tech Gadgets Launch,CTV,impression,0.0126,0.0
EVT_472441,2026-07-30 14:35:06,CMP_101,Summer Apparel,OLV,q2_50,0.0,0.0
EVT_845191,2026-07-30 14:04:25,CMP_102,Tech Gadgets Launch,CTV,impression,0.0078,0.0
EVT_330265,2026-07-29 05:03:43,CMP_102,Tech Gadgets Launch,CTV,impression,0.0088,0.0
EVT_250586,2026-07-30 16:48:43,CMP_103,B2B SaaS Trial,Display,impression,0.0143,0.0
EVT_480289,2026-07-30 22:29:47,CMP_101,Summer Apparel,OLV,impression,0.0039,0.0
EVT_258269,2026-07-31 13:15:28,CMP_101,Summer Apparel,OLV,q4_100,0.0,0.0
EVT_166171,2026-07-29 00:32:39,CMP_101,Summer Apparel,OLV,q3_75,0.0,0.0
EVT_874554,2026-07-29 19:38:12,CMP_103,B2B SaaS Trial,Display,q1_25,0.0,0.0
EVT_542201,2026-07-28 22:27:36,CMP_102,Tech Gadgets Launch,CTV,impression,0.0033,0.0
EVT_107774,2026-07-28 23:48:39,CMP_102,Tech Gadgets Launch,CTV,impression,0.0089,0.0
EVT_109796,2026-07-29 22:58:42,CMP_103,B2B SaaS Trial,Display,impression,0.0037,0.0
EVT_182464,2026-07-31 11:09:05,CMP_101,Summer Apparel,OLV,impression,0.0042,0.0
EVT_675307,2026-07-29 10:05:52,CMP_103,B2B SaaS Trial,Display,impression,0.0087,0.0
EVT_727857,2026-07-29 22:09:50,CMP_101,Summer Apparel,OLV,impression,0.0087,0.0
EVT_367576,2026-07-30 13:44:14,CMP_102,Tech Gadgets Launch,CTV,q1_25,0.0,0.0
EVT_695887,2026-07-30 22:04:05,CMP_102,Tech Gadgets Launch,CTV,impression,0.0022,0.0
EVT_797323,2026-07-30 21:49:17,CMP_101,Summer Apparel,OLV,impression,0.007,0.0
EVT_396584,2026-07-29 09:37:36,CMP_103,B2B SaaS Trial,Display,impression,0.0026,0.0
EVT_848596,2026-07-31 02:00:47,CMP_103,B2B SaaS Trial,Display,impression,0.0048,0.0
EVT_452799,2026-07-29 02:27:34,CMP_101,Summer Apparel,OLV,impression,0.0138,0.0
EVT_974256,2026-07-29 03:18:14,CMP_102,Tech Gadgets Launch,CTV,q1_25,0.0,0.0
EVT_938909,2026-07-29 16:27:52,CMP_103,B2B SaaS Trial,Display,impression,0.0037,0.0
EVT_472861,2026-07-30 08:50:40,CMP_101,Summer Apparel,OLV,impression,0.01,0.0
EVT_631162,2026-07-28 21:38:40,CMP_103,B2B SaaS Trial,Display,impression,0.0101,0.0
EVT_359546,2026-07-31 11:55:05,CMP_103,B2B SaaS Trial,Display,q2_50,0.0,0.0
EVT_415494,2026-07-31 05:01:10,CMP_103,B2B SaaS Trial,Display,impression,0.0048,0.0
EVT_545363,2026-07-28 20:50:59,CMP_103,B2B SaaS Trial,Display,q3_75,0.0,0.0
EVT_286836,2026-07-29 20:33:23,CMP_103,B2B SaaS Trial,Display,q1_25,0.0,0.0
EVT_237459,2026-07-30 04:14:09,CMP_102,Tech Gadgets Launch,CTV,impression,0.0077,0.0
EVT_856356,2026-07-29 04:37:09,CMP_101,Summer Apparel,OLV,q1_25,0.0,0.0
EVT_446226,2026-07-29 09:22:30,CMP_103,B2B SaaS Trial,Display,impression,0.0068,0.0
EVT_931683,2026-07-29 01:12:05,CMP_101,Summer Apparel,OLV,impression,0.0124,0.0
EVT_770330,2026-07-28 20:56:30,CMP_102,Tech Gadgets Launch,CTV,impression,0.0033,0.0
EVT_842690,2026-07-30 15:11:55,CMP_101,Summer Apparel,OLV,impression,0.012,0.0
EVT_101837,2026-07-28 23:14:06,CMP_101,Summer Apparel,OLV,q3_75,0.0,0.0
EVT_341629,2026-07-31 06:06:53,CMP_103,B2B SaaS Trial,Display,q4_100,0.0,0.0
EVT_473951,2026-07-28 20:47:25,CMP_102,Tech Gadgets Launch,CTV,impression,0.0119,0.0
EVT_537798,2026-07-31 16:53:30,CMP_101,Summer Apparel,OLV,impression,0.0128,0.0
EVT_630225,2026-07-29 05:13:07,CMP_101,Summer Apparel,OLV,q1_25,0.0,0.0
EVT_701671,2026-07-30 12:02:19,CMP_103,B2B SaaS Trial,Display,q2_50,0.0,0.0
EVT_210998,2026-07-29 22:49:02,CMP_102,Tech Gadgets Launch,CTV,q3_75,0.0,0.0
EVT_612394,2026-07-30 04:21:04,CMP_101,Summer Apparel,OLV,impression,0.0146,0.0
EVT_625582,2026-07-30 17:16:39,CMP_102,Tech Gadgets Launch,CTV,impression,0.0082,0.0
EVT_330554,2026-07-29 15:26:32,CMP_102,Tech Gadgets Launch,CTV,impression,0.0141,0.0
EVT_697049,2026-07-30 19:27:05,CMP_103,B2B SaaS Trial,Display,q1_25,0.0,0.0
EVT_855388,2026-07-31 02:50:02,CMP_102,Tech Gadgets Launch,CTV,q1_25,0.0,0.0
EVT_447043,2026-07-30 10:28:35,CMP_103,B2B SaaS Trial,Display,impression,0.0083,0.0
EVT_869530,2026-07-31 08:18:19,CMP_102,Tech Gadgets Launch,CTV,q1_25,0.0,0.0
EVT_774392,2026-07-30 01:43:51,CMP_102,Tech Gadgets Launch,CTV,impression,0.0145,0.0
EVT_595194,2026-07-29 11:51:26,CMP_101,Summer Apparel,OLV,impression,0.0124,0.0
EVT_858791,2026-07-31 13:32:32,CMP_102,Tech Gadgets Launch,CTV,q3_75,0.0,0.0
EVT_423709,2026-07-30 02:47:35,CMP_103,B2B SaaS Trial,Display,impression,0.0134,0.0
EVT_867505,2026-07-31 05:31:50,CMP_101,Summer Apparel,OLV,q4_100,0.0,0.0
EVT_559730,2026-07-30 21:11:34,CMP_101,Summer Apparel,OLV,impression,0.0056,0.0
EVT_217148,2026-07-31 16:30:08,CMP_102,Tech Gadgets Launch,CTV,impression,0.0137,0.0
EVT_656461,2026-07-28 21:13:46,CMP_101,Summer Apparel,OLV,impression,0.0062,0.0
EVT_887375,2026-07-30 21:20:52,CMP_101,Summer Apparel,OLV,impression,0.0028,0.0
EVT_392594,2026-07-29 03:52:06,CMP_101,Summer Apparel,OLV,q2_50,0.0,0.0
EVT_855136,2026-07-31 14:03:32,CMP_102,Tech Gadgets Launch,CTV,impression,0.0103,0.0
EVT_527510,2026-07-29 22:28:35,CMP_102,Tech Gadgets Launch,CTV,impression,0.0065,0.0
EVT_494349,2026-07-28 21:02:30,CMP_101,Summer Apparel,OLV,impression,0.0103,0.0
EVT_919715,2026-07-31 20:29:16,CMP_101,Summer Apparel,OLV,impression,0.0113,0.0
EVT_321177,2026-07-29 02:35:55,CMP_102,Tech Gadgets Launch,CTV,impression,0.0129,0.0
EVT_269929,2026-07-31 09:18:45,CMP_101,Summer Apparel,OLV,q2_50,0.0,0.0
EVT_763339,2026-07-31 14:29:35,CMP_102,Tech Gadgets Launch,CTV,impression,0.0127,0.0
EVT_398851,2026-07-30 19:16:15,CMP_102,Tech Gadgets Launch,CTV,impression,0.0113,0.0
EVT_134763,2026-07-30 19:03:39,CMP_103,B2B SaaS Trial,Display,click,0.0,0.0
EVT_490697,2026-07-30 12:59:19,CMP_102,Tech Gadgets Launch,CTV,impression,0.0043,0.0
EVT_941176,2026-07-28 21:50:43,CMP_102,Tech Gadgets Launch,CTV,impression,0.0082,0.0
EVT_699948,2026-07-30 20:29:49,CMP_101,Summer Apparel,OLV,q1_25,0.0,0.0
EVT_922461,2026-07-31 03:07:04,CMP_103,B2B SaaS Trial,Display,q3_75,0.0,0.0
EVT_713337,2026-07-29 06:54:52,CMP_103,B2B SaaS Trial,Display,q2_50,0.0,0.0
EVT_672296,2026-07-31 01:50:26,CMP_101,Summer Apparel,OLV,q2_50,0.0,0.0
EVT_770255,2026-07-29 06:23:25,CMP_103,B2B SaaS Trial,Display,impression,0.0059,0.0
EVT_696047,2026-07-31 04:26:30,CMP_102,Tech Gadgets Launch,CTV,q1_25,0.0,0.0
EVT_306591,2026-07-30 03:23:31,CMP_101,Summer Apparel,OLV,q2_50,0.0,0.0
EVT_649267,2026-07-30 13:51:10,CMP_102,Tech Gadgets Launch,CTV,q1_25,0.0,0.0
EVT_436235,2026-07-29 19:25:05,CMP_103,B2B SaaS Trial,Display,impression,0.0127,0.0
EVT_996437,2026-07-30 03:52:13,CMP_102,Tech Gadgets Launch,CTV,q1_25,0.0,0.0
EVT_490814,2026-07-31 14:31:17,CMP_103,B2B SaaS Trial,Display,impression,0.011,0.0
EVT_303384,2026-07-29 18:41:22,CMP_103,B2B SaaS Trial,Display,q3_75,0.0,0.0
EVT_560564,2026-07-30 00:08:13,CMP_101,Summer Apparel,OLV,impression,0.0042,0.0
EVT_901971,2026-07-30 14:59:20,CMP_101,Summer Apparel,OLV,q3_75,0.0,0.0
EVT_300004,2026-07-29 12:39:06,CMP_103,B2B SaaS Trial,Display,click,0.0,0.0
EVT_594907,2026-07-28 21:39:07,CMP_102,Tech Gadgets Launch,CTV,impression,0.0078,0.0
EVT_847771,2026-07-31 05:46:29,CMP_103,B2B SaaS Trial,Display,q1_25,0.0,0.0
EVT_575291,2026-07-31 08:06:11,CMP_101,Summer Apparel,OLV,impression,0.0106,0.0
EVT_304030,2026-07-29 16:03:06,CMP_102,Tech Gadgets Launch,CTV,impression,0.0062,0.0
EVT_728023,2026-07-29 22:23:08,CMP_101,Summer Apparel,OLV,impression,0.0133,0.0
EVT_124525,2026-07-29 16:15:47,CMP_101,Summer Apparel,OLV,click,0.0,0.0
EVT_633513,2026-07-29 22:30:28,CMP_101,Summer Apparel,OLV,impression,0.0147,0.0
EVT_643736,2026-07-31 10:51:20,CMP_101,Summer Apparel,OLV,q4_100,0.0,0.0
EVT_489759,2026-07-29 16:09:49,CMP_103,B2B SaaS Trial,Display,q1_25,0.0,0.0
EVT_607188,2026-07-28 23:25:37,CMP_102,Tech Gadgets Launch,CTV,impression,0.0045,0.0
EVT_190915,2026-07-29 21:29:31,CMP_101,Summer Apparel,OLV,impression,0.0136,0.0
EVT_429396,2026-07-29 14:17:06,CMP_103,B2B SaaS Trial,Display,impression,0.013,0.0
EVT_352033,2026-07-29 12:46:16,CMP_103,B2B SaaS Trial,Display,q1_25,0.0,0.0
EVT_965237,2026-07-29 21:06:13,CMP_103,B2B SaaS Trial,Display,q1_25,0.0,0.0
EVT_395664,2026-07-31 17:21:23,CMP_103,B2B SaaS Trial,Display,q2_50,0.0,0.0
EVT_773815,2026-07-30 13:02:01,CMP_102,Tech Gadgets Launch,CTV,impression,0.0127,0.0
EVT_883864,2026-07-29 12:28:27,CMP_103,B2B SaaS Trial,Display,impression,0.0129,0.0
EVT_197437,2026-07-29 23:09:10,CMP_102,Tech Gadgets Launch,CTV,q2_50,0.0,0.0
EVT_420164,2026-07-31 11:54:34,CMP_101,Summer Apparel,OLV,impression,0.0082,0.0
EVT_308355,2026-07-30 23:41:40,CMP_102,Tech Gadgets Launch,CTV,q1_25,0.0,0.0
EVT_734660,2026-07-31 00:24:59,CMP_103,B2B SaaS Trial,Display,q3_75,0.0,0.0
EVT_527211,2026-07-31 14:48:08,CMP_103,B2B SaaS Trial,Display,q2_50,0.0,0.0
EVT_720120,2026-07-31 20:34:02,CMP_103,B2B SaaS Trial,Display,impression,0.0026,0.0
EVT_134036,2026-07-31 11:39:51,CMP_101,Summer Apparel,OLV,q1_25,0.0,0.0
EVT_909811,2026-07-29 01:37:44,CMP_103,B2B SaaS Trial,Display,impression,0.0059,0.0
EVT_564959,2026-07-31 07:07:18,CMP_101,Summer Apparel,OLV,impression,0.0094,0.0
EVT_643882,2026-07-30 02:26:28,CMP_103,B2B SaaS Trial,Display,q1_25,0.0,0.0
EVT_992553,2026-07-29 22:14:14,CMP_102,Tech Gadgets Launch,CTV,q1_25,0.0,0.0
EVT_957440,2026-07-29 09:44:09,CMP_101,Summer Apparel,OLV,impression,0.0147,0.0
EVT_323515,2026-07-28 20:52:15,CMP_101,Summer Apparel,OLV,q1_25,0.0,0.0
EVT_963421,2026-07-29 01:13:47,CMP_102,Tech Gadgets Launch,CTV,q1_25,0.0,0.0
EVT_325774,2026-07-30 15:40:16,CMP_103,B2B SaaS Trial,Display,q1_25,0.0,0.0
EVT_805550,2026-07-29 14:08:41,CMP_101,Summer Apparel,OLV,q2_50,0.0,0.0
EVT_655060,2026-07-29 21:33:15,CMP_103,B2B SaaS Trial,Display,q3_75,0.0,0.0
EVT_346743,2026-07-30 18:35:19,CMP_101,Summer Apparel,OLV,impression,0.0082,0.0
EVT_763201,2026-07-29 01:08:20,CMP_103,B2B SaaS Trial,Display,conversion,0.0,67.07
EVT_474552,2026-07-29 12:49:28,CMP_102,Tech Gadgets Launch,CTV,impression,0.0058,0.0
EVT_542349,2026-07-29 07:20:17,CMP_103,B2B SaaS Trial,Display,click,0.0,0.0
EVT_499097,2026-07-31 07:54:21,CMP_101,Summer Apparel,OLV,impression,0.0064,0.0
EVT_423910,2026-07-29 17:36:14,CMP_102,Tech Gadgets Launch,CTV,impression,0.0094,0.0
EVT_918827,2026-07-30 07:40:32,CMP_101,Summer Apparel,OLV,impression,0.013,0.0
EVT_504239,2026-07-31 02:20:50,CMP_102,Tech Gadgets Launch,CTV,impression,0.0071,0.0
EVT_133483,2026-07-29 11:11:16,CMP_103,B2B SaaS Trial,Display,q2_50,0.0,0.0
EVT_110725,2026-07-30 18:09:36,CMP_101,Summer Apparel,OLV,q1_25,0.0,0.0
EVT_776621,2026-07-29 02:28:52,CMP_101,Summer Apparel,OLV,impression,0.0057,0.0
EVT_542996,2026-07-31 15:01:54,CMP_103,B2B SaaS Trial,Display,q1_25,0.0,0.0
EVT_979032,2026-07-29 08:47:34,CMP_103,B2B SaaS Trial,Display,q1_25,0.0,0.0
EVT_834194,2026-07-28 21:28:54,CMP_103,B2B SaaS Trial,Display,conversion,0.0,109.38
EVT_588538,2026-07-28 23:50:43,CMP_103,B2B SaaS Trial,Display,impression,0.0055,0.0
EVT_335010,2026-07-29 21:48:03,CMP_101,Summer Apparel,OLV,q1_25,0.0,0.0
EVT_286475,2026-07-30 21:33:15,CMP_102,Tech Gadgets Launch,CTV,q2_50,0.0,0.0
EVT_950518,2026-07-30 07:02:24,CMP_101,Summer Apparel,OLV,q4_100,0.0,0.0
EVT_307085,2026-07-29 13:22:40,CMP_101,Summer Apparel,OLV,q1_25,0.0,0.0
EVT_579702,2026-07-30 21:55:31,CMP_103,B2B SaaS Trial,Display,q4_100,0.0,0.0
EVT_832346,2026-07-30 20:32:15,CMP_102,Tech Gadgets Launch,CTV,q1_25,0.0,0.0
EVT_259239,2026-07-30 15:59:32,CMP_101,Summer Apparel,OLV,q1_25,0.0,0.0
EVT_668915,2026-07-29 16:19:07,CMP_103,B2B SaaS Trial,Display,impression,0.0091,0.0
EVT_655487,2026-07-29 14:52:44,CMP_102,Tech Gadgets Launch,CTV,q2_50,0.0,0.0
EVT_818842,2026-07-29 13:24:19,CMP_102,Tech Gadgets Launch,CTV,impression,0.0029,0.0
EVT_243932,2026-07-31 09:30:56,CMP_103,B2B SaaS Trial,Display,impression,0.0144,0.0
EVT_619269,2026-07-31 03:25:43,CMP_102,Tech Gadgets Launch,CTV,impression,0.0103,0.0
EVT_493473,2026-07-31 04:05:45,CMP_103,B2B SaaS Trial,Display,impression,0.0065,0.0
EVT_831516,2026-07-30 15:16:14,CMP_102,Tech Gadgets Launch,CTV,impression,0.0136,0.0
EVT_561227,2026-07-31 18:08:17,CMP_102,Tech Gadgets Launch,CTV,impression,0.0139,0.0
EVT_264229,2026-07-30 00:08:01,CMP_101,Summer Apparel,OLV,impression,0.0115,0.0
EVT_461579,2026-07-29 19:08:46,CMP_101,Summer Apparel,OLV,q2_50,0.0,0.0
EVT_531138,2026-07-29 17:17:29,CMP_101,Summer Apparel,OLV,impression,0.0036,0.0
EVT_564328,2026-07-30 05:27:37,CMP_103,B2B SaaS Trial,Display,impression,0.0061,0.0
EVT_270558,2026-07-31 01:48:36,CMP_101,Summer Apparel,OLV,impression,0.0044,0.0
EVT_178919,2026-07-29 22:07:26,CMP_101,Summer Apparel,OLV,impression,0.0042,0.0
EVT_615599,2026-07-28 22:23:22,CMP_101,Summer Apparel,OLV,impression,0.0109,0.0
EVT_678440,2026-07-31 11:46:13,CMP_102,Tech Gadgets Launch,CTV,impression,0.0047,0.0
EVT_371988,2026-07-31 06:06:36,CMP_102,Tech Gadgets Launch,CTV,q3_75,0.0,0.0
EVT_440403,2026-07-31 16:09:40,CMP_103,B2B SaaS Trial,Display,impression,0.0115,0.0
EVT_691333,2026-07-29 12:30:37,CMP_102,Tech Gadgets Launch,CTV,impression,0.0066,0.0
EVT_234632,2026-07-30 08:50:37,CMP_102,Tech Gadgets Launch,CTV,impression,0.0069,0.0
EVT_904953,2026-07-31 10:25:06,CMP_101,Summer Apparel,OLV,impression,0.0139,0.0
EVT_493407,2026-07-30 09:00:42,CMP_103,B2B SaaS Trial,Display,impression,0.0107,0.0
EVT_544952,2026-07-29 09:58:37,CMP_101,Summer Apparel,OLV,impression,0.0042,0.0
EVT_542514,2026-07-30 22:30:43,CMP_101,Summer Apparel,OLV,q4_100,0.0,0.0
EVT_351463,2026-07-30 01:30:20,CMP_102,Tech Gadgets Launch,CTV,q1_25,0.0,0.0
EVT_372968,2026-07-30 06:23:09,CMP_103,B2B SaaS Trial,Display,impression,0.0055,0.0
EVT_840561,2026-07-31 17:13:36,CMP_101,Summer Apparel,OLV,impression,0.0096,0.0
EVT_664635,2026-07-31 02:59:56,CMP_101,Summer Apparel,OLV,q2_50,0.0,0.0
EVT_913441,2026-07-30 10:58:29,CMP_102,Tech Gadgets Launch,CTV,q3_75,0.0,0.0
EVT_556083,2026-07-30 00:49:27,CMP_103,B2B SaaS Trial,Display,impression,0.0039,0.0
EVT_649973,2026-07-30 12:22:30,CMP_101,Summer Apparel,OLV,q2_50,0.0,0.0
EVT_546584,2026-07-30 12:17:12,CMP_103,B2B SaaS Trial,Display,impression,0.0043,0.0
EVT_538789,2026-07-29 02:58:20,CMP_101,Summer Apparel,OLV,q1_25,0.0,0.0
EVT_345934,2026-07-29 10:48:19,CMP_103,B2B SaaS Trial,Display,impression,0.011,0.0
EVT_141964,2026-07-29 14:31:40,CMP_102,Tech Gadgets Launch,CTV,q2_50,0.0,0.0
EVT_927220,2026-07-30 09:15:01,CMP_103,B2B SaaS Trial,Display,q4_100,0.0,0.0
EVT_859077,2026-07-30 04:09:03,CMP_101,Summer Apparel,OLV,impression,0.0085,0.0
EVT_835601,2026-07-30 03:30:36,CMP_102,Tech Gadgets Launch,CTV,impression,0.0095,0.0
EVT_853407,2026-07-30 00:33:50,CMP_102,Tech Gadgets Launch,CTV,conversion,0.0,82.21
EVT_679489,2026-07-29 15:35:11,CMP_103,B2B SaaS Trial,Display,impression,0.0133,0.0
EVT_815754,2026-07-29 18:59:40,CMP_103,B2B SaaS Trial,Display,q1_25,0.0,0.0
EVT_176667,2026-07-29 21:43:02,CMP_101,Summer Apparel,OLV,impression,0.0022,0.0
EVT_942897,2026-07-29 08:55:58,CMP_101,Summer Apparel,OLV,q3_75,0.0,0.0
EVT_848003,2026-07-31 20:29:41,CMP_103,B2B SaaS Trial,Display,impression,0.0144,0.0
EVT_268653,2026-07-31 16:07:35,CMP_101,Summer Apparel,OLV,q1_25,0.0,0.0
EVT_160663,2026-07-31 13:22:57,CMP_101,Summer Apparel,OLV,impression,0.0103,0.0
EVT_430039,2026-07-30 23:18:33,CMP_101,Summer Apparel,OLV,conversion,0.0,64.52
EVT_879524,2026-07-31 03:18:39,CMP_103,B2B SaaS Trial,Display,impression,0.0103,0.0
EVT_978459,2026-07-30 03:27:01,CMP_103,B2B SaaS Trial,Display,q4_100,0.0,0.0
EVT_217443,2026-07-29 18:16:22,CMP_101,Summer Apparel,OLV,q2_50,0.0,0.0
EVT_340950,2026-07-29 21:48:56,CMP_102,Tech Gadgets Launch,CTV,impression,0.0108,0.0
EVT_976405,2026-07-29 05:52:53,CMP_101,Summer Apparel,OLV,impression,0.0078,0.0
EVT_940482,2026-07-31 15:48:52,CMP_101,Summer Apparel,OLV,q3_75,0.0,0.0
EVT_710578,2026-07-29 06:46:51,CMP_103,B2B SaaS Trial,Display,q1_25,0.0,0.0
EVT_420482,2026-07-31 19:31:28,CMP_101,Summer Apparel,OLV,impression,0.0122,0.0
EVT_396747,2026-07-30 16:32:29,CMP_101,Summer Apparel,OLV,q2_50,0.0,0.0
EVT_837603,2026-07-29 19:58:22,CMP_101,Summer Apparel,OLV,q1_25,0.0,0.0
EVT_781826,2026-07-29 11:49:16,CMP_103,B2B SaaS Trial,Display,q2_50,0.0,0.0
EVT_145057,2026-07-30 19:26:45,CMP_101,Summer Apparel,OLV,impression,0.0065,0.0
EVT_902398,2026-07-29 17:44:05,CMP_103,B2B SaaS Trial,Display,q2_50,0.0,0.0
EVT_824442,2026-07-31 19:00:21,CMP_103,B2B SaaS Trial,Display,impression,0.0094,0.0
EVT_785394,2026-07-30 07:18:55,CMP_103,B2B SaaS Trial,Display,impression,0.0137,0.0
EVT_925506,2026-07-31 14:33:57,CMP_102,Tech Gadgets Launch,CTV,q3_75,0.0,0.0
EVT_399869,2026-07-29 20:38:39,CMP_101,Summer Apparel,OLV,q1_25,0.0,0.0
EVT_786823,2026-07-30 14:02:32,CMP_102,Tech Gadgets Launch,CTV,q4_100,0.0,0.0
EVT_986394,2026-07-30 07:26:15,CMP_102,Tech Gadgets Launch,CTV,q4_100,0.0,0.0
EVT_349720,2026-07-29 17:44:07,CMP_102,Tech Gadgets Launch,CTV,impression,0.0083,0.0
EVT_519153,2026-07-30 00:15:30,CMP_102,Tech Gadgets Launch,CTV,impression,0.0133,0.0
EVT_262198,2026-07-30 20:28:39,CMP_103,B2B SaaS Trial,Display,q1_25,0.0,0.0
EVT_594083,2026-07-30 06:01:16,CMP_102,Tech Gadgets Launch,CTV,q3_75,0.0,0.0
EVT_554010,2026-07-31 05:39:57,CMP_102,Tech Gadgets Launch,CTV,impression,0.0023,0.0
EVT_548287,2026-07-30 04:28:59,CMP_103,B2B SaaS Trial,Display,q2_50,0.0,0.0
EVT_860356,2026-07-29 11:19:39,CMP_103,B2B SaaS Trial,Display,click,0.0,0.0
EVT_372808,2026-07-29 20:28:52,CMP_101,Summer Apparel,OLV,impression,0.0036,0.0
EVT_110642,2026-07-29 08:10:06,CMP_102,Tech Gadgets Launch,CTV,q1_25,0.0,0.0
EVT_975644,2026-07-30 00:29:28,CMP_103,B2B SaaS Trial,Display,q1_25,0.0,0.0
EVT_866987,2026-07-29 07:59:59,CMP_102,Tech Gadgets Launch,CTV,q2_50,0.0,0.0
EVT_690162,2026-07-30 17:02:07,CMP_103,B2B SaaS Trial,Display,impression,0.0065,0.0
EVT_726857,2026-07-30 12:15:15,CMP_102,Tech Gadgets Launch,CTV,impression,0.0024,0.0
EVT_120740,2026-07-31 10:27:43,CMP_101,Summer Apparel,OLV,q3_75,0.0,0.0
EVT_637642,2026-07-29 14:37:08,CMP_103,B2B SaaS Trial,Display,impression,0.0083,0.0
EVT_845219,2026-07-30 10:59:24,CMP_101,Summer Apparel,OLV,q2_50,0.0,0.0
EVT_832983,2026-07-29 08:51:07,CMP_103,B2B SaaS Trial,Display,impression,0.0112,0.0
EVT_442363,2026-07-29 23:49:26,CMP_102,Tech Gadgets Launch,CTV,impression,0.0086,0.0
EVT_117616,2026-07-31 06:18:04,CMP_103,B2B SaaS Trial,Display,q1_25,0.0,0.0
EVT_754544,2026-07-31 07:15:58,CMP_101,Summer Apparel,OLV,q1_25,0.0,0.0
EVT_348398,2026-07-30 06:18:25,CMP_103,B2B SaaS Trial,Display,impression,0.0026,0.0
EVT_573533,2026-07-29 05:28:38,CMP_101,Summer Apparel,OLV,q2_50,0.0,0.0
EVT_935054,2026-07-29 23:17:24,CMP_103,B2B SaaS Trial,Display,impression,0.0024,0.0
EVT_598492,2026-07-31 01:54:34,CMP_102,Tech Gadgets Launch,CTV,q3_75,0.0,0.0
EVT_698055,2026-07-29 04:57:59,CMP_103,B2B SaaS Trial,Display,impression,0.0098,0.0
EVT_207295,2026-07-29 13:40:57,CMP_103,B2B SaaS Trial,Display,q2_50,0.0,0.0
EVT_995535,2026-07-31 15:58:16,CMP_102,Tech Gadgets Launch,CTV,impression,0.003,0.0
EVT_598054,2026-07-29 16:44:40,CMP_101,Summer Apparel,OLV,q2_50,0.0,0.0
EVT_217773,2026-07-29 20:54:08,CMP_103,B2B SaaS Trial,Display,q3_75,0.0,0.0
EVT_291520,2026-07-29 08:38:41,CMP_101,Summer Apparel,OLV,q1_25,0.0,0.0
EVT_813383,2026-07-31 04:12:35,CMP_102,Tech Gadgets Launch,CTV,q2_50,0.0,0.0
EVT_579782,2026-07-28 21:30:30,CMP_101,Summer Apparel,OLV,impression,0.0067,0.0
EVT_511636,2026-07-29 22:50:04,CMP_101,Summer Apparel,OLV,click,0.0,0.0
EVT_435103,2026-07-30 03:31:45,CMP_103,B2B SaaS Trial,Display,impression,0.0096,0.0
EVT_835387,2026-07-30 16:49:57,CMP_103,B2B SaaS Trial,Display,q1_25,0.0,0.0
EVT_843420,2026-07-29 08:06:38,CMP_101,Summer Apparel,OLV,q2_50,0.0,0.0
EVT_702613,2026-07-30 05:54:28,CMP_101,Summer Apparel,OLV,q1_25,0.0,0.0
EVT_573836,2026-07-29 23:21:45,CMP_101,Summer Apparel,OLV,impression,0.0054,0.0
EVT_194809,2026-07-28 23:51:15,CMP_102,Tech Gadgets Launch,CTV,q2_50,0.0,0.0
EVT_153000,2026-07-29 04:23:37,CMP_101,Summer Apparel,OLV,q3_75,0.0,0.0
EVT_475483,2026-07-30 12:39:45,CMP_102,Tech Gadgets Launch,CTV,impression,0.0108,0.0
EVT_555362,2026-07-30 00:57:25,CMP_103,B2B SaaS Trial,Display,impression,0.0115,0.0
EVT_413230,2026-07-29 05:31:19,CMP_101,Summer Apparel,OLV,q1_25,0.0,0.0
EVT_619188,2026-07-29 14:28:53,CMP_102,Tech Gadgets Launch,CTV,q3_75,0.0,0.0
EVT_895960,2026-07-29 05:28:02,CMP_101,Summer Apparel,OLV,q2_50,0.0,0.0
EVT_141668,2026-07-31 09:15:56,CMP_103,B2B SaaS Trial,Display,q1_25,0.0,0.0
EVT_751056,2026-07-30 06:58:47,CMP_103,B2B SaaS Trial,Display,q1_25,0.0,0.0
EVT_185219,2026-07-31 11:49:55,CMP_101,Summer Apparel,OLV,q1_25,0.0,0.0
EVT_160399,2026-07-30 02:08:58,CMP_101,Summer Apparel,OLV,impression,0.0069,0.0
EVT_490327,2026-07-29 16:15:57,CMP_103,B2B SaaS Trial,Display,impression,0.0136,0.0
EVT_820302,2026-07-28 20:47:42,CMP_101,Summer Apparel,OLV,impression,0.0124,0.0
EVT_215184,2026-07-31 02:43:14,CMP_103,B2B SaaS Trial,Display,click,0.0,0.0
EVT_366053,2026-07-31 03:46:00,CMP_101,Summer Apparel,OLV,q4_100,0.0,0.0
EVT_338739,2026-07-31 03:55:36,CMP_101,Summer Apparel,OLV,impression,0.0084,0.0
EVT_863622,2026-07-31 03:52:38,CMP_102,Tech Gadgets Launch,CTV,q1_25,0.0,0.0
EVT_246637,2026-07-31 03:53:00,CMP_102,Tech Gadgets Launch,CTV,q1_25,0.0,0.0
EVT_825870,2026-07-30 00:13:15,CMP_101,Summer Apparel,OLV,impression,0.0148,0.0
EVT_819566,2026-07-31 06:12:17,CMP_103,B2B SaaS Trial,Display,impression,0.0021,0.0
EVT_206156,2026-07-29 23:05:21,CMP_102,Tech Gadgets Launch,CTV,q2_50,0.0,0.0
EVT_453879,2026-07-31 15:15:51,CMP_102,Tech Gadgets Launch,CTV,impression,0.005,0.0
EVT_222936,2026-07-30 08:44:46,CMP_101,Summer Apparel,OLV,q2_50,0.0,0.0
EVT_101485,2026-07-31 02:49:20,CMP_103,B2B SaaS Trial,Display,impression,0.0121,0.0
EVT_533130,2026-07-31 10:27:10,CMP_103,B2B SaaS Trial,Display,impression,0.0055,0.0
EVT_324362,2026-07-31 04:23:10,CMP_101,Summer Apparel,OLV,impression,0.0149,0.0
EVT_901338,2026-07-29 01:40:10,CMP_101,Summer Apparel,OLV,impression,0.0148,0.0
EVT_517882,2026-07-30 13:10:40,CMP_102,Tech Gadgets Launch,CTV,q2_50,0.0,0.0
EVT_861370,2026-07-31 06:38:46,CMP_103,B2B SaaS Trial,Display,q4_100,0.0,0.0
EVT_863263,2026-07-29 00:53:55,CMP_103,B2B SaaS Trial,Display,q1_25,0.0,0.0
EVT_144697,2026-07-31 00:49:53,CMP_101,Summer Apparel,OLV,q1_25,0.0,0.0
EVT_474826,2026-07-30 14:49:01,CMP_102,Tech Gadgets Launch,CTV,impression,0.0125,0.0
EVT_374578,2026-07-29 06:36:35,CMP_103,B2B SaaS Trial,Display,impression,0.0108,0.0
EVT_937460,2026-07-31 11:27:35,CMP_103,B2B SaaS Trial,Display,impression,0.0068,0.0
EVT_304700,2026-07-31 16:41:25,CMP_101,Summer Apparel,OLV,impression,0.0141,0.0
EVT_321449,2026-07-29 01:45:24,CMP_103,B2B SaaS Trial,Display,q3_75,0.0,0.0
EVT_165127,2026-07-30 20:37:09,CMP_103,B2B SaaS Trial,Display,q2_50,0.0,0.0
EVT_774382,2026-07-30 06:02:37,CMP_102,Tech Gadgets Launch,CTV,click,0.0,0.0
EVT_600608,2026-07-29 08:09:03,CMP_102,Tech Gadgets Launch,CTV,impression,0.0061,0.0
EVT_972724,2026-07-31 16:01:15,CMP_103,B2B SaaS Trial,Display,impression,0.0047,0.0
EVT_611594,2026-07-30 20:30:09,CMP_103,B2B SaaS Trial,Display,q1_25,0.0,0.0
EVT_904214,2026-07-31 16:30:51,CMP_101,Summer Apparel,OLV,impression,0.0097,0.0
EVT_175932,2026-07-31 13:18:32,CMP_103,B2B SaaS Trial,Display,q2_50,0.0,0.0
EVT_657325,2026-07-31 05:59:34,CMP_101,Summer Apparel,OLV,impression,0.0101,0.0
EVT_127015,2026-07-31 16:43:32,CMP_103,B2B SaaS Trial,Display,q1_25,0.0,0.0
EVT_354425,2026-07-28 20:45:21,CMP_102,Tech Gadgets Launch,CTV,impression,0.0026,0.0
EVT_649891,2026-07-31 12:15:06,CMP_101,Summer Apparel,OLV,impression,0.006,0.0
EVT_849735,2026-07-30 19:54:20,CMP_103,B2B SaaS Trial,Display,q1_25,0.0,0.0
EVT_710441,2026-07-31 10:19:21,CMP_103,B2B SaaS Trial,Display,impression,0.0026,0.0
EVT_945836,2026-07-29 13:20:42,CMP_101,Summer Apparel,OLV,impression,0.0099,0.0
EVT_145877,2026-07-31 07:38:25,CMP_101,Summer Apparel,OLV,q4_100,0.0,0.0
EVT_877227,2026-07-29 14:34:37,CMP_102,Tech Gadgets Launch,CTV,q1_25,0.0,0.0
EVT_729981,2026-07-29 18:59:18,CMP_101,Summer Apparel,OLV,impression,0.0096,0.0
EVT_130734,2026-07-29 22:40:14,CMP_103,B2B SaaS Trial,Display,q2_50,0.0,0.0
EVT_451622,2026-07-31 12:19:09,CMP_103,B2B SaaS Trial,Display,q1_25,0.0,0.0
EVT_164578,2026-07-31 09:01:57,CMP_101,Summer Apparel,OLV,q1_25,0.0,0.0
EVT_690099,2026-07-30 20:31:38,CMP_101,Summer Apparel,OLV,impression,0.0042,0.0
EVT_145386,2026-07-31 14:25:00,CMP_101,Summer Apparel,OLV,q1_25,0.0,0.0
EVT_227054,2026-07-30 09:45:09,CMP_103,B2B SaaS Trial,Display,q3_75,0.0,0.0
EVT_109773,2026-07-30 04:25:59,CMP_103,B2B SaaS Trial,Display,q1_25,0.0,0.0
EVT_909790,2026-07-30 00:33:38,CMP_101,Summer Apparel,OLV,impression,0.0034,0.0
EVT_628424,2026-07-30 19:22:48,CMP_102,Tech Gadgets Launch,CTV,impression,0.0106,0.0
EVT_354547,2026-07-29 07:32:59,CMP_103,B2B SaaS Trial,Display,click,0.0,0.0
EVT_554815,2026-07-30 09:20:29,CMP_101,Summer Apparel,OLV,q1_25,0.0,0.0
EVT_876747,2026-07-29 23:52:21,CMP_103,B2B SaaS Trial,Display,q3_75,0.0,0.0
EVT_272356,2026-07-31 10:34:23,CMP_103,B2B SaaS Trial,Display,q1_25,0.0,0.0
EVT_232847,2026-07-29 01:02:18,CMP_101,Summer Apparel,OLV,q1_25,0.0,0.0
EVT_971479,2026-07-31 00:09:33,CMP_103,B2B SaaS Trial,Display,impression,0.0087,0.0
EVT_864026,2026-07-31 15:06:57,CMP_103,B2B SaaS Trial,Display,q1_25,0.0,0.0
EVT_926376,2026-07-30 13:33:28,CMP_103,B2B SaaS Trial,Display,q2_50,0.0,0.0
EVT_169431,2026-07-31 11:53:02,CMP_102,Tech Gadgets Launch,CTV,impression,0.0103,0.0
EVT_649477,2026-07-30 00:16:36,CMP_103,B2B SaaS Trial,Display,q2_50,0.0,0.0
EVT_829440,2026-07-29 11:34:46,CMP_101,Summer Apparel,OLV,impression,0.0067,0.0
EVT_939815,2026-07-30 17:04:23,CMP_103,B2B SaaS Trial,Display,impression,0.0053,0.0
EVT_211226,2026-07-31 05:20:30,CMP_101,Summer Apparel,OLV,impression,0.0108,0.0
EVT_337014,2026-07-28 23:57:47,CMP_103,B2B SaaS Trial,Display,q3_75,0.0,0.0
EVT_363248,2026-07-30 08:17:18,CMP_101,Summer Apparel,OLV,q1_25,0.0,0.0
EVT_806137,2026-07-29 10:06:18,CMP_101,Summer Apparel,OLV,impression,0.0074,0.0
EVT_834813,2026-07-29 14:22:54,CMP_101,Summer Apparel,OLV,q1_25,0.0,0.0
EVT_404427,2026-07-30 01:50:39,CMP_101,Summer Apparel,OLV,impression,0.0037,0.0
EVT_319416,2026-07-31 15:44:16,CMP_101,Summer Apparel,OLV,impression,0.0057,0.0
EVT_327850,2026-07-31 03:28:35,CMP_101,Summer Apparel,OLV,impression,0.0124,0.0
EVT_851943,2026-07-30 14:28:57,CMP_101,Summer Apparel,OLV,q1_25,0.0,0.0
EVT_259404,2026-07-28 22:46:36,CMP_103,B2B SaaS Trial,Display,q1_25,0.0,0.0
EVT_357618,2026-07-29 23:56:37,CMP_101,Summer Apparel,OLV,impression,0.0064,0.0
EVT_406238,2026-07-31 15:36:50,CMP_101,Summer Apparel,OLV,impression,0.014,0.0
EVT_844343,2026-07-31 05:03:10,CMP_102,Tech Gadgets Launch,CTV,impression,0.0029,0.0
EVT_887790,2026-07-29 14:00:32,CMP_103,B2B SaaS Trial,Display,q1_25,0.0,0.0
EVT_739457,2026-07-30 07:02:48,CMP_101,Summer Apparel,OLV,impression,0.0074,0.0
EVT_130709,2026-07-31 14:26:05,CMP_103,B2B SaaS Trial,Display,q1_25,0.0,0.0
EVT_214015,2026-07-30 11:00:33,CMP_102,Tech Gadgets Launch,CTV,impression,0.0139,0.0
EVT_985367,2026-07-31 12:00:36,CMP_103,B2B SaaS Trial,Display,q4_100,0.0,0.0
EVT_856705,2026-07-30 18:34:54,CMP_103,B2B SaaS Trial,Display,impression,0.0043,0.0
EVT_118264,2026-07-29 04:53:59,CMP_101,Summer Apparel,OLV,q2_50,0.0,0.0
EVT_396953,2026-07-31 20:27:38,CMP_103,B2B SaaS Trial,Display,impression,0.0052,0.0
EVT_381414,2026-07-31 05:44:54,CMP_102,Tech Gadgets Launch,CTV,impression,0.0038,0.0
EVT_186610,2026-07-28 22:21:52,CMP_101,Summer Apparel,OLV,impression,0.0035,0.0
EVT_202931,2026-07-31 06:05:30,CMP_102,Tech Gadgets Launch,CTV,q2_50,0.0,0.0
EVT_848591,2026-07-28 21:35:28,CMP_102,Tech Gadgets Launch,CTV,q3_75,0.0,0.0
EVT_437327,2026-07-31 00:52:08,CMP_102,Tech Gadgets Launch,CTV,impression,0.004,0.0
EVT_744875,2026-07-29 11:29:55,CMP_102,Tech Gadgets Launch,CTV,q2_50,0.0,0.0
EVT_304598,2026-07-31 10:53:27,CMP_101,Summer Apparel,OLV,impression,0.012,0.0
EVT_410296,2026-07-30 09:00:17,CMP_102,Tech Gadgets Launch,CTV,impression,0.0094,0.0
EVT_925457,2026-07-30 19:39:39,CMP_103,B2B SaaS Trial,Display,q1_25,0.0,0.0
EVT_781689,2026-07-29 03:35:39,CMP_103,B2B SaaS Trial,Display,impression,0.0034,0.0
EVT_713747,2026-07-31 11:01:24,CMP_103,B2B SaaS Trial,Display,impression,0.0099,0.0
EVT_941130,2026-07-30 22:03:07,CMP_103,B2B SaaS Trial,Display,q1_25,0.0,0.0
EVT_678316,2026-07-30 13:22:07,CMP_101,Summer Apparel,OLV,impression,0.0058,0.0
EVT_895933,2026-07-30 07:03:54,CMP_102,Tech Gadgets Launch,CTV,impression,0.0041,0.0
EVT_893957,2026-07-28 23:32:44,CMP_101,Summer Apparel,OLV,q2_50,0.0,0.0
EVT_126350,2026-07-31 16:08:18,CMP_101,Summer Apparel,OLV,impression,0.0109,0.0
EVT_656994,2026-07-29 11:31:42,CMP_102,Tech Gadgets Launch,CTV,impression,0.0128,0.0
EVT_732605,2026-07-30 21:50:54,CMP_101,Summer Apparel,OLV,q3_75,0.0,0.0
EVT_462193,2026-07-29 16:25:00,CMP_103,B2B SaaS Trial,Display,impression,0.006,0.0
EVT_365889,2026-07-31 14:04:41,CMP_101,Summer Apparel,OLV,q2_50,0.0,0.0
EVT_977393,2026-07-31 19:29:59,CMP_103,B2B SaaS Trial,Display,impression,0.0084,0.0
EVT_299334,2026-07-31 14:41:08,CMP_102,Tech Gadgets Launch,CTV,q1_25,0.0,0.0
EVT_365916,2026-07-30 19:48:13,CMP_101,Summer Apparel,OLV,impression,0.0057,0.0
EVT_876495,2026-07-28 22:53:32,CMP_103,B2B SaaS Trial,Display,impression,0.0146,0.0
EVT_219125,2026-07-29 11:01:56,CMP_101,Summer Apparel,OLV,impression,0.0039,0.0
EVT_243812,2026-07-29 11:31:13,CMP_103,B2B SaaS Trial,Display,impression,0.0071,0.0
EVT_959123,2026-07-29 10:38:37,CMP_101,Summer Apparel,OLV,impression,0.0142,0.0
EVT_967189,2026-07-31 16:00:22,CMP_102,Tech Gadgets Launch,CTV,q1_25,0.0,0.0
EVT_277922,2026-07-30 08:46:21,CMP_101,Summer Apparel,OLV,q2_50,0.0,0.0
EVT_484087,2026-07-29 22:08:27,CMP_101,Summer Apparel,OLV,impression,0.0099,0.0
EVT_712340,2026-07-29 00:47:15,CMP_102,Tech Gadgets Launch,CTV,q4_100,0.0,0.0
EVT_149012,2026-07-29 13:17:24,CMP_102,Tech Gadgets Launch,CTV,impression,0.0054,0.0
EVT_883227,2026-07-29 02:38:43,CMP_101,Summer Apparel,OLV,q1_25,0.0,0.0
EVT_149890,2026-07-29 16:02:32,CMP_101,Summer Apparel,OLV,impression,0.0101,0.0
EVT_734819,2026-07-31 13:09:26,CMP_102,Tech Gadgets Launch,CTV,impression,0.0091,0.0
EVT_408494,2026-07-28 22:22:44,CMP_101,Summer Apparel,OLV,impression,0.0084,0.0
EVT_318658,2026-07-31 08:36:23,CMP_101,Summer Apparel,OLV,impression,0.0053,0.0
EVT_673578,2026-07-31 01:17:04,CMP_102,Tech Gadgets Launch,CTV,q1_25,0.0,0.0
EVT_142852,2026-07-31 15:35:54,CMP_103,B2B SaaS Trial,Display,q1_25,0.0,0.0
EVT_822775,2026-07-31 06:23:27,CMP_103,B2B SaaS Trial,Display,impression,0.0082,0.0
EVT_339961,2026-07-31 06:37:06,CMP_103,B2B SaaS Trial,Display,q3_75,0.0,0.0
EVT_158112,2026-07-31 07:19:40,CMP_101,Summer Apparel,OLV,impression,0.0127,0.0
EVT_583977,2026-07-29 14:54:53,CMP_103,B2B SaaS Trial,Display,q1_25,0.0,0.0
EVT_977711,2026-07-29 07:04:55,CMP_101,Summer Apparel,OLV,click,0.0,0.0
EVT_589517,2026-07-30 01:38:55,CMP_102,Tech Gadgets Launch,CTV,impression,0.0027,0.0
EVT_230120,2026-07-29 18:00:17,CMP_102,Tech Gadgets Launch,CTV,impression,0.0101,0.0
EVT_548824,2026-07-30 19:52:28,CMP_102,Tech Gadgets Launch,CTV,impression,0.0047,0.0
EVT_304523,2026-07-30 07:51:42,CMP_103,B2B SaaS Trial,Display,impression,0.0063,0.0
EVT_637296,2026-07-31 16:01:52,CMP_102,Tech Gadgets Launch,CTV,impression,0.0129,0.0
EVT_966501,2026-07-30 04:04:02,CMP_102,Tech Gadgets Launch,CTV,impression,0.0039,0.0
EVT_915070,2026-07-30 21:28:26,CMP_103,B2B SaaS Trial,Display,impression,0.0035,0.0
EVT_800470,2026-07-29 10:53:41,CMP_102,Tech Gadgets Launch,CTV,impression,0.0145,0.0
EVT_440795,2026-07-31 08:20:51,CMP_101,Summer Apparel,OLV,q1_25,0.0,0.0
EVT_387628,2026-07-31 16:45:49,CMP_101,Summer Apparel,OLV,click,0.0,0.0
EVT_258428,2026-07-29 19:40:42,CMP_101,Summer Apparel,OLV,click,0.0,0.0
EVT_851982,2026-07-31 13:13:53,CMP_103,B2B SaaS Trial,Display,impression,0.0146,0.0
EVT_108608,2026-07-30 08:27:05,CMP_101,Summer Apparel,OLV,q3_75,0.0,0.0
EVT_516003,2026-07-30 21:30:40,CMP_102,Tech Gadgets Launch,CTV,impression,0.0034,0.0
EVT_842949,2026-07-31 05:33:13,CMP_101,Summer Apparel,OLV,q1_25,0.0,0.0
EVT_616692,2026-07-29 06:50:25,CMP_102,Tech Gadgets Launch,CTV,q1_25,0.0,0.0
EVT_949125,2026-07-30 06:11:13,CMP_101,Summer Apparel,OLV,q1_25,0.0,0.0
EVT_933186,2026-07-29 15:51:48,CMP_102,Tech Gadgets Launch,CTV,impression,0.0125,0.0
EVT_959107,2026-07-30 09:52:39,CMP_103,B2B SaaS Trial,Display,q2_50,0.0,0.0
EVT_239589,2026-07-29 04:01:43,CMP_102,Tech Gadgets Launch,CTV,impression,0.0032,0.0
EVT_161484,2026-07-29 10:49:34,CMP_101,Summer Apparel,OLV,q1_25,0.0,0.0
EVT_975830,2026-07-31 17:44:28,CMP_103,B2B SaaS Trial,Display,q1_25,0.0,0.0
EVT_661378,2026-07-29 04:06:51,CMP_102,Tech Gadgets Launch,CTV,impression,0.002,0.0
EVT_582983,2026-07-30 15:25:51,CMP_101,Summer Apparel,OLV,impression,0.004,0.0
EVT_801379,2026-07-31 08:10:48,CMP_103,B2B SaaS Trial,Display,q3_75,0.0,0.0
EVT_848418,2026-07-30 23:05:14,CMP_103,B2B SaaS Trial,Display,impression,0.0034,0.0
EVT_359571,2026-07-28 23:10:32,CMP_103,B2B SaaS Trial,Display,impression,0.0145,0.0
EVT_640577,2026-07-30 10:11:56,CMP_103,B2B SaaS Trial,Display,impression,0.0094,0.0
EVT_548849,2026-07-29 08:43:36,CMP_102,Tech Gadgets Launch,CTV,impression,0.007,0.0
EVT_106003,2026-07-30 07:27:15,CMP_102,Tech Gadgets Launch,CTV,impression,0.0076,0.0
EVT_654811,2026-07-31 00:44:54,CMP_103,B2B SaaS Trial,Display,impression,0.0101,0.0
EVT_402709,2026-07-29 13:52:38,CMP_103,B2B SaaS Trial,Display,impression,0.0057,0.0
EVT_560975,2026-07-29 05:37:39,CMP_102,Tech Gadgets Launch,CTV,q1_25,0.0,0.0
EVT_585229,2026-07-29 21:45:12,CMP_103,B2B SaaS Trial,Display,q4_100,0.0,0.0
EVT_401763,2026-07-29 19:20:12,CMP_103,B2B SaaS Trial,Display,impression,0.0034,0.0
EVT_949378,2026-07-29 19:29:58,CMP_101,Summer Apparel,OLV,click,0.0,0.0
EVT_685023,2026-07-29 00:28:28,CMP_103,B2B SaaS Trial,Display,click,0.0,0.0
EVT_939687,2026-07-29 02:28:49,CMP_103,B2B SaaS Trial,Display,impression,0.0039,0.0
EVT_528412,2026-07-30 09:40:03,CMP_101,Summer Apparel,OLV,q1_25,0.0,0.0
EVT_302721,2026-07-31 05:56:37,CMP_102,Tech Gadgets Launch,CTV,impression,0.0051,0.0
EVT_746239,2026-07-29 17:35:22,CMP_102,Tech Gadgets Launch,CTV,impression,0.0031,0.0
EVT_199079,2026-07-30 17:53:24,CMP_101,Summer Apparel,OLV,click,0.0,0.0
EVT_592775,2026-07-30 00:37:15,CMP_103,B2B SaaS Trial,Display,q1_25,0.0,0.0
EVT_463034,2026-07-31 16:48:28,CMP_101,Summer Apparel,OLV,impression,0.004,0.0
EVT_861287,2026-07-31 04:15:40,CMP_101,Summer Apparel,OLV,impression,0.0128,0.0
EVT_941336,2026-07-29 20:18:14,CMP_102,Tech Gadgets Launch,CTV,q1_25,0.0,0.0
EVT_406867,2026-07-30 13:35:37,CMP_101,Summer Apparel,OLV,impression,0.0123,0.0
EVT_412107,2026-07-30 00:54:27,CMP_103,B2B SaaS Trial,Display,conversion,0.0,75.58
EVT_702725,2026-07-31 04:17:12,CMP_101,Summer Apparel,OLV,impression,0.013,0.0
EVT_795477,2026-07-30 00:01:43,CMP_102,Tech Gadgets Launch,CTV,impression,0.0044,0.0
EVT_448464,2026-07-30 23:29:41,CMP_101,Summer Apparel,OLV,impression,0.0045,0.0
EVT_922889,2026-07-28 22:29:48,CMP_101,Summer Apparel,OLV,impression,0.0125,0.0
EVT_949015,2026-07-30 23:35:05,CMP_101,Summer Apparel,OLV,impression,0.0103,0.0
EVT_148796,2026-07-31 16:47:34,CMP_102,Tech Gadgets Launch,CTV,q4_100,0.0,0.0
EVT_741703,2026-07-30 03:50:56,CMP_101,Summer Apparel,OLV,impression,0.0086,0.0
EVT_405237,2026-07-31 15:49:57,CMP_103,B2B SaaS Trial,Display,q2_50,0.0,0.0
EVT_493015,2026-07-28 21:57:08,CMP_103,B2B SaaS Trial,Display,q2_50,0.0,0.0
EVT_314656,2026-07-31 16:41:30,CMP_101,Summer Apparel,OLV,impression,0.0105,0.0
EVT_573391,2026-07-29 06:04:24,CMP_102,Tech Gadgets Launch,CTV,impression,0.0107,0.0
EVT_349043,2026-07-31 19:03:43,CMP_103,B2B SaaS Trial,Display,impression,0.011,0.0
EVT_564140,2026-07-29 07:21:23,CMP_103,B2B SaaS Trial,Display,impression,0.0055,0.0
EVT_244440,2026-07-30 13:02:35,CMP_103,B2B SaaS Trial,Display,q2_50,0.0,0.0
EVT_166667,2026-07-31 19:12:10,CMP_101,Summer Apparel,OLV,q3_75,0.0,0.0
EVT_700468,2026-07-29 14:36:26,CMP_103,B2B SaaS Trial,Display,q4_100,0.0,0.0
EVT_582542,2026-07-31 08:29:24,CMP_102,Tech Gadgets Launch,CTV,impression,0.0123,0.0
EVT_394845,2026-07-30 05:41:52,CMP_102,Tech Gadgets Launch,CTV,q2_50,0.0,0.0
EVT_721685,2026-07-30 14:39:59,CMP_101,Summer Apparel,OLV,impression,0.0039,0.0
EVT_412792,2026-07-28 21:21:08,CMP_101,Summer Apparel,OLV,q2_50,0.0,0.0
EVT_753288,2026-07-30 19:37:46,CMP_101,Summer Apparel,OLV,q1_25,0.0,0.0
EVT_952338,2026-07-29 05:51:20,CMP_103,B2B SaaS Trial,Display,q1_25,0.0,0.0
EVT_481007,2026-07-29 23:27:23,CMP_102,Tech Gadgets Launch,CTV,impression,0.0094,0.0
EVT_165333,2026-07-31 00:45:53,CMP_102,Tech Gadgets Launch,CTV,q1_25,0.0,0.0
EVT_663263,2026-07-30 20:23:52,CMP_102,Tech Gadgets Launch,CTV,impression,0.0104,0.0
EVT_445511,2026-07-28 23:54:59,CMP_103,B2B SaaS Trial,Display,impression,0.0108,0.0
EVT_871234,2026-07-29 06:11:03,CMP_102,Tech Gadgets Launch,CTV,q3_75,0.0,0.0
EVT_359779,2026-07-29 13:39:33,CMP_103,B2B SaaS Trial,Display,q2_50,0.0,0.0
EVT_238301,2026-07-29 02:55:08,CMP_103,B2B SaaS Trial,Display,impression,0.0043,0.0
EVT_211622,2026-07-30 05:35:13,CMP_101,Summer Apparel,OLV,q3_75,0.0,0.0
EVT_638358,2026-07-29 01:46:54,CMP_101,Summer Apparel,OLV,q1_25,0.0,0.0
EVT_120305,2026-07-31 08:26:13,CMP_101,Summer Apparel,OLV,q2_50,0.0,0.0
EVT_118742,2026-07-31 15:20:04,CMP_103,B2B SaaS Trial,Display,impression,0.0124,0.0
EVT_985356,2026-07-29 10:05:30,CMP_101,Summer Apparel,OLV,q4_100,0.0,0.0
EVT_285503,2026-07-31 20:26:34,CMP_103,B2B SaaS Trial,Display,impression,0.0041,0.0
EVT_650437,2026-07-30 15:35:26,CMP_103,B2B SaaS Trial,Display,impression,0.0036,0.0
EVT_520280,2026-07-30 16:41:43,CMP_103,B2B SaaS Trial,Display,impression,0.0053,0.0
EVT_549468,2026-07-29 12:14:45,CMP_101,Summer Apparel,OLV,impression,0.0051,0.0
EVT_938852,2026-07-30 10:22:20,CMP_103,B2B SaaS Trial,Display,q1_25,0.0,0.0
EVT_637057,2026-07-29 15:45:18,CMP_102,Tech Gadgets Launch,CTV,q1_25,0.0,0.0
EVT_802702,2026-07-30 10:20:06,CMP_101,Summer Apparel,OLV,q1_25,0.0,0.0
EVT_155940,2026-07-29 05:29:10,CMP_103,B2B SaaS Trial,Display,q1_25,0.0,0.0
EVT_976785,2026-07-29 08:46:17,CMP_103,B2B SaaS Trial,Display,q1_25,0.0,0.0
EVT_373669,2026-07-31 00:57:09,CMP_101,Summer Apparel,OLV,impression,0.0141,0.0
EVT_954123,2026-07-31 03:04:14,CMP_102,Tech Gadgets Launch,CTV,q1_25,0.0,0.0
EVT_311979,2026-07-30 00:26:41,CMP_103,B2B SaaS Trial,Display,impression,0.0064,0.0
EVT_488291,2026-07-29 13:36:52,CMP_102,Tech Gadgets Launch,CTV,impression,0.008,0.0
EVT_684368,2026-07-31 05:06:35,CMP_102,Tech Gadgets Launch,CTV,impression,0.0088,0.0
EVT_558652,2026-07-30 02:20:48,CMP_101,Summer Apparel,OLV,impression,0.0128,0.0
EVT_948415,2026-07-31 18:10:07,CMP_102,Tech Gadgets Launch,CTV,impression,0.0036,0.0
EVT_822636,2026-07-29 13:32:47,CMP_103,B2B SaaS Trial,Display,q1_25,0.0,0.0
EVT_749448,2026-07-31 09:14:43,CMP_102,Tech Gadgets Launch,CTV,impression,0.0131,0.0
EVT_933016,2026-07-30 17:54:16,CMP_101,Summer Apparel,OLV,impression,0.0126,0.0
EVT_101293,2026-07-31 19:20:01,CMP_102,Tech Gadgets Launch,CTV,q1_25,0.0,0.0
EVT_558381,2026-07-29 16:14:28,CMP_102,Tech Gadgets Launch,CTV,q3_75,0.0,0.0
EVT_534149,2026-07-31 19:11:06,CMP_101,Summer Apparel,OLV,impression,0.009,0.0
EVT_460564,2026-07-31 09:15:43,CMP_102,Tech Gadgets Launch,CTV,impression,0.0099,0.0
EVT_686943,2026-07-29 09:09:53,CMP_102,Tech Gadgets Launch,CTV,impression,0.0071,0.0
EVT_190381,2026-07-29 22:28:33,CMP_101,Summer Apparel,OLV,impression,0.0086,0.0
EVT_656223,2026-07-29 18:52:01,CMP_102,Tech Gadgets Launch,CTV,impression,0.0075,0.0
EVT_529616,2026-07-29 08:07:54,CMP_102,Tech Gadgets Launch,CTV,q1_25,0.0,0.0
EVT_896701,2026-07-31 01:27:07,CMP_103,B2B SaaS Trial,Display,q2_50,0.0,0.0
EVT_640233,2026-07-30 01:29:31,CMP_102,Tech Gadgets Launch,CTV,q1_25,0.0,0.0
EVT_250977,2026-07-29 18:56:20,CMP_103,B2B SaaS Trial,Display,q2_50,0.0,0.0
EVT_192795,2026-07-29 11:34:59,CMP_101,Summer Apparel,OLV,q1_25,0.0,0.0
EVT_601682,2026-07-30 14:54:29,CMP_101,Summer Apparel,OLV,q3_75,0.0,0.0
EVT_317679,2026-07-29 22:54:06,CMP_101,Summer Apparel,OLV,impression,0.01,0.0
EVT_805714,2026-07-30 04:17:34,CMP_102,Tech Gadgets Launch,CTV,q1_25,0.0,0.0
EVT_782497,2026-07-29 19:30:33,CMP_103,B2B SaaS Trial,Display,q1_25,0.0,0.0
EVT_983473,2026-07-29 20:53:18,CMP_102,Tech Gadgets Launch,CTV,impression,0.0149,0.0
EVT_770676,2026-07-31 18:17:58,CMP_101,Summer Apparel,OLV,impression,0.0067,0.0
EVT_379341,2026-07-31 00:10:02,CMP_101,Summer Apparel,OLV,q2_50,0.0,0.0
EVT_520895,2026-07-29 06:36:17,CMP_101,Summer Apparel,OLV,q2_50,0.0,0.0
EVT_738207,2026-07-30 01:09:12,CMP_102,Tech Gadgets Launch,CTV,q1_25,0.0,0.0
EVT_596901,2026-07-30 03:13:07,CMP_103,B2B SaaS Trial,Display,impression,0.0087,0.0
EVT_802721,2026-07-31 16:24:27,CMP_101,Summer Apparel,OLV,q2_50,0.0,0.0
EVT_406476,2026-07-29 19:51:47,CMP_102,Tech Gadgets Launch,CTV,q2_50,0.0,0.0
EVT_872269,2026-07-31 03:47:37,CMP_102,Tech Gadgets Launch,CTV,impression,0.0032,0.0
EVT_376488,2026-07-29 07:16:46,CMP_103,B2B SaaS Trial,Display,impression,0.0045,0.0
EVT_353628,2026-07-28 23:13:24,CMP_102,Tech Gadgets Launch,CTV,q1_25,0.0,0.0
EVT_266581,2026-07-29 03:25:12,CMP_102,Tech Gadgets Launch,CTV,impression,0.0115,0.0
EVT_399757,2026-07-31 09:48:03,CMP_102,Tech Gadgets Launch,CTV,impression,0.0073,0.0
EVT_187371,2026-07-31 10:25:30,CMP_103,B2B SaaS Trial,Display,q2_50,0.0,0.0
EVT_773409,2026-07-29 06:07:59,CMP_101,Summer Apparel,OLV,q2_50,0.0,0.0
EVT_447555,2026-07-29 02:39:59,CMP_101,Summer Apparel,OLV,q2_50,0.0,0.0
EVT_916748,2026-07-31 10:01:58,CMP_103,B2B SaaS Trial,Display,impression,0.0043,0.0
EVT_912732,2026-07-30 14:30:12,CMP_101,Summer Apparel,OLV,impression,0.0021,0.0
EVT_523174,2026-07-29 04:07:12,CMP_102,Tech Gadgets Launch,CTV,q2_50,0.0,0.0
EVT_875847,2026-07-31 12:22:37,CMP_102,Tech Gadgets Launch,CTV,impression,0.0081,0.0
EVT_171617,2026-07-30 19:41:40,CMP_103,B2B SaaS Trial,Display,impression,0.0026,0.0
EVT_968544,2026-07-30 22:06:19,CMP_101,Summer Apparel,OLV,impression,0.0071,0.0
EVT_385187,2026-07-29 12:06:03,CMP_101,Summer Apparel,OLV,q1_25,0.0,0.0
EVT_459676,2026-07-30 05:33:00,CMP_102,Tech Gadgets Launch,CTV,q1_25,0.0,0.0
EVT_890893,2026-07-30 12:18:39,CMP_102,Tech Gadgets Launch,CTV,q2_50,0.0,0.0
EVT_521773,2026-07-31 01:00:44,CMP_102,Tech Gadgets Launch,CTV,q1_25,0.0,0.0
EVT_565473,2026-07-31 05:37:00,CMP_103,B2B SaaS Trial,Display,q2_50,0.0,0.0
EVT_486091,2026-07-30 12:33:44,CMP_103,B2B SaaS Trial,Display,impression,0.0097,0.0
EVT_887936,2026-07-30 22:08:38,CMP_101,Summer Apparel,OLV,q3_75,0.0,0.0
EVT_972424,2026-07-29 04:30:52,CMP_103,B2B SaaS Trial,Display,q1_25,0.0,0.0
EVT_989455,2026-07-29 14:13:19,CMP_103,B2B SaaS Trial,Display,q1_25,0.0,0.0
EVT_287085,2026-07-31 05:44:14,CMP_102,Tech Gadgets Launch,CTV,q1_25,0.0,0.0
EVT_229034,2026-07-30 15:51:38,CMP_101,Summer Apparel,OLV,q1_25,0.0,0.0
EVT_979714,2026-07-31 02:11:15,CMP_101,Summer Apparel,OLV,q1_25,0.0,0.0
EVT_721889,2026-07-29 10:46:25,CMP_102,Tech Gadgets Launch,CTV,impression,0.006,0.0
EVT_280590,2026-07-31 10:49:59,CMP_101,Summer Apparel,OLV,q1_25,0.0,0.0
EVT_255654,2026-07-31 00:28:55,CMP_101,Summer Apparel,OLV,q4_100,0.0,0.0
EVT_645369,2026-07-29 18:20:36,CMP_102,Tech Gadgets Launch,CTV,q1_25,0.0,0.0
EVT_119479,2026-07-31 08:10:25,CMP_102,Tech Gadgets Launch,CTV,impression,0.0109,0.0
EVT_989725,2026-07-30 07:53:42,CMP_103,B2B SaaS Trial,Display,impression,0.0058,0.0
EVT_104630,2026-07-30 04:08:12,CMP_103,B2B SaaS Trial,Display,q2_50,0.0,0.0
EVT_501683,2026-07-29 02:25:28,CMP_103,B2B SaaS Trial,Display,q2_50,0.0,0.0
EVT_885345,2026-07-31 16:23:45,CMP_102,Tech Gadgets Launch,CTV,impression,0.0051,0.0
EVT_375802,2026-07-30 18:38:27,CMP_103,B2B SaaS Trial,Display,q2_50,0.0,0.0
EVT_828045,2026-07-31 12:23:17,CMP_102,Tech Gadgets Launch,CTV,impression,0.0038,0.0
EVT_608771,2026-07-29 09:27:29,CMP_101,Summer Apparel,OLV,impression,0.0043,0.0
EVT_479680,2026-07-31 11:25:56,CMP_101,Summer Apparel,OLV,impression,0.0104,0.0
EVT_328709,2026-07-29 02:08:52,CMP_102,Tech Gadgets Launch,CTV,impression,0.0054,0.0
EVT_779778,2026-07-29 16:46:05,CMP_101,Summer Apparel,OLV,impression,0.0048,0.0
EVT_369724,2026-07-30 22:34:36,CMP_101,Summer Apparel,OLV,impression,0.006,0.0
EVT_923316,2026-07-31 03:59:54,CMP_102,Tech Gadgets Launch,CTV,q1_25,0.0,0.0
EVT_338012,2026-07-30 17:39:38,CMP_102,Tech Gadgets Launch,CTV,conversion,0.0,76.97
EVT_567629,2026-07-28 21:19:50,CMP_102,Tech Gadgets Launch,CTV,q1_25,0.0,0.0
EVT_921534,2026-07-31 09:17:28,CMP_102,Tech Gadgets Launch,CTV,q2_50,0.0,0.0
EVT_438247,2026-07-29 05:00:36,CMP_102,Tech Gadgets Launch,CTV,impression,0.0069,0.0
EVT_955979,2026-07-31 15:35:36,CMP_103,B2B SaaS Trial,Display,q1_25,0.0,0.0
EVT_305990,2026-07-30 05:57:39,CMP_101,Summer Apparel,OLV,q1_25,0.0,0.0
EVT_300042,2026-07-29 10:04:28,CMP_102,Tech Gadgets Launch,CTV,impression,0.0083,0.0
EVT_741894,2026-07-31 02:02:11,CMP_103,B2B SaaS Trial,Display,impression,0.0099,0.0
EVT_746468,2026-07-30 18:58:34,CMP_102,Tech Gadgets Launch,CTV,impression,0.0057,0.0
EVT_757382,2026-07-29 04:38:09,CMP_102,Tech Gadgets Launch,CTV,impression,0.0114,0.0
EVT_210683,2026-07-29 21:06:24,CMP_101,Summer Apparel,OLV,impression,0.0069,0.0
EVT_570787,2026-07-30 08:28:07,CMP_101,Summer Apparel,OLV,q1_25,0.0,0.0
EVT_421136,2026-07-29 05:17:17,CMP_103,B2B SaaS Trial,Display,q1_25,0.0,0.0
EVT_808614,2026-07-29 20:31:05,CMP_101,Summer Apparel,OLV,q1_25,0.0,0.0
EVT_907865,2026-07-29 00:43:40,CMP_103,B2B SaaS Trial,Display,q1_25,0.0,0.0
EVT_132817,2026-07-29 14:15:10,CMP_102,Tech Gadgets Launch,CTV,q1_25,0.0,0.0
EVT_508307,2026-07-30 13:54:05,CMP_101,Summer Apparel,OLV,conversion,0.0,34.76
EVT_620536,2026-07-28 22:14:15,CMP_101,Summer Apparel,OLV,impression,0.0058,0.0
EVT_278308,2026-07-29 23:13:10,CMP_103,B2B SaaS Trial,Display,q3_75,0.0,0.0
EVT_583953,2026-07-31 13:18:37,CMP_102,Tech Gadgets Launch,CTV,q2_50,0.0,0.0
EVT_760229,2026-07-30 16:20:49,CMP_103,B2B SaaS Trial,Display,q2_50,0.0,0.0
EVT_175722,2026-07-30 11:41:11,CMP_102,Tech Gadgets Launch,CTV,impression,0.0031,0.0
EVT_351995,2026-07-29 22:21:20,CMP_103,B2B SaaS Trial,Display,q1_25,0.0,0.0
EVT_288771,2026-07-31 05:57:09,CMP_101,Summer Apparel,OLV,conversion,0.0,94.12
EVT_636956,2026-07-29 15:51:37,CMP_102,Tech Gadgets Launch,CTV,impression,0.0115,0.0
EVT_478266,2026-07-29 00:41:03,CMP_103,B2B SaaS Trial,Display,q1_25,0.0,0.0
EVT_552830,2026-07-29 17:01:17,CMP_102,Tech Gadgets Launch,CTV,impression,0.0036,0.0
EVT_301844,2026-07-31 10:33:44,CMP_102,Tech Gadgets Launch,CTV,q1_25,0.0,0.0
EVT_254484,2026-07-29 16:36:55,CMP_101,Summer Apparel,OLV,q1_25,0.0,0.0
EVT_176896,2026-07-29 20:54:51,CMP_101,Summer Apparel,OLV,impression,0.0149,0.0
EVT_177414,2026-07-30 14:36:37,CMP_101,Summer Apparel,OLV,q2_50,0.0,0.0
EVT_270965,2026-07-31 08:48:52,CMP_103,B2B SaaS Trial,Display,impression,0.0126,0.0
EVT_423905,2026-07-29 08:30:44,CMP_103,B2B SaaS Trial,Display,impression,0.0122,0.0
EVT_329110,2026-07-31 06:47:30,CMP_103,B2B SaaS Trial,Display,click,0.0,0.0
EVT_755167,2026-07-30 03:49:07,CMP_101,Summer Apparel,OLV,q3_75,0.0,0.0
EVT_404010,2026-07-28 21:14:02,CMP_103,B2B SaaS Trial,Display,impression,0.0117,0.0
EVT_413064,2026-07-31 10:21:00,CMP_103,B2B SaaS Trial,Display,q1_25,0.0,0.0
EVT_439551,2026-07-30 22:33:19,CMP_102,Tech Gadgets Launch,CTV,conversion,0.0,99.78
EVT_744181,2026-07-29 12:54:26,CMP_103,B2B SaaS Trial,Display,impression,0.0025,0.0
EVT_266090,2026-07-31 04:27:04,CMP_103,B2B SaaS Trial,Display,impression,0.0106,0.0
EVT_186189,2026-07-29 22:50:23,CMP_103,B2B SaaS Trial,Display,impression,0.0073,0.0
EVT_848383,2026-07-30 01:17:16,CMP_103,B2B SaaS Trial,Display,q2_50,0.0,0.0
EVT_258775,2026-07-29 08:51:54,CMP_103,B2B SaaS Trial,Display,q1_25,0.0,0.0
EVT_149111,2026-07-30 15:12:59,CMP_101,Summer Apparel,OLV,impression,0.0128,0.0
EVT_435805,2026-07-31 13:38:33,CMP_101,Summer Apparel,OLV,impression,0.0084,0.0
EVT_204758,2026-07-29 22:37:03,CMP_102,Tech Gadgets Launch,CTV,click,0.0,0.0
EVT_853452,2026-07-30 04:36:14,CMP_102,Tech Gadgets Launch,CTV,q1_25,0.0,0.0
EVT_632307,2026-07-30 16:11:20,CMP_102,Tech Gadgets Launch,CTV,impression,0.0129,0.0
EVT_561589,2026-07-29 17:56:24,CMP_101,Summer Apparel,OLV,q1_25,0.0,0.0
EVT_208371,2026-07-30 17:52:21,CMP_102,Tech Gadgets Launch,CTV,impression,0.0072,0.0
EVT_969105,2026-07-31 07:36:39,CMP_103,B2B SaaS Trial,Display,q2_50,0.0,0.0
EVT_170009,2026-07-30 21:30:44,CMP_101,Summer Apparel,OLV,q1_25,0.0,0.0
EVT_520585,2026-07-30 03:17:27,CMP_103,B2B SaaS Trial,Display,impression,0.0039,0.0
EVT_859608,2026-07-30 22:08:08,CMP_101,Summer Apparel,OLV,impression,0.0108,0.0
EVT_715293,2026-07-29 18:36:10,CMP_101,Summer Apparel,OLV,q1_25,0.0,0.0
EVT_797266,2026-07-28 22:44:07,CMP_102,Tech Gadgets Launch,CTV,impression,0.0113,0.0
EVT_966209,2026-07-29 23:38:01,CMP_101,Summer Apparel,OLV,impression,0.0049,0.0
EVT_646384,2026-07-30 08:19:23,CMP_101,Summer Apparel,OLV,impression,0.011,0.0
EVT_222525,2026-07-31 01:49:44,CMP_101,Summer Apparel,OLV,impression,0.0101,0.0
EVT_545827,2026-07-30 13:31:24,CMP_102,Tech Gadgets Launch,CTV,impression,0.0049,0.0
EVT_381054,2026-07-30 12:28:48,CMP_102,Tech Gadgets Launch,CTV,q1_25,0.0,0.0
EVT_206167,2026-07-31 10:20:27,CMP_102,Tech Gadgets Launch,CTV,q4_100,0.0,0.0
EVT_687766,2026-07-29 21:19:23,CMP_101,Summer Apparel,OLV,q1_25,0.0,0.0
EVT_910474,2026-07-30 01:14:18,CMP_102,Tech Gadgets Launch,CTV,impression,0.006,0.0
EVT_351379,2026-07-29 18:44:36,CMP_103,B2B SaaS Trial,Display,impression,0.0094,0.0
EVT_837083,2026-07-30 08:53:37,CMP_102,Tech Gadgets Launch,CTV,impression,0.0059,0.0
EVT_881937,2026-07-30 17:59:49,CMP_102,Tech Gadgets Launch,CTV,q1_25,0.0,0.0
EVT_452409,2026-07-29 15:22:25,CMP_103,B2B SaaS Trial,Display,q4_100,0.0,0.0
EVT_993622,2026-07-30 21:37:29,CMP_102,Tech Gadgets Launch,CTV,impression,0.0111,0.0
EVT_268257,2026-07-31 09:30:15,CMP_103,B2B SaaS Trial,Display,q1_25,0.0,0.0
EVT_564065,2026-07-29 05:13:05,CMP_102,Tech Gadgets Launch,CTV,q1_25,0.0,0.0
EVT_411396,2026-07-30 01:47:29,CMP_102,Tech Gadgets Launch,CTV,q1_25,0.0,0.0
EVT_852097,2026-07-30 18:24:19,CMP_101,Summer Apparel,OLV,impression,0.0042,0.0
EVT_357549,2026-07-31 20:26:46,CMP_101,Summer Apparel,OLV,q4_100,0.0,0.0
EVT_337082,2026-07-29 14:39:28,CMP_103,B2B SaaS Trial,Display,impression,0.0116,0.0
EVT_217219,2026-07-29 06:40:50,CMP_102,Tech Gadgets Launch,CTV,impression,0.0077,0.0
EVT_130360,2026-07-29 08:14:47,CMP_103,B2B SaaS Trial,Display,impression,0.0121,0.0
EVT_832086,2026-07-29 01:03:05,CMP_103,B2B SaaS Trial,Display,q4_100,0.0,0.0
EVT_349861,2026-07-29 13:46:16,CMP_103,B2B SaaS Trial,Display,impression,0.0132,0.0
EVT_928610,2026-07-31 06:08:54,CMP_102,Tech Gadgets Launch,CTV,q1_25,0.0,0.0
EVT_732048,2026-07-30 17:05:45,CMP_103,B2B SaaS Trial,Display,q4_100,0.0,0.0
EVT_466658,2026-07-29 19:12:13,CMP_102,Tech Gadgets Launch,CTV,q1_25,0.0,0.0
EVT_281853,2026-07-29 23:51:25,CMP_102,Tech Gadgets Launch,CTV,impression,0.0123,0.0
EVT_572009,2026-07-30 20:26:24,CMP_103,B2B SaaS Trial,Display,impression,0.0133,0.0
EVT_697387,2026-07-30 15:02:20,CMP_101,Summer Apparel,OLV,impression,0.0067,0.0
EVT_599103,2026-07-30 21:24:05,CMP_101,Summer Apparel,OLV,impression,0.0116,0.0
EVT_827128,2026-07-30 11:55:19,CMP_103,B2B SaaS Trial,Display,q1_25,0.0,0.0
EVT_106873,2026-07-30 00:40:50,CMP_101,Summer Apparel,OLV,impression,0.0053,0.0
EVT_623669,2026-07-29 12:48:07,CMP_101,Summer Apparel,OLV,impression,0.0083,0.0
EVT_396341,2026-07-29 23:18:04,CMP_103,B2B SaaS Trial,Display,q1_25,0.0,0.0
EVT_454425,2026-07-29 03:25:06,CMP_103,B2B SaaS Trial,Display,q3_75,0.0,0.0
EVT_679498,2026-07-29 03:28:17,CMP_101,Summer Apparel,OLV,impression,0.0024,0.0
EVT_237879,2026-07-29 21:46:04,CMP_102,Tech Gadgets Launch,CTV,q3_75,0.0,0.0
EVT_539159,2026-07-31 15:17:23,CMP_103,B2B SaaS Trial,Display,q1_25,0.0,0.0
EVT_510378,2026-07-29 09:52:01,CMP_103,B2B SaaS Trial,Display,impression,0.0092,0.0
EVT_921518,2026-07-29 05:01:05,CMP_101,Summer Apparel,OLV,q1_25,0.0,0.0
EVT_748480,2026-07-31 20:07:23,CMP_101,Summer Apparel,OLV,impression,0.0113,0.0
EVT_199117,2026-07-30 01:43:09,CMP_103,B2B SaaS Trial,Display,impression,0.0068,0.0
EVT_192277,2026-07-30 07:16:43,CMP_102,Tech Gadgets Launch,CTV,q4_100,0.0,0.0
EVT_617280,2026-07-31 06:29:53,CMP_101,Summer Apparel,OLV,impression,0.0025,0.0
EVT_255927,2026-07-31 16:56:02,CMP_101,Summer Apparel,OLV,q4_100,0.0,0.0
EVT_281107,2026-07-29 23:45:26,CMP_103,B2B SaaS Trial,Display,q2_50,0.0,0.0
EVT_254871,2026-07-29 21:13:51,CMP_103,B2B SaaS Trial,Display,impression,0.0044,0.0
EVT_922093,2026-07-30 23:52:59,CMP_102,Tech Gadgets Launch,CTV,q1_25,0.0,0.0
EVT_328040,2026-07-29 01:34:07,CMP_103,B2B SaaS Trial,Display,impression,0.0059,0.0
EVT_272862,2026-07-29 08:37:43,CMP_103,B2B SaaS Trial,Display,click,0.0,0.0
EVT_470020,2026-07-29 04:42:43,CMP_101,Summer Apparel,OLV,impression,0.0093,0.0
EVT_117772,2026-07-31 20:34:44,CMP_101,Summer Apparel,OLV,impression,0.0044,0.0
EVT_805669,2026-07-30 00:43:27,CMP_102,Tech Gadgets Launch,CTV,impression,0.0059,0.0
EVT_687801,2026-07-30 08:39:42,CMP_102,Tech Gadgets Launch,CTV,impression,0.0038,0.0
EVT_687122,2026-07-29 11:49:25,CMP_103,B2B SaaS Trial,Display,q2_50,0.0,0.0
EVT_400415,2026-07-31 12:02:53,CMP_103,B2B SaaS Trial,Display,impression,0.0045,0.0
EVT_938810,2026-07-28 21:05:57,CMP_102,Tech Gadgets Launch,CTV,impression,0.009,0.0
EVT_477154,2026-07-28 21:35:33,CMP_102,Tech Gadgets Launch,CTV,impression,0.012,0.0
EVT_998757,2026-07-30 14:54:30,CMP_101,Summer Apparel,OLV,click,0.0,0.0
EVT_764186,2026-07-31 17:03:20,CMP_101,Summer Apparel,OLV,q3_75,0.0,0.0
EVT_444879,2026-07-29 14:48:58,CMP_102,Tech Gadgets Launch,CTV,impression,0.0051,0.0
EVT_577829,2026-07-29 05:48:05,CMP_101,Summer Apparel,OLV,impression,0.0024,0.0
EVT_835884,2026-07-31 07:35:55,CMP_101,Summer Apparel,OLV,impression,0.0135,0.0
EVT_914257,2026-07-29 21:54:05,CMP_101,Summer Apparel,OLV,impression,0.0088,0.0
EVT_369231,2026-07-30 22:38:48,CMP_102,Tech Gadgets Launch,CTV,q1_25,0.0,0.0
EVT_383222,2026-07-31 02:46:15,CMP_103,B2B SaaS Trial,Display,q4_100,0.0,0.0
EVT_824131,2026-07-30 22:54:42,CMP_101,Summer Apparel,OLV,q2_50,0.0,0.0
EVT_332056,2026-07-29 16:17:56,CMP_101,Summer Apparel,OLV,impression,0.0114,0.0
EVT_337063,2026-07-30 16:25:04,CMP_102,Tech Gadgets Launch,CTV,impression,0.0099,0.0
EVT_860102,2026-07-29 10:08:39,CMP_102,Tech Gadgets Launch,CTV,impression,0.0086,0.0
EVT_777512,2026-07-29 00:00:32,CMP_101,Summer Apparel,OLV,q1_25,0.0,0.0
EVT_154053,2026-07-29 11:30:39,CMP_101,Summer Apparel,OLV,impression,0.0135,0.0
EVT_951961,2026-07-31 11:54:57,CMP_102,Tech Gadgets Launch,CTV,q3_75,0.0,0.0
EVT_633609,2026-07-31 06:09:33,CMP_103,B2B SaaS Trial,Display,click,0.0,0.0
EVT_999998,2026-07-29 17:49:12,CMP_101,Summer Apparel,OLV,q2_50,0.0,0.0
EVT_800195,2026-07-29 20:53:23,CMP_103,B2B SaaS Trial,Display,impression,0.0076,0.0
EVT_117438,2026-07-29 12:25:29,CMP_101,Summer Apparel,OLV,impression,0.0034,0.0
EVT_300770,2026-07-30 09:50:30,CMP_101,Summer Apparel,OLV,q1_25,0.0,0.0
EVT_350149,2026-07-31 07:26:55,CMP_103,B2B SaaS Trial,Display,impression,0.008,0.0
EVT_119283,2026-07-31 16:22:40,CMP_103,B2B SaaS Trial,Display,impression,0.0076,0.0
EVT_329042,2026-07-30 18:23:33,CMP_101,Summer Apparel,OLV,impression,0.0101,0.0
EVT_918028,2026-07-31 10:44:37,CMP_101,Summer Apparel,OLV,q3_75,0.0,0.0
EVT_906452,2026-07-29 22:57:27,CMP_103,B2B SaaS Trial,Display,q1_25,0.0,0.0
EVT_393302,2026-07-30 15:52:29,CMP_103,B2B SaaS Trial,Display,q1_25,0.0,0.0
EVT_547603,2026-07-30 09:20:54,CMP_103,B2B SaaS Trial,Display,q2_50,0.0,0.0
EVT_380638,2026-07-29 02:23:16,CMP_103,B2B SaaS Trial,Display,impression,0.0103,0.0
EVT_395407,2026-07-30 02:56:49,CMP_102,Tech Gadgets Launch,CTV,impression,0.0103,0.0
EVT_465857,2026-07-29 16:13:45,CMP_102,Tech Gadgets Launch,CTV,impression,0.0052,0.0
EVT_116129,2026-07-31 16:55:08,CMP_103,B2B SaaS Trial,Display,impression,0.0147,0.0
EVT_827560,2026-07-31 07:04:48,CMP_101,Summer Apparel,OLV,impression,0.0097,0.0
EVT_262859,2026-07-31 02:55:38,CMP_103,B2B SaaS Trial,Display,impression,0.0111,0.0
EVT_537260,2026-07-31 15:38:10,CMP_103,B2B SaaS Trial,Display,impression,0.0024,0.0
EVT_755263,2026-07-29 01:01:24,CMP_101,Summer Apparel,OLV,impression,0.0041,0.0
EVT_559943,2026-07-31 04:26:41,CMP_103,B2B SaaS Trial,Display,q2_50,0.0,0.0
EVT_667936,2026-07-30 03:39:25,CMP_103,B2B SaaS Trial,Display,q1_25,0.0,0.0
EVT_310725,2026-07-29 00:13:52,CMP_103,B2B SaaS Trial,Display,click,0.0,0.0
EVT_569685,2026-07-29 00:39:26,CMP_103,B2B SaaS Trial,Display,q2_50,0.0,0.0
EVT_161817,2026-07-28 21:06:03,CMP_101,Summer Apparel,OLV,impression,0.0075,0.0
EVT_874925,2026-07-30 10:52:27,CMP_103,B2B SaaS Trial,Display,q2_50,0.0,0.0
EVT_387239,2026-07-29 03:57:58,CMP_103,B2B SaaS Trial,Display,impression,0.008,0.0
EVT_454688,2026-07-30 14:00:19,CMP_103,B2B SaaS Trial,Display,q2_50,0.0,0.0
EVT_135259,2026-07-31 17:30:14,CMP_101,Summer Apparel,OLV,impression,0.0057,0.0
EVT_100043,2026-07-31 15:00:59,CMP_103,B2B SaaS Trial,Display,q1_25,0.0,0.0
EVT_435002,2026-07-31 02:41:29,CMP_101,Summer Apparel,OLV,q1_25,0.0,0.0
EVT_731747,2026-07-30 15:46:19,CMP_101,Summer Apparel,OLV,impression,0.0109,0.0
EVT_301165,2026-07-30 21:31:45,CMP_101,Summer Apparel,OLV,click,0.0,0.0
EVT_415533,2026-07-29 14:15:31,CMP_102,Tech Gadgets Launch,CTV,q2_50,0.0,0.0
EVT_979964,2026-07-31 18:42:02,CMP_102,Tech Gadgets Launch,CTV,impression,0.0022,0.0
EVT_968455,2026-07-31 16:32:08,CMP_101,Summer Apparel,OLV,impression,0.0032,0.0
EVT_570217,2026-07-30 20:35:16,CMP_103,B2B SaaS Trial,Display,q2_50,0.0,0.0
EVT_384090,2026-07-31 14:47:41,CMP_101,Summer Apparel,OLV,q1_25,0.0,0.0
EVT_269939,2026-07-31 17:45:54,CMP_101,Summer Apparel,OLV,impression,0.0142,0.0
EVT_144461,2026-07-29 17:40:32,CMP_103,B2B SaaS Trial,Display,impression,0.0107,0.0
EVT_812363,2026-07-31 20:23:31,CMP_103,B2B SaaS Trial,Display,impression,0.004,0.0
EVT_162066,2026-07-29 16:32:51,CMP_102,Tech Gadgets Launch,CTV,impression,0.0096,0.0
EVT_964686,2026-07-30 13:23:50,CMP_102,Tech Gadgets Launch,CTV,q1_25,0.0,0.0
EVT_487213,2026-07-31 17:32:05,CMP_102,Tech Gadgets Launch,CTV,impression,0.0052,0.0
EVT_484804,2026-07-31 07:39:03,CMP_103,B2B SaaS Trial,Display,q4_100,0.0,0.0
EVT_692634,2026-07-31 06:03:42,CMP_102,Tech Gadgets Launch,CTV,q1_25,0.0,0.0
EVT_306977,2026-07-31 05:16:26,CMP_101,Summer Apparel,OLV,q1_25,0.0,0.0
EVT_741738,2026-07-30 13:33:15,CMP_102,Tech Gadgets Launch,CTV,impression,0.0097,0.0
EVT_123147,2026-07-29 00:31:56,CMP_102,Tech Gadgets Launch,CTV,impression,0.0131,0.0
EVT_572275,2026-07-31 00:30:04,CMP_103,B2B SaaS Trial,Display,impression,0.0103,0.0
EVT_754682,2026-07-31 19:06:08,CMP_103,B2B SaaS Trial,Display,q1_25,0.0,0.0
EVT_682628,2026-07-31 15:34:38,CMP_101,Summer Apparel,OLV,impression,0.0031,0.0
EVT_310579,2026-07-31 07:58:19,CMP_102,Tech Gadgets Launch,CTV,impression,0.0079,0.0
EVT_787452,2026-07-31 12:52:50,CMP_101,Summer Apparel,OLV,impression,0.0146,0.0
EVT_461052,2026-07-31 10:47:00,CMP_101,Summer Apparel,OLV,impression,0.012,0.0
EVT_195688,2026-07-31 00:38:31,CMP_101,Summer Apparel,OLV,q1_25,0.0,0.0
EVT_906697,2026-07-31 01:00:48,CMP_102,Tech Gadgets Launch,CTV,q1_25,0.0,0.0
EVT_801946,2026-07-30 06:54:10,CMP_103,B2B SaaS Trial,Display,q1_25,0.0,0.0
EVT_708716,2026-07-30 16:32:19,CMP_103,B2B SaaS Trial,Display,impression,0.0083,0.0
EVT_244998,2026-07-29 10:55:53,CMP_102,Tech Gadgets Launch,CTV,q1_25,0.0,0.0
EVT_224708,2026-07-30 22:13:40,CMP_101,Summer Apparel,OLV,impression,0.0039,0.0
EVT_916983,2026-07-30 00:45:43,CMP_101,Summer Apparel,OLV,impression,0.004,0.0
EVT_406035,2026-07-31 13:59:16,CMP_103,B2B SaaS Trial,Display,impression,0.0081,0.0
EVT_588824,2026-07-29 05:09:10,CMP_102,Tech Gadgets Launch,CTV,impression,0.0064,0.0
EVT_370011,2026-07-31 12:32:59,CMP_101,Summer Apparel,OLV,q2_50,0.0,0.0
EVT_432119,2026-07-28 22:55:26,CMP_103,B2B SaaS Trial,Display,impression,0.0037,0.0
EVT_623112,2026-07-31 16:27:22,CMP_102,Tech Gadgets Launch,CTV,q2_50,0.0,0.0
EVT_121551,2026-07-29 21:13:31,CMP_101,Summer Apparel,OLV,impression,0.0137,0.0
EVT_819657,2026-07-30 07:28:14,CMP_103,B2B SaaS Trial,Display,q2_50,0.0,0.0
EVT_794874,2026-07-31 05:12:45,CMP_101,Summer Apparel,OLV,impression,0.0143,0.0
EVT_186339,2026-07-31 11:59:59,CMP_102,Tech Gadgets Launch,CTV,impression,0.0098,0.0
EVT_239505,2026-07-29 13:21:57,CMP_101,Summer Apparel,OLV,impression,0.0081,0.0
EVT_201108,2026-07-31 15:50:00,CMP_101,Summer Apparel,OLV,impression,0.0088,0.0
EVT_479721,2026-07-31 02:32:44,CMP_103,B2B SaaS Trial,Display,impression,0.0049,0.0
EVT_153962,2026-07-29 11:13:02,CMP_102,Tech Gadgets Launch,CTV,impression,0.006,0.0
EVT_375476,2026-07-29 02:26:04,CMP_102,Tech Gadgets Launch,CTV,impression,0.01,0.0
EVT_551229,2026-07-31 15:29:51,CMP_103,B2B SaaS Trial,Display,q1_25,0.0,0.0
EVT_714009,2026-07-30 04:43:38,CMP_101,Summer Apparel,OLV,q2_50,0.0,0.0
EVT_820359,2026-07-31 02:28:40,CMP_101,Summer Apparel,OLV,q1_25,0.0,0.0
EVT_927316,2026-07-31 03:18:41,CMP_101,Summer Apparel,OLV,click,0.0,0.0
EVT_749336,2026-07-29 22:49:49,CMP_101,Summer Apparel,OLV,q4_100,0.0,0.0
EVT_239789,2026-07-31 18:12:17,CMP_103,B2B SaaS Trial,Display,impression,0.0025,0.0
EVT_229911,2026-07-29 02:18:07,CMP_103,B2B SaaS Trial,Display,impression,0.0087,0.0
EVT_140670,2026-07-30 17:56:36,CMP_101,Summer Apparel,OLV,q4_100,0.0,0.0
EVT_952574,2026-07-29 20:40:48,CMP_101,Summer Apparel,OLV,impression,0.0088,0.0
EVT_945178,2026-07-29 10:58:24,CMP_103,B2B SaaS Trial,Display,q2_50,0.0,0.0
EVT_836653,2026-07-29 23:50:48,CMP_103,B2B SaaS Trial,Display,impression,0.0027,0.0
EVT_428716,2026-07-30 10:41:17,CMP_101,Summer Apparel,OLV,impression,0.0026,0.0
EVT_437492,2026-07-29 23:14:48,CMP_103,B2B SaaS Trial,Display,impression,0.0082,0.0
EVT_926524,2026-07-31 13:06:03,CMP_103,B2B SaaS Trial,Display,impression,0.0105,0.0
EVT_932388,2026-07-29 00:03:19,CMP_102,Tech Gadgets Launch,CTV,impression,0.0108,0.0
EVT_194023,2026-07-29 21:37:47,CMP_101,Summer Apparel,OLV,impression,0.0062,0.0
EVT_367417,2026-07-29 20:21:07,CMP_103,B2B SaaS Trial,Display,impression,0.0126,0.0
EVT_259373,2026-07-31 12:59:22,CMP_103,B2B SaaS Trial,Display,q1_25,0.0,0.0
EVT_307492,2026-07-30 03:16:46,CMP_102,Tech Gadgets Launch,CTV,q1_25,0.0,0.0
EVT_365351,2026-07-29 01:14:28,CMP_103,B2B SaaS Trial,Display,q1_25,0.0,0.0
EVT_355126,2026-07-29 18:56:35,CMP_101,Summer Apparel,OLV,impression,0.0055,0.0
EVT_653966,2026-07-29 02:03:49,CMP_103,B2B SaaS Trial,Display,impression,0.0106,0.0
EVT_940947,2026-07-29 20:49:04,CMP_103,B2B SaaS Trial,Display,impression,0.0148,0.0
EVT_488574,2026-07-30 01:57:48,CMP_102,Tech Gadgets Launch,CTV,impression,0.009,0.0
EVT_369437,2026-07-30 09:14:11,CMP_103,B2B SaaS Trial,Display,q3_75,0.0,0.0
EVT_729161,2026-07-31 16:20:01,CMP_101,Summer Apparel,OLV,impression,0.004,0.0
EVT_892513,2026-07-29 11:35:13,CMP_101,Summer Apparel,OLV,impression,0.0143,0.0
EVT_224904,2026-07-30 16:04:54,CMP_103,B2B SaaS Trial,Display,impression,0.0097,0.0
EVT_865917,2026-07-31 13:40:16,CMP_102,Tech Gadgets Launch,CTV,q1_25,0.0,0.0
EVT_949615,2026-07-30 01:02:55,CMP_103,B2B SaaS Trial,Display,click,0.0,0.0
EVT_493007,2026-07-31 08:51:26,CMP_102,Tech Gadgets Launch,CTV,impression,0.0026,0.0
EVT_950200,2026-07-28 22:04:11,CMP_101,Summer Apparel,OLV,q4_100,0.0,0.0
EVT_653349,2026-07-29 09:47:04,CMP_102,Tech Gadgets Launch,CTV,q4_100,0.0,0.0
EVT_797740,2026-07-30 18:58:08,CMP_102,Tech Gadgets Launch,CTV,q2_50,0.0,0.0
EVT_623276,2026-07-29 06:02:25,CMP_102,Tech Gadgets Launch,CTV,q1_25,0.0,0.0
EVT_196964,2026-07-31 14:46:48,CMP_101,Summer Apparel,OLV,impression,0.0108,0.0
EVT_499888,2026-07-31 03:03:54,CMP_102,Tech Gadgets Launch,CTV,q4_100,0.0,0.0
EVT_961215,2026-07-30 10:04:02,CMP_103,B2B SaaS Trial,Display,impression,0.0048,0.0
EVT_631361,2026-07-30 02:12:30,CMP_103,B2B SaaS Trial,Display,q2_50,0.0,0.0
EVT_793600,2026-07-29 06:20:50,CMP_102,Tech Gadgets Launch,CTV,q1_25,0.0,0.0
EVT_282896,2026-07-29 22:30:16,CMP_102,Tech Gadgets Launch,CTV,q1_25,0.0,0.0
EVT_221456,2026-07-31 08:38:10,CMP_101,Summer Apparel,OLV,q1_25,0.0,0.0
EVT_514910,2026-07-28 22:18:56,CMP_103,B2B SaaS Trial,Display,impression,0.009,0.0
EVT_640564,2026-07-29 20:31:19,CMP_102,Tech Gadgets Launch,CTV,impression,0.0071,0.0
EVT_324960,2026-07-30 14:09:43,CMP_101,Summer Apparel,OLV,impression,0.0041,0.0
EVT_453314,2026-07-31 12:21:03,CMP_103,B2B SaaS Trial,Display,q3_75,0.0,0.0
EVT_483849,2026-07-29 06:48:45,CMP_101,Summer Apparel,OLV,impression,0.0102,0.0
EVT_300614,2026-07-31 01:32:10,CMP_101,Summer Apparel,OLV,q4_100,0.0,0.0
EVT_564294,2026-07-31 15:16:41,CMP_102,Tech Gadgets Launch,CTV,q4_100,0.0,0.0
EVT_283846,2026-07-30 23:02:35,CMP_102,Tech Gadgets Launch,CTV,impression,0.0086,0.0
EVT_761090,2026-07-31 13:39:05,CMP_103,B2B SaaS Trial,Display,impression,0.0067,0.0
EVT_428296,2026-07-30 07:31:13,CMP_102,Tech Gadgets Launch,CTV,q2_50,0.0,0.0
EVT_922749,2026-07-31 16:53:13,CMP_103,B2B SaaS Trial,Display,impression,0.0061,0.0
EVT_920532,2026-07-30 18:01:20,CMP_102,Tech Gadgets Launch,CTV,impression,0.0052,0.0
EVT_117273,2026-07-29 02:58:20,CMP_103,B2B SaaS Trial,Display,impression,0.0058,0.0
EVT_427204,2026-07-30 04:44:01,CMP_102,Tech Gadgets Launch,CTV,q3_75,0.0,0.0
EVT_662780,2026-07-30 03:56:04,CMP_101,Summer Apparel,OLV,q1_25,0.0,0.0
EVT_359865,2026-07-31 00:04:03,CMP_103,B2B SaaS Trial,Display,impression,0.0023,0.0
EVT_153288,2026-07-30 08:39:01,CMP_102,Tech Gadgets Launch,CTV,impression,0.005,0.0
EVT_173315,2026-07-30 13:13:12,CMP_102,Tech Gadgets Launch,CTV,impression,0.0078,0.0
EVT_240389,2026-07-31 19:24:25,CMP_102,Tech Gadgets Launch,CTV,q1_25,0.0,0.0
EVT_432323,2026-07-31 03:07:38,CMP_102,Tech Gadgets Launch,CTV,impression,0.0029,0.0
EVT_942283,2026-07-29 00:04:40,CMP_101,Summer Apparel,OLV,q2_50,0.0,0.0
EVT_595377,2026-07-29 11:45:54,CMP_103,B2B SaaS Trial,Display,q2_50,0.0,0.0
EVT_576676,2026-07-30 07:12:38,CMP_103,B2B SaaS Trial,Display,q3_75,0.0,0.0
EVT_850205,2026-07-30 05:46:25,CMP_101,Summer Apparel,OLV,q2_50,0.0,0.0
EVT_636612,2026-07-29 11:14:34,CMP_101,Summer Apparel,OLV,q2_50,0.0,0.0
EVT_350097,2026-07-30 16:54:09,CMP_102,Tech Gadgets Launch,CTV,q1_25,0.0,0.0
EVT_842793,2026-07-31 18:16:18,CMP_103,B2B SaaS Trial,Display,impression,0.0084,0.0
EVT_785382,2026-07-29 00:10:43,CMP_102,Tech Gadgets Launch,CTV,impression,0.0137,0.0
EVT_633084,2026-07-29 21:43:00,CMP_101,Summer Apparel,OLV,impression,0.0092,0.0
EVT_628210,2026-07-30 08:14:56,CMP_103,B2B SaaS Trial,Display,q1_25,0.0,0.0
EVT_305669,2026-07-30 17:41:08,CMP_103,B2B SaaS Trial,Display,impression,0.0109,0.0
EVT_305447,2026-07-30 23:28:32,CMP_102,Tech Gadgets Launch,CTV,impression,0.0108,0.0
EVT_556929,2026-07-30 14:17:43,CMP_103,B2B SaaS Trial,Display,q3_75,0.0,0.0
EVT_345779,2026-07-31 07:03:29,CMP_103,B2B SaaS Trial,Display,impression,0.0121,0.0
EVT_299208,2026-07-29 21:22:58,CMP_103,B2B SaaS Trial,Display,q4_100,0.0,0.0
EVT_237360,2026-07-31 08:27:25,CMP_102,Tech Gadgets Launch,CTV,impression,0.0111,0.0
EVT_700134,2026-07-29 16:44:06,CMP_102,Tech Gadgets Launch,CTV,impression,0.0101,0.0
EVT_741817,2026-07-30 07:25:02,CMP_101,Summer Apparel,OLV,impression,0.0087,0.0
EVT_859179,2026-07-30 11:01:34,CMP_101,Summer Apparel,OLV,impression,0.0137,0.0
EVT_193224,2026-07-29 16:35:46,CMP_101,Summer Apparel,OLV,impression,0.0117,0.0
EVT_330997,2026-07-29 05:33:33,CMP_101,Summer Apparel,OLV,impression,0.0093,0.0
EVT_939901,2026-07-30 18:15:07,CMP_103,B2B SaaS Trial,Display,q2_50,0.0,0.0
EVT_730575,2026-07-31 13:46:30,CMP_103,B2B SaaS Trial,Display,q1_25,0.0,0.0
EVT_436174,2026-07-31 17:52:45,CMP_103,B2B SaaS Trial,Display,q1_25,0.0,0.0
EVT_679803,2026-07-30 09:52:46,CMP_102,Tech Gadgets Launch,CTV,impression,0.0077,0.0
EVT_132209,2026-07-31 09:43:47,CMP_101,Summer Apparel,OLV,q1_25,0.0,0.0
EVT_395303,2026-07-29 18:39:12,CMP_101,Summer Apparel,OLV,impression,0.0062,0.0
EVT_953480,2026-07-29 03:23:01,CMP_101,Summer Apparel,OLV,impression,0.0106,0.0
EVT_146871,2026-07-29 05:15:43,CMP_103,B2B SaaS Trial,Display,impression,0.0132,0.0
EVT_488794,2026-07-29 20:21:46,CMP_101,Summer Apparel,OLV,impression,0.0056,0.0
EVT_153671,2026-07-30 09:31:19,CMP_102,Tech Gadgets Launch,CTV,impression,0.0139,0.0
EVT_284937,2026-07-30 06:31:13,CMP_103,B2B SaaS Trial,Display,q1_25,0.0,0.0
EVT_552473,2026-07-29 01:52:14,CMP_102,Tech Gadgets Launch,CTV,impression,0.0082,0.0
EVT_581886,2026-07-29 18:27:53,CMP_103,B2B SaaS Trial,Display,impression,0.0098,0.0
EVT_360284,2026-07-28 23:18:25,CMP_102,Tech Gadgets Launch,CTV,impression,0.0052,0.0
EVT_591030,2026-07-29 17:12:29,CMP_102,Tech Gadgets Launch,CTV,impression,0.0066,0.0
EVT_318696,2026-07-29 20:16:34,CMP_102,Tech Gadgets Launch,CTV,impression,0.0123,0.0
EVT_161369,2026-07-29 09:17:42,CMP_102,Tech Gadgets Launch,CTV,q3_75,0.0,0.0
EVT_645325,2026-07-29 04:17:26,CMP_102,Tech Gadgets Launch,CTV,conversion,0.0,53.53
EVT_794049,2026-07-30 10:42:10,CMP_102,Tech Gadgets Launch,CTV,impression,0.0086,0.0
EVT_510806,2026-07-29 20:30:38,CMP_103,B2B SaaS Trial,Display,impression,0.0059,0.0
EVT_733448,2026-07-29 02:24:30,CMP_103,B2B SaaS Trial,Display,q2_50,0.0,0.0
EVT_809124,2026-07-30 15:20:55,CMP_103,B2B SaaS Trial,Display,q1_25,0.0,0.0
EVT_607937,2026-07-29 03:01:21,CMP_103,B2B SaaS Trial,Display,q1_25,0.0,0.0
EVT_475658,2026-07-29 23:51:02,CMP_103,B2B SaaS Trial,Display,impression,0.0042,0.0
EVT_742085,2026-07-31 07:32:09,CMP_102,Tech Gadgets Launch,CTV,impression,0.0044,0.0
EVT_326936,2026-07-30 10:22:46,CMP_103,B2B SaaS Trial,Display,conversion,0.0,64.75
EVT_649703,2026-07-30 14:22:36,CMP_103,B2B SaaS Trial,Display,q1_25,0.0,0.0
EVT_683014,2026-07-29 20:30:27,CMP_101,Summer Apparel,OLV,impression,0.0114,0.0
EVT_751460,2026-07-30 15:56:24,CMP_102,Tech Gadgets Launch,CTV,impression,0.005,0.0
EVT_519745,2026-07-31 16:01:52,CMP_103,B2B SaaS Trial,Display,impression,0.0141,0.0
EVT_901282,2026-07-31 03:26:28,CMP_101,Summer Apparel,OLV,impression,0.0112,0.0
EVT_116413,2026-07-30 23:33:03,CMP_102,Tech Gadgets Launch,CTV,q3_75,0.0,0.0
EVT_192098,2026-07-30 05:46:05,CMP_102,Tech Gadgets Launch,CTV,impression,0.003,0.0
EVT_879162,2026-07-30 23:19:59,CMP_103,B2B SaaS Trial,Display,q1_25,0.0,0.0
EVT_339550,2026-07-30 06:01:40,CMP_101,Summer Apparel,OLV,q2_50,0.0,0.0
EVT_573282,2026-07-31 07:38:44,CMP_102,Tech Gadgets Launch,CTV,impression,0.0064,0.0
EVT_418150,2026-07-29 04:09:46,CMP_102,Tech Gadgets Launch,CTV,impression,0.0052,0.0
EVT_618297,2026-07-29 17:55:19,CMP_102,Tech Gadgets Launch,CTV,impression,0.0052,0.0
EVT_959745,2026-07-29 04:02:46,CMP_102,Tech Gadgets Launch,CTV,q1_25,0.0,0.0
EVT_490943,2026-07-31 03:29:29,CMP_103,B2B SaaS Trial,Display,impression,0.0119,0.0
EVT_664922,2026-07-31 11:30:44,CMP_102,Tech Gadgets Launch,CTV,impression,0.0129,0.0
EVT_551530,2026-07-30 00:28:46,CMP_103,B2B SaaS Trial,Display,impression,0.0137,0.0
EVT_979031,2026-07-30 08:38:49,CMP_101,Summer Apparel,OLV,impression,0.0097,0.0
EVT_446117,2026-07-30 15:10:46,CMP_101,Summer Apparel,OLV,impression,0.0059,0.0
EVT_766446,2026-07-30 17:24:08,CMP_103,B2B SaaS Trial,Display,q2_50,0.0,0.0
EVT_184626,2026-07-31 02:38:01,CMP_103,B2B SaaS Trial,Display,impression,0.0047,0.0
EVT_792529,2026-07-30 23:25:08,CMP_103,B2B SaaS Trial,Display,q2_50,0.0,0.0
EVT_258780,2026-07-31 07:22:56,CMP_103,B2B SaaS Trial,Display,impression,0.0042,0.0
EVT_624510,2026-07-29 02:18:12,CMP_103,B2B SaaS Trial,Display,q1_25,0.0,0.0
EVT_204537,2026-07-29 11:29:52,CMP_102,Tech Gadgets Launch,CTV,q1_25,0.0,0.0
EVT_641115,2026-07-31 09:00:09,CMP_103,B2B SaaS Trial,Display,q2_50,0.0,0.0
EVT_769875,2026-07-28 23:53:16,CMP_102,Tech Gadgets Launch,CTV,q2_50,0.0,0.0
EVT_484799,2026-07-30 18:33:57,CMP_101,Summer Apparel,OLV,q1_25,0.0,0.0
EVT_754924,2026-07-28 22:17:26,CMP_101,Summer Apparel,OLV,q4_100,0.0,0.0
EVT_676822,2026-07-31 07:22:27,CMP_103,B2B SaaS Trial,Display,q2_50,0.0,0.0
EVT_431777,2026-07-31 08:03:21,CMP_103,B2B SaaS Trial,Display,q1_25,0.0,0.0
EVT_179142,2026-07-29 19:24:43,CMP_102,Tech Gadgets Launch,CTV,impression,0.0043,0.0
EVT_183186,2026-07-30 08:45:25,CMP_101,Summer Apparel,OLV,q1_25,0.0,0.0
EVT_791284,2026-07-30 18:03:40,CMP_102,Tech Gadgets Launch,CTV,impression,0.005,0.0
EVT_680355,2026-07-31 04:56:01,CMP_101,Summer Apparel,OLV,q1_25,0.0,0.0
EVT_560336,2026-07-30 03:53:51,CMP_101,Summer Apparel,OLV,click,0.0,0.0
EVT_226936,2026-07-30 06:03:47,CMP_102,Tech Gadgets Launch,CTV,q1_25,0.0,0.0
EVT_642448,2026-07-29 03:19:24,CMP_101,Summer Apparel,OLV,q1_25,0.0,0.0
EVT_916286,2026-07-29 22:00:07,CMP_102,Tech Gadgets Launch,CTV,impression,0.0103,0.0
EVT_150833,2026-07-29 11:57:44,CMP_101,Summer Apparel,OLV,impression,0.0073,0.0
EVT_955440,2026-07-29 16:03:48,CMP_101,Summer Apparel,OLV,impression,0.0036,0.0
EVT_276207,2026-07-30 10:12:31,CMP_103,B2B SaaS Trial,Display,q2_50,0.0,0.0
EVT_146230,2026-07-29 19:43:49,CMP_101,Summer Apparel,OLV,impression,0.009,0.0
EVT_704744,2026-07-30 23:21:02,CMP_101,Summer Apparel,OLV,q1_25,0.0,0.0
EVT_491320,2026-07-30 08:40:48,CMP_103,B2B SaaS Trial,Display,impression,0.0112,0.0
EVT_682491,2026-07-30 11:02:58,CMP_101,Summer Apparel,OLV,q1_25,0.0,0.0
EVT_486668,2026-07-30 16:50:46,CMP_101,Summer Apparel,OLV,impression,0.0044,0.0
EVT_968915,2026-07-31 09:27:45,CMP_103,B2B SaaS Trial,Display,impression,0.0094,0.0
EVT_673286,2026-07-30 10:37:09,CMP_101,Summer Apparel,OLV,impression,0.0083,0.0
EVT_718114,2026-07-31 07:31:03,CMP_101,Summer Apparel,OLV,q3_75,0.0,0.0
EVT_273271,2026-07-31 07:57:02,CMP_102,Tech Gadgets Launch,CTV,q3_75,0.0,0.0
EVT_137261,2026-07-29 02:22:14,CMP_102,Tech Gadgets Launch,CTV,impression,0.0123,0.0
EVT_231613,2026-07-31 16:05:10,CMP_102,Tech Gadgets Launch,CTV,impression,0.0137,0.0
EVT_683637,2026-07-31 19:58:58,CMP_102,Tech Gadgets Launch,CTV,q1_25,0.0,0.0
EVT_507931,2026-07-31 00:00:16,CMP_102,Tech Gadgets Launch,CTV,impression,0.0086,0.0
EVT_489758,2026-07-29 12:28:08,CMP_102,Tech Gadgets Launch,CTV,impression,0.004,0.0
EVT_427959,2026-07-29 01:40:58,CMP_101,Summer Apparel,OLV,q3_75,0.0,0.0
EVT_415999,2026-07-31 16:31:55,CMP_102,Tech Gadgets Launch,CTV,impression,0.0104,0.0
EVT_459572,2026-07-30 12:58:43,CMP_101,Summer Apparel,OLV,q2_50,0.0,0.0
EVT_241726,2026-07-31 00:24:22,CMP_103,B2B SaaS Trial,Display,q2_50,0.0,0.0
EVT_659191,2026-07-29 15:43:02,CMP_102,Tech Gadgets Launch,CTV,impression,0.0053,0.0
EVT_181738,2026-07-31 14:06:24,CMP_103,B2B SaaS Trial,Display,impression,0.0125,0.0
EVT_327477,2026-07-31 10:36:33,CMP_103,B2B SaaS Trial,Display,q1_25,0.0,0.0
EVT_324760,2026-07-29 11:20:29,CMP_102,Tech Gadgets Launch,CTV,impression,0.0117,0.0
EVT_936149,2026-07-28 21:02:25,CMP_103,B2B SaaS Trial,Display,impression,0.003,0.0
EVT_463809,2026-07-30 18:25:39,CMP_103,B2B SaaS Trial,Display,q3_75,0.0,0.0
EVT_801258,2026-07-31 07:20:38,CMP_102,Tech Gadgets Launch,CTV,impression,0.004,0.0
EVT_414560,2026-07-30 02:09:39,CMP_103,B2B SaaS Trial,Display,q1_25,0.0,0.0
EVT_257935,2026-07-30 05:13:17,CMP_103,B2B SaaS Trial,Display,impression,0.0147,0.0
EVT_132365,2026-07-29 22:02:47,CMP_103,B2B SaaS Trial,Display,impression,0.0085,0.0
EVT_843154,2026-07-30 23:53:34,CMP_103,B2B SaaS Trial,Display,click,0.0,0.0
EVT_818713,2026-07-31 05:22:28,CMP_101,Summer Apparel,OLV,conversion,0.0,92.44
EVT_981773,2026-07-29 01:49:05,CMP_101,Summer Apparel,OLV,q2_50,0.0,0.0
EVT_769429,2026-07-31 01:17:00,CMP_101,Summer Apparel,OLV,impression,0.0102,0.0
EVT_233513,2026-07-30 11:17:15,CMP_102,Tech Gadgets Launch,CTV,q1_25,0.0,0.0
EVT_536756,2026-07-31 08:58:30,CMP_101,Summer Apparel,OLV,impression,0.0128,0.0
EVT_685993,2026-07-30 19:27:28,CMP_103,B2B SaaS Trial,Display,impression,0.0033,0.0
EVT_669082,2026-07-29 21:22:07,CMP_101,Summer Apparel,OLV,q2_50,0.0,0.0
EVT_390439,2026-07-30 07:22:50,CMP_103,B2B SaaS Trial,Display,impression,0.01,0.0
EVT_462258,2026-07-30 15:15:50,CMP_102,Tech Gadgets Launch,CTV,impression,0.0147,0.0
EVT_311137,2026-07-30 11:18:58,CMP_103,B2B SaaS Trial,Display,q1_25,0.0,0.0
EVT_334675,2026-07-31 06:34:07,CMP_101,Summer Apparel,OLV,q4_100,0.0,0.0
EVT_897973,2026-07-29 02:38:55,CMP_101,Summer Apparel,OLV,impression,0.0049,0.0
EVT_812801,2026-07-29 15:36:06,CMP_101,Summer Apparel,OLV,impression,0.0108,0.0
EVT_708272,2026-07-31 14:21:13,CMP_102,Tech Gadgets Launch,CTV,q1_25,0.0,0.0
EVT_567097,2026-07-29 08:20:18,CMP_101,Summer Apparel,OLV,impression,0.0065,0.0
EVT_203765,2026-07-30 09:23:17,CMP_103,B2B SaaS Trial,Display,impression,0.0051,0.0
EVT_949516,2026-07-29 15:46:25,CMP_103,B2B SaaS Trial,Display,impression,0.0114,0.0
EVT_302643,2026-07-31 11:59:36,CMP_102,Tech Gadgets Launch,CTV,q1_25,0.0,0.0
EVT_100152,2026-07-29 15:28:51,CMP_102,Tech Gadgets Launch,CTV,impression,0.0068,0.0
EVT_348711,2026-07-31 07:57:17,CMP_102,Tech Gadgets Launch,CTV,impression,0.0044,0.0
EVT_240966,2026-07-29 09:02:02,CMP_101,Summer Apparel,OLV,impression,0.0119,0.0
EVT_722972,2026-07-28 22:59:18,CMP_103,B2B SaaS Trial,Display,impression,0.0088,0.0
EVT_385300,2026-07-28 22:01:32,CMP_101,Summer Apparel,OLV,impression,0.013,0.0
EVT_458948,2026-07-31 04:23:37,CMP_101,Summer Apparel,OLV,q3_75,0.0,0.0
EVT_547455,2026-07-30 12:57:00,CMP_102,Tech Gadgets Launch,CTV,impression,0.012,0.0
EVT_969413,2026-07-28 20:49:41,CMP_102,Tech Gadgets Launch,CTV,q1_25,0.0,0.0
EVT_275675,2026-07-30 00:22:40,CMP_103,B2B SaaS Trial,Display,q2_50,0.0,0.0
EVT_127744,2026-07-29 07:12:46,CMP_103,B2B SaaS Trial,Display,q1_25,0.0,0.0
EVT_122625,2026-07-29 03:19:11,CMP_101,Summer Apparel,OLV,impression,0.0096,0.0
EVT_445169,2026-07-29 04:52:06,CMP_103,B2B SaaS Trial,Display,q3_75,0.0,0.0
EVT_417957,2026-07-29 05:49:20,CMP_103,B2B SaaS Trial,Display,q2_50,0.0,0.0
EVT_392125,2026-07-30 16:38:01,CMP_101,Summer Apparel,OLV,impression,0.0103,0.0
EVT_820495,2026-07-30 21:24:56,CMP_101,Summer Apparel,OLV,impression,0.009,0.0
EVT_988705,2026-07-30 16:44:54,CMP_103,B2B SaaS Trial,Display,q3_75,0.0,0.0
EVT_248571,2026-07-29 11:00:57,CMP_101,Summer Apparel,OLV,impression,0.008,0.0
EVT_984509,2026-07-30 23:38:44,CMP_103,B2B SaaS Trial,Display,impression,0.0093,0.0
EVT_679994,2026-07-31 20:17:51,CMP_102,Tech Gadgets Launch,CTV,impression,0.0127,0.0
EVT_847235,2026-07-31 14:05:12,CMP_101,Summer Apparel,OLV,q3_75,0.0,0.0
EVT_909582,2026-07-29 02:54:33,CMP_102,Tech Gadgets Launch,CTV,impression,0.0128,0.0
EVT_496343,2026-07-29 15:35:57,CMP_102,Tech Gadgets Launch,CTV,click,0.0,0.0
EVT_617927,2026-07-30 10:40:21,CMP_103,B2B SaaS Trial,Display,impression,0.0138,0.0
EVT_783080,2026-07-31 09:06:50,CMP_102,Tech Gadgets Launch,CTV,impression,0.0061,0.0
EVT_582253,2026-07-29 12:07:53,CMP_103,B2B SaaS Trial,Display,q2_50,0.0,0.0
EVT_432094,2026-07-30 07:07:46,CMP_103,B2B SaaS Trial,Display,impression,0.0103,0.0
EVT_331726,2026-07-29 18:31:09,CMP_102,Tech Gadgets Launch,CTV,q1_25,0.0,0.0
EVT_207542,2026-07-29 11:45:40,CMP_103,B2B SaaS Trial,Display,impression,0.004,0.0
EVT_316350,2026-07-28 20:39:10,CMP_102,Tech Gadgets Launch,CTV,q1_25,0.0,0.0
EVT_820134,2026-07-29 12:38:18,CMP_103,B2B SaaS Trial,Display,impression,0.0149,0.0
EVT_690181,2026-07-31 03:22:12,CMP_102,Tech Gadgets Launch,CTV,impression,0.0102,0.0
EVT_471831,2026-07-31 13:29:41,CMP_103,B2B SaaS Trial,Display,impression,0.0057,0.0
EVT_803517,2026-07-30 11:31:53,CMP_103,B2B SaaS Trial,Display,impression,0.0029,0.0
EVT_334410,2026-07-30 13:45:38,CMP_103,B2B SaaS Trial,Display,impression,0.0031,0.0
EVT_303722,2026-07-31 15:02:54,CMP_103,B2B SaaS Trial,Display,q2_50,0.0,0.0
EVT_235329,2026-07-29 16:33:52,CMP_103,B2B SaaS Trial,Display,impression,0.0032,0.0
EVT_782264,2026-07-31 16:45:40,CMP_103,B2B SaaS Trial,Display,impression,0.0043,0.0
EVT_774711,2026-07-31 12:07:34,CMP_101,Summer Apparel,OLV,impression,0.0114,0.0
EVT_785986,2026-07-31 08:16:07,CMP_102,Tech Gadgets Launch,CTV,q1_25,0.0,0.0
EVT_514626,2026-07-30 23:43:35,CMP_102,Tech Gadgets Launch,CTV,q2_50,0.0,0.0
EVT_280962,2026-07-28 21:39:33,CMP_102,Tech Gadgets Launch,CTV,q1_25,0.0,0.0
EVT_311193,2026-07-31 11:34:35,CMP_101,Summer Apparel,OLV,impression,0.0024,0.0
EVT_600769,2026-07-30 20:17:17,CMP_102,Tech Gadgets Launch,CTV,impression,0.009,0.0
EVT_948851,2026-07-29 11:07:51,CMP_102,Tech Gadgets Launch,CTV,impression,0.0033,0.0
EVT_435919,2026-07-30 22:20:52,CMP_103,B2B SaaS Trial,Display,q2_50,0.0,0.0
EVT_611290,2026-07-30 05:08:05,CMP_103,B2B SaaS Trial,Display,q2_50,0.0,0.0
EVT_508183,2026-07-29 07:40:29,CMP_102,Tech Gadgets Launch,CTV,q1_25,0.0,0.0
EVT_485644,2026-07-30 12:43:34,CMP_102,Tech Gadgets Launch,CTV,impression,0.0022,0.0
EVT_909846,2026-07-29 18:55:54,CMP_103,B2B SaaS Trial,Display,q1_25,0.0,0.0
EVT_337977,2026-07-30 16:04:24,CMP_102,Tech Gadgets Launch,CTV,impression,0.0091,0.0
EVT_939282,2026-07-29 09:37:06,CMP_102,Tech Gadgets Launch,CTV,impression,0.0096,0.0
EVT_351684,2026-07-29 09:56:42,CMP_101,Summer Apparel,OLV,impression,0.0095,0.0
EVT_273517,2026-07-30 07:48:25,CMP_102,Tech Gadgets Launch,CTV,q1_25,0.0,0.0
EVT_128712,2026-07-30 17:51:37,CMP_103,B2B SaaS Trial,Display,q1_25,0.0,0.0
EVT_684751,2026-07-29 05:22:49,CMP_103,B2B SaaS Trial,Display,impression,0.0122,0.0
EVT_583208,2026-07-31 11:26:20,CMP_103,B2B SaaS Trial,Display,q1_25,0.0,0.0
EVT_941359,2026-07-29 18:45:13,CMP_101,Summer Apparel,OLV,impression,0.0084,0.0
EVT_439756,2026-07-30 03:11:03,CMP_102,Tech Gadgets Launch,CTV,impression,0.0139,0.0
EVT_788126,2026-07-30 04:41:54,CMP_101,Summer Apparel,OLV,q1_25,0.0,0.0
EVT_873189,2026-07-30 02:03:48,CMP_102,Tech Gadgets Launch,CTV,impression,0.0032,0.0
EVT_724247,2026-07-30 20:08:34,CMP_101,Summer Apparel,OLV,q1_25,0.0,0.0
EVT_218773,2026-07-29 14:09:20,CMP_101,Summer Apparel,OLV,q3_75,0.0,0.0
EVT_913565,2026-07-31 04:53:01,CMP_101,Summer Apparel,OLV,impression,0.0144,0.0
EVT_865670,2026-07-29 01:20:51,CMP_102,Tech Gadgets Launch,CTV,q1_25,0.0,0.0
EVT_789825,2026-07-29 18:10:38,CMP_103,B2B SaaS Trial,Display,q1_25,0.0,0.0
EVT_907784,2026-07-31 05:38:56,CMP_103,B2B SaaS Trial,Display,q3_75,0.0,0.0
EVT_462283,2026-07-30 18:42:46,CMP_102,Tech Gadgets Launch,CTV,impression,0.0041,0.0
EVT_740446,2026-07-30 02:22:40,CMP_103,B2B SaaS Trial,Display,impression,0.0132,0.0
EVT_474726,2026-07-30 14:14:32,CMP_102,Tech Gadgets Launch,CTV,impression,0.008,0.0
EVT_970578,2026-07-29 20:58:20,CMP_101,Summer Apparel,OLV,q2_50,0.0,0.0
EVT_799196,2026-07-30 17:41:41,CMP_102,Tech Gadgets Launch,CTV,q1_25,0.0,0.0
EVT_224941,2026-07-28 21:20:46,CMP_103,B2B SaaS Trial,Display,impression,0.0117,0.0
EVT_467874,2026-07-29 06:55:30,CMP_103,B2B SaaS Trial,Display,q1_25,0.0,0.0
EVT_511085,2026-07-31 03:30:20,CMP_103,B2B SaaS Trial,Display,impression,0.0119,0.0
EVT_829359,2026-07-30 13:35:44,CMP_101,Summer Apparel,OLV,q2_50,0.0,0.0
EVT_857299,2026-07-30 12:07:46,CMP_101,Summer Apparel,OLV,q2_50,0.0,0.0
EVT_130334,2026-07-29 18:21:51,CMP_102,Tech Gadgets Launch,CTV,q4_100,0.0,0.0
EVT_112389,2026-07-30 07:09:39,CMP_102,Tech Gadgets Launch,CTV,q1_25,0.0,0.0
EVT_254991,2026-07-29 22:25:10,CMP_103,B2B SaaS Trial,Display,click,0.0,0.0
EVT_118032,2026-07-29 18:41:55,CMP_102,Tech Gadgets Launch,CTV,impression,0.0088,0.0
EVT_873953,2026-07-31 08:58:59,CMP_103,B2B SaaS Trial,Display,q2_50,0.0,0.0
EVT_856708,2026-07-29 22:05:49,CMP_101,Summer Apparel,OLV,impression,0.0054,0.0
EVT_795950,2026-07-29 19:51:35,CMP_103,B2B SaaS Trial,Display,impression,0.0098,0.0
EVT_137702,2026-07-29 02:35:17,CMP_102,Tech Gadgets Launch,CTV,impression,0.0053,0.0
EVT_191161,2026-07-30 14:44:42,CMP_102,Tech Gadgets Launch,CTV,impression,0.0102,0.0
EVT_709649,2026-07-30 14:53:55,CMP_102,Tech Gadgets Launch,CTV,q2_50,0.0,0.0
EVT_926285,2026-07-29 19:37:52,CMP_102,Tech Gadgets Launch,CTV,impression,0.0124,0.0
EVT_582087,2026-07-30 05:43:33,CMP_103,B2B SaaS Trial,Display,q2_50,0.0,0.0
EVT_840136,2026-07-28 23:12:56,CMP_103,B2B SaaS Trial,Display,q1_25,0.0,0.0
EVT_644387,2026-07-31 08:53:36,CMP_101,Summer Apparel,OLV,impression,0.0032,0.0
EVT_149290,2026-07-30 05:32:44,CMP_102,Tech Gadgets Launch,CTV,q1_25,0.0,0.0
EVT_482544,2026-07-31 03:25:56,CMP_102,Tech Gadgets Launch,CTV,impression,0.0024,0.0
EVT_585610,2026-07-31 01:24:34,CMP_102,Tech Gadgets Launch,CTV,q1_25,0.0,0.0
EVT_453072,2026-07-30 12:26:43,CMP_101,Summer Apparel,OLV,q1_25,0.0,0.0
EVT_169307,2026-07-31 07:41:43,CMP_101,Summer Apparel,OLV,q1_25,0.0,0.0
EVT_119262,2026-07-29 11:38:32,CMP_102,Tech Gadgets Launch,CTV,impression,0.0088,0.0
EVT_137352,2026-07-30 06:11:52,CMP_103,B2B SaaS Trial,Display,click,0.0,0.0
EVT_250757,2026-07-29 01:29:16,CMP_101,Summer Apparel,OLV,q2_50,0.0,0.0
EVT_151640,2026-07-30 15:24:33,CMP_102,Tech Gadgets Launch,CTV,impression,0.0112,0.0
EVT_259252,2026-07-30 02:16:55,CMP_103,B2B SaaS Trial,Display,click,0.0,0.0
EVT_456143,2026-07-29 16:29:28,CMP_102,Tech Gadgets Launch,CTV,impression,0.0029,0.0
EVT_402295,2026-07-31 02:38:55,CMP_103,B2B SaaS Trial,Display,q1_25,0.0,0.0
EVT_457426,2026-07-30 17:48:18,CMP_102,Tech Gadgets Launch,CTV,impression,0.0134,0.0
EVT_765205,2026-07-30 04:49:54,CMP_101,Summer Apparel,OLV,q1_25,0.0,0.0
EVT_609081,2026-07-31 02:38:03,CMP_103,B2B SaaS Trial,Display,impression,0.0026,0.0
EVT_182583,2026-07-30 20:35:02,CMP_102,Tech Gadgets Launch,CTV,q1_25,0.0,0.0
EVT_568573,2026-07-31 12:20:06,CMP_101,Summer Apparel,OLV,q2_50,0.0,0.0
EVT_995636,2026-07-30 04:50:01,CMP_102,Tech Gadgets Launch,CTV,q2_50,0.0,0.0
EVT_718171,2026-07-29 19:48:10,CMP_102,Tech Gadgets Launch,CTV,q1_25,0.0,0.0
EVT_596844,2026-07-31 01:08:53,CMP_103,B2B SaaS Trial,Display,impression,0.0028,0.0
EVT_379671,2026-07-29 10:49:48,CMP_102,Tech Gadgets Launch,CTV,q1_25,0.0,0.0
EVT_181565,2026-07-30 06:17:21,CMP_103,B2B SaaS Trial,Display,impression,0.0093,0.0
EVT_713678,2026-07-31 17:23:20,CMP_101,Summer Apparel,OLV,q4_100,0.0,0.0
EVT_360481,2026-07-31 16:37:20,CMP_103,B2B SaaS Trial,Display,q2_50,0.0,0.0
EVT_838804,2026-07-29 00:40:41,CMP_102,Tech Gadgets Launch,CTV,q3_75,0.0,0.0
EVT_281612,2026-07-30 05:19:48,CMP_103,B2B SaaS Trial,Display,q3_75,0.0,0.0
EVT_707993,2026-07-30 09:58:33,CMP_103,B2B SaaS Trial,Display,impression,0.0038,0.0
EVT_913341,2026-07-31 15:20:48,CMP_101,Summer Apparel,OLV,impression,0.005,0.0
EVT_493771,2026-07-30 20:14:01,CMP_102,Tech Gadgets Launch,CTV,impression,0.0095,0.0
EVT_426449,2026-07-30 15:34:26,CMP_103,B2B SaaS Trial,Display,impression,0.014,0.0
EVT_971981,2026-07-29 11:59:28,CMP_103,B2B SaaS Trial,Display,q1_25,0.0,0.0
EVT_314320,2026-07-29 05:12:11,CMP_101,Summer Apparel,OLV,impression,0.0102,0.0
EVT_681381,2026-07-31 13:13:34,CMP_101,Summer Apparel,OLV,q2_50,0.0,0.0
EVT_408545,2026-07-30 01:39:58,CMP_101,Summer Apparel,OLV,impression,0.0149,0.0
EVT_722135,2026-07-30 17:27:51,CMP_103,B2B SaaS Trial,Display,impression,0.0044,0.0
EVT_673663,2026-07-29 21:39:23,CMP_102,Tech Gadgets Launch,CTV,impression,0.0079,0.0
EVT_969903,2026-07-29 12:15:13,CMP_103,B2B SaaS Trial,Display,impression,0.0035,0.0
EVT_517402,2026-07-31 12:20:21,CMP_103,B2B SaaS Trial,Display,q1_25,0.0,0.0
EVT_393654,2026-07-29 14:00:27,CMP_101,Summer Apparel,OLV,q1_25,0.0,0.0
EVT_831432,2026-07-28 23:40:27,CMP_103,B2B SaaS Trial,Display,impression,0.0051,0.0
EVT_567788,2026-07-31 17:33:57,CMP_103,B2B SaaS Trial,Display,q1_25,0.0,0.0
EVT_273753,2026-07-30 08:06:55,CMP_101,Summer Apparel,OLV,impression,0.0109,0.0
EVT_877113,2026-07-31 17:19:52,CMP_101,Summer Apparel,OLV,impression,0.0093,0.0
EVT_121157,2026-07-31 20:30:47,CMP_103,B2B SaaS Trial,Display,q3_75,0.0,0.0
EVT_779631,2026-07-31 02:24:10,CMP_102,Tech Gadgets Launch,CTV,impression,0.0044,0.0
EVT_852267,2026-07-29 04:28:21,CMP_103,B2B SaaS Trial,Display,impression,0.0139,0.0
EVT_497291,2026-07-31 03:05:27,CMP_101,Summer Apparel,OLV,impression,0.0061,0.0
EVT_538029,2026-07-29 06:13:22,CMP_102,Tech Gadgets Launch,CTV,q4_100,0.0,0.0
EVT_734534,2026-07-29 20:16:49,CMP_101,Summer Apparel,OLV,click,0.0,0.0
EVT_469740,2026-07-30 08:35:43,CMP_102,Tech Gadgets Launch,CTV,q1_25,0.0,0.0
EVT_748759,2026-07-31 03:45:58,CMP_102,Tech Gadgets Launch,CTV,q1_25,0.0,0.0
EVT_244671,2026-07-30 07:01:02,CMP_103,B2B SaaS Trial,Display,q2_50,0.0,0.0
EVT_969800,2026-07-29 08:10:56,CMP_103,B2B SaaS Trial,Display,q1_25,0.0,0.0
EVT_520089,2026-07-30 02:46:44,CMP_102,Tech Gadgets Launch,CTV,impression,0.0136,0.0
EVT_650148,2026-07-29 18:38:37,CMP_102,Tech Gadgets Launch,CTV,impression,0.0127,0.0
EVT_329312,2026-07-30 10:28:03,CMP_102,Tech Gadgets Launch,CTV,q1_25,0.0,0.0
EVT_650684,2026-07-30 07:44:42,CMP_103,B2B SaaS Trial,Display,impression,0.0037,0.0
EVT_703736,2026-07-30 09:28:00,CMP_101,Summer Apparel,OLV,impression,0.0109,0.0
EVT_254886,2026-07-30 11:07:41,CMP_101,Summer Apparel,OLV,impression,0.0086,0.0
EVT_764890,2026-07-28 21:34:02,CMP_101,Summer Apparel,OLV,impression,0.0084,0.0
EVT_582577,2026-07-31 17:03:31,CMP_101,Summer Apparel,OLV,impression,0.0067,0.0
EVT_413206,2026-07-29 16:58:09,CMP_103,B2B SaaS Trial,Display,impression,0.0036,0.0
EVT_258724,2026-07-31 12:04:09,CMP_103,B2B SaaS Trial,Display,q1_25,0.0,0.0
EVT_553597,2026-07-30 01:36:27,CMP_101,Summer Apparel,OLV,impression,0.0032,0.0
EVT_470508,2026-07-31 12:52:36,CMP_101,Summer Apparel,OLV,impression,0.0038,0.0
EVT_994426,2026-07-30 12:30:23,CMP_101,Summer Apparel,OLV,impression,0.0095,0.0
EVT_507617,2026-07-31 08:04:27,CMP_103,B2B SaaS Trial,Display,impression,0.0039,0.0
EVT_131123,2026-07-31 15:23:30,CMP_103,B2B SaaS Trial,Display,impression,0.0115,0.0
EVT_560674,2026-07-31 02:41:19,CMP_103,B2B SaaS Trial,Display,q3_75,0.0,0.0
EVT_214535,2026-07-31 06:17:06,CMP_101,Summer Apparel,OLV,q1_25,0.0,0.0
EVT_377405,2026-07-31 00:29:10,CMP_101,Summer Apparel,OLV,q1_25,0.0,0.0
EVT_310781,2026-07-29 22:02:32,CMP_103,B2B SaaS Trial,Display,q2_50,0.0,0.0
EVT_151993,2026-07-31 00:14:32,CMP_103,B2B SaaS Trial,Display,impression,0.0021,0.0
EVT_403797,2026-07-31 12:18:08,CMP_102,Tech Gadgets Launch,CTV,impression,0.0084,0.0
EVT_537731,2026-07-30 17:25:11,CMP_101,Summer Apparel,OLV,q1_25,0.0,0.0
EVT_143353,2026-07-31 08:46:20,CMP_101,Summer Apparel,OLV,impression,0.0094,0.0
EVT_437894,2026-07-31 11:00:36,CMP_103,B2B SaaS Trial,Display,impression,0.0081,0.0
EVT_228917,2026-07-30 06:14:19,CMP_102,Tech Gadgets Launch,CTV,q1_25,0.0,0.0
EVT_696413,2026-07-30 08:47:20,CMP_102,Tech Gadgets Launch,CTV,impression,0.0111,0.0
EVT_367557,2026-07-31 00:45:38,CMP_103,B2B SaaS Trial,Display,impression,0.0137,0.0
EVT_715358,2026-07-29 22:03:05,CMP_102,Tech Gadgets Launch,CTV,impression,0.0052,0.0
EVT_445006,2026-07-30 12:15:01,CMP_101,Summer Apparel,OLV,q1_25,0.0,0.0
EVT_737419,2026-07-30 07:31:48,CMP_101,Summer Apparel,OLV,q1_25,0.0,0.0
EVT_184981,2026-07-30 01:11:02,CMP_101,Summer Apparel,OLV,q2_50,0.0,0.0
EVT_266144,2026-07-30 11:20:17,CMP_102,Tech Gadgets Launch,CTV,q1_25,0.0,0.0
EVT_381224,2026-07-30 18:37:46,CMP_103,B2B SaaS Trial,Display,q2_50,0.0,0.0
EVT_770210,2026-07-30 03:03:06,CMP_103,B2B SaaS Trial,Display,q3_75,0.0,0.0
EVT_124491,2026-07-31 01:22:20,CMP_103,B2B SaaS Trial,Display,impression,0.0115,0.0
EVT_687993,2026-07-31 10:02:29,CMP_101,Summer Apparel,OLV,impression,0.0071,0.0
EVT_290802,2026-07-30 10:33:09,CMP_101,Summer Apparel,OLV,q1_25,0.0,0.0
EVT_300637,2026-07-31 11:55:25,CMP_101,Summer Apparel,OLV,impression,0.0125,0.0
EVT_145909,2026-07-29 02:46:03,CMP_103,B2B SaaS Trial,Display,click,0.0,0.0
EVT_335727,2026-07-29 08:43:08,CMP_103,B2B SaaS Trial,Display,impression,0.0048,0.0
EVT_107696,2026-07-31 12:47:42,CMP_101,Summer Apparel,OLV,impression,0.0102,0.0
EVT_831880,2026-07-30 02:49:28,CMP_101,Summer Apparel,OLV,impression,0.0143,0.0
EVT_633922,2026-07-31 20:29:10,CMP_101,Summer Apparel,OLV,impression,0.0065,0.0
EVT_971651,2026-07-30 01:37:47,CMP_103,B2B SaaS Trial,Display,q3_75,0.0,0.0
EVT_777050,2026-07-29 18:09:33,CMP_103,B2B SaaS Trial,Display,q1_25,0.0,0.0
EVT_591710,2026-07-31 10:57:17,CMP_101,Summer Apparel,OLV,q4_100,0.0,0.0
EVT_202826,2026-07-30 11:30:55,CMP_102,Tech Gadgets Launch,CTV,impression,0.0067,0.0
EVT_125363,2026-07-31 04:33:37,CMP_101,Summer Apparel,OLV,impression,0.0036,0.0
EVT_292962,2026-07-29 08:11:48,CMP_102,Tech Gadgets Launch,CTV,impression,0.012,0.0
EVT_797272,2026-07-29 11:13:11,CMP_102,Tech Gadgets Launch,CTV,impression,0.0138,0.0
EVT_596767,2026-07-30 12:31:33,CMP_101,Summer Apparel,OLV,impression,0.0021,0.0
EVT_493158,2026-07-29 08:05:15,CMP_101,Summer Apparel,OLV,impression,0.008,0.0
EVT_437454,2026-07-31 17:06:46,CMP_102,Tech Gadgets Launch,CTV,impression,0.0032,0.0
EVT_858338,2026-07-31 16:37:57,CMP_102,Tech Gadgets Launch,CTV,q2_50,0.0,0.0
EVT_722728,2026-07-31 15:47:46,CMP_102,Tech Gadgets Launch,CTV,impression,0.0058,0.0
EVT_977683,2026-07-29 22:36:59,CMP_101,Summer Apparel,OLV,q1_25,0.0,0.0
EVT_891103,2026-07-31 02:05:28,CMP_103,B2B SaaS Trial,Display,impression,0.0119,0.0
EVT_768320,2026-07-29 03:15:59,CMP_103,B2B SaaS Trial,Display,q2_50,0.0,0.0
EVT_940993,2026-07-31 07:52:44,CMP_102,Tech Gadgets Launch,CTV,impression,0.0147,0.0
EVT_408035,2026-07-31 17:16:45,CMP_101,Summer Apparel,OLV,q2_50,0.0,0.0
EVT_191118,2026-07-30 06:16:34,CMP_101,Summer Apparel,OLV,impression,0.0118,0.0
EVT_271167,2026-07-31 07:15:06,CMP_101,Summer Apparel,OLV,q3_75,0.0,0.0
EVT_217459,2026-07-30 15:43:25,CMP_101,Summer Apparel,OLV,q1_25,0.0,0.0
EVT_665586,2026-07-30 12:53:07,CMP_101,Summer Apparel,OLV,impression,0.0114,0.0
EVT_827804,2026-07-29 23:51:06,CMP_102,Tech Gadgets Launch,CTV,impression,0.0137,0.0
EVT_136877,2026-07-29 03:42:14,CMP_103,B2B SaaS Trial,Display,q1_25,0.0,0.0
EVT_629225,2026-07-30 15:51:45,CMP_102,Tech Gadgets Launch,CTV,q1_25,0.0,0.0
EVT_771089,2026-07-29 06:38:10,CMP_102,Tech Gadgets Launch,CTV,q2_50,0.0,0.0
EVT_440631,2026-07-31 17:45:11,CMP_103,B2B SaaS Trial,Display,q1_25,0.0,0.0
EVT_575435,2026-07-30 19:09:27,CMP_102,Tech Gadgets Launch,CTV,impression,0.0102,0.0
EVT_215616,2026-07-31 05:09:13,CMP_101,Summer Apparel,OLV,q4_100,0.0,0.0
EVT_158587,2026-07-29 17:49:44,CMP_103,B2B SaaS Trial,Display,q1_25,0.0,0.0
EVT_375771,2026-07-30 05:06:31,CMP_103,B2B SaaS Trial,Display,impression,0.0041,0.0
EVT_260991,2026-07-29 12:54:48,CMP_101,Summer Apparel,OLV,impression,0.0147,0.0
EVT_321872,2026-07-29 03:21:43,CMP_101,Summer Apparel,OLV,impression,0.0084,0.0
EVT_189300,2026-07-29 03:00:15,CMP_102,Tech Gadgets Launch,CTV,q3_75,0.0,0.0
EVT_446062,2026-07-29 01:07:42,CMP_103,B2B SaaS Trial,Display,q4_100,0.0,0.0
EVT_138717,2026-07-29 14:12:49,CMP_101,Summer Apparel,OLV,impression,0.0071,0.0
EVT_570200,2026-07-30 14:41:40,CMP_101,Summer Apparel,OLV,q1_25,0.0,0.0
EVT_525183,2026-07-30 02:43:44,CMP_101,Summer Apparel,OLV,q2_50,0.0,0.0
EVT_227859,2026-07-29 20:40:06,CMP_103,B2B SaaS Trial,Display,q1_25,0.0,0.0
EVT_268200,2026-07-29 04:58:13,CMP_102,Tech Gadgets Launch,CTV,q2_50,0.0,0.0
EVT_515613,2026-07-31 04:28:10,CMP_103,B2B SaaS Trial,Display,q1_25,0.0,0.0
EVT_806999,2026-07-29 18:13:25,CMP_103,B2B SaaS Trial,Display,impression,0.0105,0.0
EVT_750772,2026-07-31 02:04:55,CMP_103,B2B SaaS Trial,Display,impression,0.0115,0.0
EVT_304656,2026-07-29 17:42:36,CMP_103,B2B SaaS Trial,Display,impression,0.0029,0.0
EVT_825654,2026-07-30 22:57:31,CMP_101,Summer Apparel,OLV,impression,0.0084,0.0
EVT_570257,2026-07-30 22:17:24,CMP_101,Summer Apparel,OLV,impression,0.0031,0.0
EVT_694558,2026-07-31 00:02:27,CMP_103,B2B SaaS Trial,Display,impression,0.0073,0.0
EVT_433955,2026-07-29 18:35:03,CMP_102,Tech Gadgets Launch,CTV,impression,0.0029,0.0
EVT_851698,2026-07-31 11:16:13,CMP_102,Tech Gadgets Launch,CTV,impression,0.0046,0.0
EVT_559479,2026-07-31 11:29:11,CMP_101,Summer Apparel,OLV,q2_50,0.0,0.0
EVT_442745,2026-07-29 15:06:29,CMP_102,Tech Gadgets Launch,CTV,q1_25,0.0,0.0
EVT_503902,2026-07-31 05:16:19,CMP_102,Tech Gadgets Launch,CTV,q2_50,0.0,0.0
EVT_948436,2026-07-30 07:22:38,CMP_101,Summer Apparel,OLV,impression,0.0044,0.0
EVT_674885,2026-07-30 23:30:23,CMP_103,B2B SaaS Trial,Display,impression,0.0091,0.0
EVT_255883,2026-07-30 21:29:05,CMP_103,B2B SaaS Trial,Display,impression,0.0031,0.0
EVT_767370,2026-07-31 14:46:31,CMP_103,B2B SaaS Trial,Display,impression,0.0042,0.0
EVT_128695,2026-07-29 10:08:34,CMP_101,Summer Apparel,OLV,q1_25,0.0,0.0
EVT_887023,2026-07-30 07:20:15,CMP_103,B2B SaaS Trial,Display,impression,0.0129,0.0
EVT_659154,2026-07-31 01:35:55,CMP_103,B2B SaaS Trial,Display,q1_25,0.0,0.0
EVT_834521,2026-07-31 10:34:04,CMP_103,B2B SaaS Trial,Display,impression,0.003,0.0
EVT_977166,2026-07-29 19:01:50,CMP_102,Tech Gadgets Launch,CTV,impression,0.0142,0.0
EVT_254223,2026-07-29 21:54:46,CMP_101,Summer Apparel,OLV,impression,0.0036,0.0
EVT_245794,2026-07-30 01:47:31,CMP_103,B2B SaaS Trial,Display,impression,0.0101,0.0
EVT_102624,2026-07-30 19:05:47,CMP_101,Summer Apparel,OLV,impression,0.0052,0.0
EVT_720306,2026-07-30 23:41:34,CMP_102,Tech Gadgets Launch,CTV,q1_25,0.0,0.0
EVT_780615,2026-07-30 13:01:20,CMP_103,B2B SaaS Trial,Display,impression,0.0094,0.0
EVT_840997,2026-07-31 12:18:21,CMP_102,Tech Gadgets Launch,CTV,q1_25,0.0,0.0
EVT_892021,2026-07-29 00:00:53,CMP_102,Tech Gadgets Launch,CTV,impression,0.0136,0.0
EVT_304159,2026-07-29 22:22:08,CMP_103,B2B SaaS Trial,Display,impression,0.0085,0.0
EVT_179228,2026-07-29 15:21:43,CMP_101,Summer Apparel,OLV,impression,0.0069,0.0
EVT_317480,2026-07-30 20:04:54,CMP_103,B2B SaaS Trial,Display,impression,0.0104,0.0
EVT_710723,2026-07-28 22:10:45,CMP_103,B2B SaaS Trial,Display,impression,0.0141,0.0
EVT_767057,2026-07-31 09:03:34,CMP_103,B2B SaaS Trial,Display,q1_25,0.0,0.0
EVT_963282,2026-07-29 12:45:42,CMP_101,Summer Apparel,OLV,q2_50,0.0,0.0
EVT_814504,2026-07-30 18:19:22,CMP_102,Tech Gadgets Launch,CTV,impression,0.0037,0.0
EVT_150785,2026-07-30 01:47:27,CMP_103,B2B SaaS Trial,Display,impression,0.0094,0.0
EVT_944873,2026-07-29 07:47:08,CMP_102,Tech Gadgets Launch,CTV,click,0.0,0.0
EVT_909682,2026-07-29 22:45:46,CMP_101,Summer Apparel,OLV,q2_50,0.0,0.0
EVT_245158,2026-07-31 10:16:56,CMP_101,Summer Apparel,OLV,impression,0.0133,0.0
EVT_865410,2026-07-31 14:59:42,CMP_103,B2B SaaS Trial,Display,impression,0.0057,0.0
EVT_410128,2026-07-29 14:27:14,CMP_103,B2B SaaS Trial,Display,q2_50,0.0,0.0
EVT_932620,2026-07-30 23:59:29,CMP_101,Summer Apparel,OLV,q4_100,0.0,0.0
EVT_141167,2026-07-29 06:01:35,CMP_102,Tech Gadgets Launch,CTV,impression,0.0123,0.0
EVT_789809,2026-07-30 20:01:01,CMP_101,Summer Apparel,OLV,q3_75,0.0,0.0
EVT_862682,2026-07-30 14:15:44,CMP_101,Summer Apparel,OLV,q1_25,0.0,0.0
EVT_554582,2026-07-30 07:21:51,CMP_101,Summer Apparel,OLV,conversion,0.0,52.03
EVT_575264,2026-07-31 06:25:25,CMP_102,Tech Gadgets Launch,CTV,q1_25,0.0,0.0
EVT_739160,2026-07-28 22:32:48,CMP_101,Summer Apparel,OLV,impression,0.0141,0.0
EVT_166576,2026-07-31 15:00:25,CMP_102,Tech Gadgets Launch,CTV,q2_50,0.0,0.0
EVT_402846,2026-07-30 21:04:27,CMP_101,Summer Apparel,OLV,q1_25,0.0,0.0
EVT_826398,2026-07-29 14:11:11,CMP_103,B2B SaaS Trial,Display,q1_25,0.0,0.0
EVT_801507,2026-07-29 04:35:37,CMP_103,B2B SaaS Trial,Display,impression,0.0093,0.0
EVT_857628,2026-07-29 15:02:29,CMP_103,B2B SaaS Trial,Display,q3_75,0.0,0.0
EVT_705979,2026-07-31 05:41:41,CMP_101,Summer Apparel,OLV,impression,0.0023,0.0
EVT_611808,2026-07-31 16:29:35,CMP_102,Tech Gadgets Launch,CTV,impression,0.0105,0.0
EVT_414550,2026-07-29 18:26:12,CMP_101,Summer Apparel,OLV,q2_50,0.0,0.0
EVT_267988,2026-07-31 15:45:58,CMP_102,Tech Gadgets Launch,CTV,q2_50,0.0,0.0
EVT_309759,2026-07-29 07:50:48,CMP_101,Summer Apparel,OLV,q3_75,0.0,0.0
EVT_851629,2026-07-31 05:18:48,CMP_101,Summer Apparel,OLV,q3_75,0.0,0.0
EVT_355231,2026-07-29 23:14:37,CMP_101,Summer Apparel,OLV,q2_50,0.0,0.0
EVT_386236,2026-07-29 22:05:06,CMP_101,Summer Apparel,OLV,impression,0.0077,0.0
EVT_631785,2026-07-30 06:35:03,CMP_101,Summer Apparel,OLV,impression,0.0037,0.0
EVT_920936,2026-07-31 13:25:20,CMP_103,B2B SaaS Trial,Display,q1_25,0.0,0.0
EVT_489119,2026-07-30 07:00:10,CMP_101,Summer Apparel,OLV,impression,0.0023,0.0
EVT_928040,2026-07-29 02:01:03,CMP_103,B2B SaaS Trial,Display,impression,0.0049,0.0
EVT_925850,2026-07-29 16:40:47,CMP_102,Tech Gadgets Launch,CTV,q1_25,0.0,0.0
EVT_742042,2026-07-28 22:30:31,CMP_103,B2B SaaS Trial,Display,q3_75,0.0,0.0
EVT_505668,2026-07-30 01:46:39,CMP_103,B2B SaaS Trial,Display,q2_50,0.0,0.0
EVT_795870,2026-07-30 18:25:14,CMP_101,Summer Apparel,OLV,impression,0.0058,0.0
EVT_882006,2026-07-31 09:45:58,CMP_102,Tech Gadgets Launch,CTV,impression,0.01,0.0
EVT_985846,2026-07-30 02:15:09,CMP_103,B2B SaaS Trial,Display,q1_25,0.0,0.0
EVT_794583,2026-07-30 09:54:51,CMP_103,B2B SaaS Trial,Display,impression,0.0059,0.0
EVT_548450,2026-07-30 15:43:45,CMP_102,Tech Gadgets Launch,CTV,q4_100,0.0,0.0
EVT_806542,2026-07-30 21:08:26,CMP_102,Tech Gadgets Launch,CTV,impression,0.0024,0.0
EVT_982859,2026-07-29 22:10:32,CMP_101,Summer Apparel,OLV,click,0.0,0.0
EVT_847132,2026-07-31 08:55:43,CMP_103,B2B SaaS Trial,Display,impression,0.011,0.0
EVT_663917,2026-07-31 08:50:53,CMP_102,Tech Gadgets Launch,CTV,impression,0.0102,0.0
EVT_915270,2026-07-31 06:05:48,CMP_103,B2B SaaS Trial,Display,q3_75,0.0,0.0
EVT_809985,2026-07-30 20:13:44,CMP_103,B2B SaaS Trial,Display,impression,0.0022,0.0
EVT_913466,2026-07-30 01:37:18,CMP_103,B2B SaaS Trial,Display,impression,0.0069,0.0
EVT_136396,2026-07-31 12:49:03,CMP_103,B2B SaaS Trial,Display,q2_50,0.0,0.0
EVT_630724,2026-07-29 09:09:41,CMP_103,B2B SaaS Trial,Display,q1_25,0.0,0.0
EVT_345139,2026-07-29 05:11:31,CMP_101,Summer Apparel,OLV,q3_75,0.0,0.0
EVT_475616,2026-07-29 08:04:35,CMP_101,Summer Apparel,OLV,impression,0.0044,0.0
EVT_556981,2026-07-29 08:39:43,CMP_102,Tech Gadgets Launch,CTV,impression,0.0049,0.0
EVT_838739,2026-07-30 20:29:45,CMP_102,Tech Gadgets Launch,CTV,impression,0.0032,0.0
EVT_519049,2026-07-31 02:05:08,CMP_101,Summer Apparel,OLV,impression,0.0148,0.0
EVT_317155,2026-07-29 10:15:48,CMP_102,Tech Gadgets Launch,CTV,impression,0.0137,0.0
EVT_324599,2026-07-29 00:50:34,CMP_103,B2B SaaS Trial,Display,q1_25,0.0,0.0
EVT_337990,2026-07-30 13:21:51,CMP_102,Tech Gadgets Launch,CTV,q2_50,0.0,0.0
EVT_339841,2026-07-30 11:24:28,CMP_103,B2B SaaS Trial,Display,q1_25,0.0,0.0
EVT_769837,2026-07-31 01:14:55,CMP_101,Summer Apparel,OLV,impression,0.0031,0.0
EVT_237809,2026-07-30 06:54:56,CMP_103,B2B SaaS Trial,Display,impression,0.0062,0.0
EVT_199395,2026-07-29 15:49:32,CMP_101,Summer Apparel,OLV,q1_25,0.0,0.0
EVT_557706,2026-07-30 10:51:43,CMP_103,B2B SaaS Trial,Display,q2_50,0.0,0.0
EVT_712940,2026-07-29 08:18:35,CMP_102,Tech Gadgets Launch,CTV,q1_25,0.0,0.0
EVT_862613,2026-07-30 22:09:44,CMP_102,Tech Gadgets Launch,CTV,q3_75,0.0,0.0
EVT_275332,2026-07-29 20:05:32,CMP_101,Summer Apparel,OLV,q1_25,0.0,0.0
EVT_200510,2026-07-31 10:10:01,CMP_103,B2B SaaS Trial,Display,q2_50,0.0,0.0
EVT_165033,2026-07-31 12:26:27,CMP_103,B2B SaaS Trial,Display,impression,0.0022,0.0
EVT_961162,2026-07-30 00:42:57,CMP_101,Summer Apparel,OLV,impression,0.0125,0.0
EVT_363578,2026-07-29 21:37:30,CMP_103,B2B SaaS Trial,Display,impression,0.0032,0.0
EVT_683623,2026-07-31 16:26:15,CMP_101,Summer Apparel,OLV,q3_75,0.0,0.0
EVT_669513,2026-07-29 23:18:56,CMP_101,Summer Apparel,OLV,impression,0.0099,0.0
EVT_148738,2026-07-30 15:48:31,CMP_102,Tech Gadgets Launch,CTV,impression,0.0127,0.0
EVT_582269,2026-07-29 21:35:37,CMP_102,Tech Gadgets Launch,CTV,q1_25,0.0,0.0
EVT_342090,2026-07-29 10:41:42,CMP_103,B2B SaaS Trial,Display,impression,0.0022,0.0
EVT_453376,2026-07-29 19:42:30,CMP_101,Summer Apparel,OLV,q1_25,0.0,0.0
EVT_655744,2026-07-29 21:18:42,CMP_101,Summer Apparel,OLV,q2_50,0.0,0.0
EVT_463883,2026-07-30 02:42:11,CMP_103,B2B SaaS Trial,Display,q1_25,0.0,0.0
EVT_792670,2026-07-29 18:29:40,CMP_103,B2B SaaS Trial,Display,impression,0.0123,0.0
EVT_451800,2026-07-29 14:37:32,CMP_101,Summer Apparel,OLV,q2_50,0.0,0.0
EVT_570977,2026-07-31 13:17:05,CMP_101,Summer Apparel,OLV,q1_25,0.0,0.0
EVT_636498,2026-07-30 04:14:30,CMP_101,Summer Apparel,OLV,q1_25,0.0,0.0
EVT_774597,2026-07-30 06:06:10,CMP_101,Summer Apparel,OLV,impression,0.0094,0.0
EVT_162242,2026-07-30 13:59:39,CMP_102,Tech Gadgets Launch,CTV,q2_50,0.0,0.0
EVT_433377,2026-07-30 00:07:31,CMP_102,Tech Gadgets Launch,CTV,impression,0.0105,0.0
EVT_949232,2026-07-29 04:16:06,CMP_101,Summer Apparel,OLV,q1_25,0.0,0.0
EVT_265920,2026-07-31 08:38:00,CMP_102,Tech Gadgets Launch,CTV,impression,0.014,0.0
EVT_531435,2026-07-31 04:04:01,CMP_103,B2B SaaS Trial,Display,q2_50,0.0,0.0
EVT_558514,2026-07-29 01:48:10,CMP_101,Summer Apparel,OLV,impression,0.0069,0.0
EVT_855050,2026-07-30 04:02:42,CMP_102,Tech Gadgets Launch,CTV,impression,0.0137,0.0
EVT_566277,2026-07-31 09:17:04,CMP_102,Tech Gadgets Launch,CTV,impression,0.0091,0.0
EVT_448655,2026-07-30 10:05:58,CMP_103,B2B SaaS Trial,Display,impression,0.0037,0.0
EVT_532819,2026-07-30 09:36:55,CMP_103,B2B SaaS Trial,Display,q2_50,0.0,0.0
EVT_860778,2026-07-31 04:11:49,CMP_101,Summer Apparel,OLV,impression,0.0122,0.0
EVT_817399,2026-07-30 19:30:06,CMP_101,Summer Apparel,OLV,impression,0.0135,0.0
EVT_451714,2026-07-30 01:13:52,CMP_101,Summer Apparel,OLV,q4_100,0.0,0.0
EVT_300558,2026-07-29 22:34:30,CMP_103,B2B SaaS Trial,Display,impression,0.0034,0.0
EVT_934208,2026-07-30 17:00:18,CMP_101,Summer Apparel,OLV,q4_100,0.0,0.0
EVT_263282,2026-07-30 22:02:11,CMP_101,Summer Apparel,OLV,q1_25,0.0,0.0
EVT_622359,2026-07-30 11:51:08,CMP_102,Tech Gadgets Launch,CTV,impression,0.005,0.0
EVT_814665,2026-07-30 01:55:11,CMP_102,Tech Gadgets Launch,CTV,q3_75,0.0,0.0
EVT_669391,2026-07-29 00:26:08,CMP_102,Tech Gadgets Launch,CTV,q1_25,0.0,0.0
EVT_798457,2026-07-30 09:58:50,CMP_103,B2B SaaS Trial,Display,q1_25,0.0,0.0
EVT_523054,2026-07-29 17:36:51,CMP_101,Summer Apparel,OLV,q2_50,0.0,0.0
EVT_333943,2026-07-31 01:36:46,CMP_101,Summer Apparel,OLV,impression,0.0045,0.0
EVT_704325,2026-07-31 01:12:09,CMP_101,Summer Apparel,OLV,impression,0.0087,0.0
EVT_623469,2026-07-31 06:20:59,CMP_103,B2B SaaS Trial,Display,q4_100,0.0,0.0
EVT_168401,2026-07-28 22:33:49,CMP_101,Summer Apparel,OLV,q2_50,0.0,0.0
EVT_834317,2026-07-31 10:35:35,CMP_101,Summer Apparel,OLV,q4_100,0.0,0.0
EVT_656550,2026-07-30 13:52:28,CMP_103,B2B SaaS Trial,Display,q1_25,0.0,0.0
EVT_106650,2026-07-28 21:37:34,CMP_101,Summer Apparel,OLV,impression,0.0144,0.0
EVT_645563,2026-07-30 15:14:23,CMP_101,Summer Apparel,OLV,impression,0.0131,0.0
EVT_616656,2026-07-30 07:41:00,CMP_103,B2B SaaS Trial,Display,impression,0.002,0.0
EVT_238566,2026-07-31 10:01:35,CMP_103,B2B SaaS Trial,Display,q1_25,0.0,0.0
EVT_708209,2026-07-31 16:21:02,CMP_101,Summer Apparel,OLV,impression,0.0123,0.0
EVT_223969,2026-07-30 14:14:44,CMP_101,Summer Apparel,OLV,impression,0.0025,0.0
EVT_557397,2026-07-30 06:09:10,CMP_101,Summer Apparel,OLV,q3_75,0.0,0.0
EVT_536230,2026-07-31 07:06:41,CMP_103,B2B SaaS Trial,Display,impression,0.0094,0.0
EVT_160043,2026-07-31 19:34:03,CMP_103,B2B SaaS Trial,Display,impression,0.0121,0.0
EVT_704900,2026-07-30 13:46:12,CMP_103,B2B SaaS Trial,Display,q1_25,0.0,0.0
EVT_692075,2026-07-31 19:49:48,CMP_102,Tech Gadgets Launch,CTV,impression,0.0046,0.0
EVT_577682,2026-07-29 16:33:33,CMP_102,Tech Gadgets Launch,CTV,impression,0.0073,0.0
EVT_951689,2026-07-29 07:34:50,CMP_102,Tech Gadgets Launch,CTV,q1_25,0.0,0.0
EVT_858438,2026-07-31 11:01:01,CMP_102,Tech Gadgets Launch,CTV,impression,0.0125,0.0
EVT_817801,2026-07-30 20:39:20,CMP_101,Summer Apparel,OLV,q1_25,0.0,0.0
EVT_187553,2026-07-30 23:11:46,CMP_103,B2B SaaS Trial,Display,q1_25,0.0,0.0
EVT_919484,2026-07-31 03:31:46,CMP_101,Summer Apparel,OLV,impression,0.0048,0.0
EVT_100170,2026-07-29 00:03:31,CMP_102,Tech Gadgets Launch,CTV,impression,0.0033,0.0
EVT_904956,2026-07-28 23:59:52,CMP_102,Tech Gadgets Launch,CTV,impression,0.0082,0.0
EVT_876728,2026-07-30 20:12:03,CMP_103,B2B SaaS Trial,Display,impression,0.0139,0.0
EVT_846725,2026-07-30 00:44:33,CMP_101,Summer Apparel,OLV,q2_50,0.0,0.0
EVT_827577,2026-07-30 12:25:07,CMP_103,B2B SaaS Trial,Display,impression,0.01,0.0
EVT_975574,2026-07-30 05:17:47,CMP_101,Summer Apparel,OLV,impression,0.0066,0.0
EVT_587171,2026-07-29 02:47:51,CMP_101,Summer Apparel,OLV,q2_50,0.0,0.0
EVT_863802,2026-07-31 02:38:16,CMP_102,Tech Gadgets Launch,CTV,impression,0.0025,0.0
EVT_464009,2026-07-30 13:51:15,CMP_103,B2B SaaS Trial,Display,impression,0.011,0.0
EVT_371437,2026-07-31 20:19:50,CMP_101,Summer Apparel,OLV,q2_50,0.0,0.0
EVT_207413,2026-07-30 19:02:56,CMP_103,B2B SaaS Trial,Display,impression,0.0067,0.0
EVT_486464,2026-07-29 14:53:16,CMP_103,B2B SaaS Trial,Display,impression,0.0058,0.0
EVT_431095,2026-07-30 04:33:36,CMP_103,B2B SaaS Trial,Display,impression,0.0058,0.0
EVT_315033,2026-07-30 17:28:06,CMP_101,Summer Apparel,OLV,q2_50,0.0,0.0
EVT_416604,2026-07-31 14:46:15,CMP_103,B2B SaaS Trial,Display,q4_100,0.0,0.0
EVT_331461,2026-07-30 11:12:28,CMP_102,Tech Gadgets Launch,CTV,impression,0.0052,0.0
EVT_184604,2026-07-30 14:24:35,CMP_103,B2B SaaS Trial,Display,q1_25,0.0,0.0
EVT_535818,2026-07-31 12:33:01,CMP_103,B2B SaaS Trial,Display,impression,0.0057,0.0
EVT_258314,2026-07-30 03:37:22,CMP_101,Summer Apparel,OLV,click,0.0,0.0
EVT_847113,2026-07-30 14:43:36,CMP_102,Tech Gadgets Launch,CTV,q2_50,0.0,0.0
EVT_676971,2026-07-30 12:07:47,CMP_103,B2B SaaS Trial,Display,q1_25,0.0,0.0
EVT_198611,2026-07-31 13:56:08,CMP_101,Summer Apparel,OLV,q3_75,0.0,0.0
EVT_772376,2026-07-30 02:03:52,CMP_101,Summer Apparel,OLV,q1_25,0.0,0.0
EVT_790308,2026-07-29 20:04:28,CMP_101,Summer Apparel,OLV,impression,0.0091,0.0
EVT_634500,2026-07-30 05:56:49,CMP_102,Tech Gadgets Launch,CTV,impression,0.0026,0.0
EVT_176204,2026-07-30 23:41:10,CMP_101,Summer Apparel,OLV,q2_50,0.0,0.0
EVT_248615,2026-07-29 00:17:14,CMP_102,Tech Gadgets Launch,CTV,q1_25,0.0,0.0
EVT_347079,2026-07-29 11:05:15,CMP_102,Tech Gadgets Launch,CTV,q1_25,0.0,0.0
EVT_317035,2026-07-30 17:08:10,CMP_102,Tech Gadgets Launch,CTV,impression,0.011,0.0
EVT_496481,2026-07-30 11:36:20,CMP_102,Tech Gadgets Launch,CTV,q1_25,0.0,0.0
EVT_610846,2026-07-29 16:33:53,CMP_102,Tech Gadgets Launch,CTV,q3_75,0.0,0.0
EVT_820739,2026-07-29 00:20:18,CMP_103,B2B SaaS Trial,Display,q2_50,0.0,0.0
EVT_916617,2026-07-31 03:03:55,CMP_102,Tech Gadgets Launch,CTV,impression,0.0138,0.0
EVT_762372,2026-07-31 02:27:50,CMP_102,Tech Gadgets Launch,CTV,q4_100,0.0,0.0
EVT_725398,2026-07-29 21:31:23,CMP_103,B2B SaaS Trial,Display,q1_25,0.0,0.0
EVT_430361,2026-07-30 22:01:35,CMP_102,Tech Gadgets Launch,CTV,impression,0.0028,0.0
EVT_678804,2026-07-29 21:37:45,CMP_101,Summer Apparel,OLV,impression,0.0059,0.0
EVT_336446,2026-07-30 06:05:05,CMP_102,Tech Gadgets Launch,CTV,impression,0.0135,0.0
EVT_592217,2026-07-29 10:32:55,CMP_101,Summer Apparel,OLV,impression,0.0082,0.0
EVT_636623,2026-07-30 20:22:00,CMP_102,Tech Gadgets Launch,CTV,impression,0.0067,0.0
EVT_650888,2026-07-31 18:22:21,CMP_102,Tech Gadgets Launch,CTV,impression,0.003,0.0
EVT_970919,2026-07-28 21:05:07,CMP_101,Summer Apparel,OLV,q3_75,0.0,0.0
EVT_123876,2026-07-30 05:08:16,CMP_103,B2B SaaS Trial,Display,q4_100,0.0,0.0
EVT_217536,2026-07-29 05:31:57,CMP_102,Tech Gadgets Launch,CTV,impression,0.0142,0.0
EVT_259499,2026-07-30 02:31:09,CMP_103,B2B SaaS Trial,Display,q2_50,0.0,0.0
EVT_114417,2026-07-29 10:27:52,CMP_103,B2B SaaS Trial,Display,impression,0.0056,0.0
EVT_803247,2026-07-31 11:52:33,CMP_101,Summer Apparel,OLV,q1_25,0.0,0.0
EVT_450736,2026-07-30 04:14:18,CMP_102,Tech Gadgets Launch,CTV,impression,0.0058,0.0
EVT_640829,2026-07-30 22:19:16,CMP_102,Tech Gadgets Launch,CTV,impression,0.0052,0.0
EVT_211078,2026-07-31 12:06:15,CMP_102,Tech Gadgets Launch,CTV,impression,0.0066,0.0
EVT_902953,2026-07-29 12:06:49,CMP_103,B2B SaaS Trial,Display,impression,0.0043,0.0
EVT_519387,2026-07-31 13:29:40,CMP_101,Summer Apparel,OLV,impression,0.0072,0.0
EVT_763364,2026-07-31 01:32:54,CMP_103,B2B SaaS Trial,Display,impression,0.0041,0.0
EVT_726944,2026-07-30 16:52:43,CMP_103,B2B SaaS Trial,Display,impression,0.0023,0.0
EVT_477665,2026-07-30 17:44:34,CMP_102,Tech Gadgets Launch,CTV,impression,0.003,0.0
EVT_848721,2026-07-31 19:43:12,CMP_102,Tech Gadgets Launch,CTV,q1_25,0.0,0.0
EVT_823830,2026-07-31 07:01:42,CMP_102,Tech Gadgets Launch,CTV,impression,0.0022,0.0
EVT_932884,2026-07-31 03:24:21,CMP_103,B2B SaaS Trial,Display,impression,0.0105,0.0
EVT_997651,2026-07-30 08:52:08,CMP_101,Summer Apparel,OLV,impression,0.0137,0.0
EVT_295202,2026-07-31 15:37:17,CMP_103,B2B SaaS Trial,Display,impression,0.0044,0.0
EVT_239723,2026-07-30 19:16:50,CMP_103,B2B SaaS Trial,Display,q2_50,0.0,0.0
EVT_478728,2026-07-31 01:36:28,CMP_103,B2B SaaS Trial,Display,impression,0.0138,0.0
EVT_267116,2026-07-30 06:22:40,CMP_101,Summer Apparel,OLV,impression,0.0054,0.0
EVT_137830,2026-07-29 19:11:31,CMP_102,Tech Gadgets Launch,CTV,impression,0.0114,0.0
EVT_585103,2026-07-30 12:02:51,CMP_103,B2B SaaS Trial,Display,q2_50,0.0,0.0
EVT_176491,2026-07-29 09:44:25,CMP_101,Summer Apparel,OLV,q3_75,0.0,0.0
EVT_299398,2026-07-30 04:22:38,CMP_103,B2B SaaS Trial,Display,q2_50,0.0,0.0
EVT_905665,2026-07-31 12:32:01,CMP_101,Summer Apparel,OLV,q4_100,0.0,0.0
EVT_761376,2026-07-30 03:44:13,CMP_103,B2B SaaS Trial,Display,click,0.0,0.0
EVT_676475,2026-07-30 05:51:55,CMP_101,Summer Apparel,OLV,q1_25,0.0,0.0
EVT_480390,2026-07-30 21:17:09,CMP_101,Summer Apparel,OLV,q1_25,0.0,0.0
EVT_128265,2026-07-30 19:58:11,CMP_102,Tech Gadgets Launch,CTV,impression,0.0079,0.0
EVT_754120,2026-07-30 04:26:18,CMP_103,B2B SaaS Trial,Display,q3_75,0.0,0.0
EVT_762192,2026-07-30 06:05:20,CMP_102,Tech Gadgets Launch,CTV,q1_25,0.0,0.0
EVT_555862,2026-07-31 17:14:55,CMP_101,Summer Apparel,OLV,impression,0.013,0.0
EVT_831419,2026-07-31 18:22:33,CMP_102,Tech Gadgets Launch,CTV,impression,0.0143,0.0
EVT_639236,2026-07-29 07:27:11,CMP_102,Tech Gadgets Launch,CTV,q4_100,0.0,0.0
EVT_381604,2026-07-29 13:22:44,CMP_102,Tech Gadgets Launch,CTV,impression,0.0033,0.0
EVT_135009,2026-07-31 03:34:46,CMP_101,Summer Apparel,OLV,q2_50,0.0,0.0
EVT_469073,2026-07-30 19:17:03,CMP_103,B2B SaaS Trial,Display,impression,0.01,0.0
EVT_712566,2026-07-29 18:15:13,CMP_103,B2B SaaS Trial,Display,q1_25,0.0,0.0
EVT_751898,2026-07-30 15:12:51,CMP_102,Tech Gadgets Launch,CTV,impression,0.0076,0.0
EVT_184033,2026-07-31 08:02:18,CMP_101,Summer Apparel,OLV,q1_25,0.0,0.0
EVT_984434,2026-07-29 03:13:45,CMP_102,Tech Gadgets Launch,CTV,q1_25,0.0,0.0
EVT_154312,2026-07-31 12:43:32,CMP_101,Summer Apparel,OLV,q1_25,0.0,0.0
EVT_106289,2026-07-30 07:20:34,CMP_102,Tech Gadgets Launch,CTV,q1_25,0.0,0.0
EVT_284346,2026-07-31 09:22:46,CMP_101,Summer Apparel,OLV,q3_75,0.0,0.0
EVT_382478,2026-07-30 10:58:32,CMP_102,Tech Gadgets Launch,CTV,q1_25,0.0,0.0
EVT_621773,2026-07-31 03:01:26,CMP_101,Summer Apparel,OLV,q1_25,0.0,0.0
EVT_530210,2026-07-31 09:42:03,CMP_102,Tech Gadgets Launch,CTV,q1_25,0.0,0.0
EVT_372110,2026-07-30 11:46:56,CMP_102,Tech Gadgets Launch,CTV,impression,0.0149,0.0
EVT_421175,2026-07-29 15:01:34,CMP_103,B2B SaaS Trial,Display,q1_25,0.0,0.0
EVT_489740,2026-07-31 07:41:35,CMP_103,B2B SaaS Trial,Display,impression,0.0084,0.0
EVT_239985,2026-07-30 20:32:51,CMP_103,B2B SaaS Trial,Display,impression,0.0131,0.0
EVT_956213,2026-07-31 14:55:03,CMP_101,Summer Apparel,OLV,q2_50,0.0,0.0
EVT_501656,2026-07-31 00:07:39,CMP_102,Tech Gadgets Launch,CTV,impression,0.0021,0.0
EVT_466460,2026-07-29 05:47:25,CMP_101,Summer Apparel,OLV,q1_25,0.0,0.0
EVT_694348,2026-07-31 19:29:42,CMP_102,Tech Gadgets Launch,CTV,q3_75,0.0,0.0
EVT_794937,2026-07-29 23:03:36,CMP_101,Summer Apparel,OLV,impression,0.0133,0.0
EVT_643465,2026-07-30 20:34:53,CMP_103,B2B SaaS Trial,Display,impression,0.0067,0.0
EVT_619925,2026-07-30 19:19:24,CMP_102,Tech Gadgets Launch,CTV,impression,0.015,0.0
EVT_334829,2026-07-30 05:22:57,CMP_103,B2B SaaS Trial,Display,impression,0.0039,0.0
EVT_717081,2026-07-29 14:45:20,CMP_101,Summer Apparel,OLV,impression,0.0137,0.0
EVT_826756,2026-07-30 07:02:21,CMP_103,B2B SaaS Trial,Display,impression,0.0095,0.0
EVT_874078,2026-07-29 12:39:07,CMP_102,Tech Gadgets Launch,CTV,impression,0.0124,0.0
EVT_288755,2026-07-28 21:15:51,CMP_101,Summer Apparel,OLV,impression,0.0052,0.0
EVT_268040,2026-07-28 21:12:39,CMP_101,Summer Apparel,OLV,impression,0.0099,0.0
EVT_414331,2026-07-29 02:24:36,CMP_101,Summer Apparel,OLV,impression,0.0056,0.0
EVT_696348,2026-07-30 07:32:54,CMP_102,Tech Gadgets Launch,CTV,q1_25,0.0,0.0
EVT_689810,2026-07-29 13:30:37,CMP_103,B2B SaaS Trial,Display,conversion,0.0,52.1
EVT_302768,2026-07-29 17:38:38,CMP_103,B2B SaaS Trial,Display,q1_25,0.0,0.0
EVT_545880,2026-07-31 05:01:22,CMP_103,B2B SaaS Trial,Display,q3_75,0.0,0.0
EVT_305074,2026-07-31 17:59:05,CMP_102,Tech Gadgets Launch,CTV,impression,0.0095,0.0
EVT_730576,2026-07-31 00:15:28,CMP_102,Tech Gadgets Launch,CTV,q1_25,0.0,0.0
EVT_377877,2026-07-30 04:07:44,CMP_102,Tech Gadgets Launch,CTV,impression,0.0053,0.0
EVT_521436,2026-07-31 00:39:44,CMP_103,B2B SaaS Trial,Display,impression,0.0147,0.0
EVT_253120,2026-07-29 12:44:16,CMP_101,Summer Apparel,OLV,q2_50,0.0,0.0
EVT_253576,2026-07-29 23:31:45,CMP_102,Tech Gadgets Launch,CTV,impression,0.0146,0.0
EVT_970105,2026-07-31 12:04:58,CMP_101,Summer Apparel,OLV,q4_100,0.0,0.0
EVT_710384,2026-07-31 09:31:54,CMP_102,Tech Gadgets Launch,CTV,click,0.0,0.0
EVT_185451,2026-07-30 20:17:31,CMP_103,B2B SaaS Trial,Display,q2_50,0.0,0.0
EVT_196303,2026-07-30 19:20:39,CMP_102,Tech Gadgets Launch,CTV,q1_25,0.0,0.0
EVT_808223,2026-07-30 09:48:01,CMP_102,Tech Gadgets Launch,CTV,impression,0.0045,0.0
EVT_346840,2026-07-30 10:11:07,CMP_103,B2B SaaS Trial,Display,impression,0.0113,0.0
EVT_878396,2026-07-30 16:40:28,CMP_102,Tech Gadgets Launch,CTV,q1_25,0.0,0.0
EVT_306951,2026-07-30 00:30:19,CMP_102,Tech Gadgets Launch,CTV,impression,0.0103,0.0
EVT_285953,2026-07-30 03:49:43,CMP_103,B2B SaaS Trial,Display,q1_25,0.0,0.0
EVT_906729,2026-07-31 02:58:08,CMP_103,B2B SaaS Trial,Display,impression,0.0059,0.0
EVT_119939,2026-07-30 05:35:43,CMP_103,B2B SaaS Trial,Display,q1_25,0.0,0.0
EVT_819550,2026-07-29 18:19:55,CMP_102,Tech Gadgets Launch,CTV,click,0.0,0.0
EVT_718386,2026-07-31 14:02:12,CMP_103,B2B SaaS Trial,Display,impression,0.01,0.0
EVT_221303,2026-07-29 08:09:48,CMP_101,Summer Apparel,OLV,impression,0.0126,0.0
EVT_840286,2026-07-31 07:47:02,CMP_102,Tech Gadgets Launch,CTV,impression,0.0036,0.0
EVT_958492,2026-07-29 09:57:42,CMP_101,Summer Apparel,OLV,q1_25,0.0,0.0
EVT_550687,2026-07-29 01:26:01,CMP_102,Tech Gadgets Launch,CTV,q3_75,0.0,0.0
EVT_533179,2026-07-31 17:34:27,CMP_103,B2B SaaS Trial,Display,impression,0.0085,0.0
EVT_471455,2026-07-29 09:33:09,CMP_102,Tech Gadgets Launch,CTV,impression,0.0028,0.0
EVT_926827,2026-07-31 04:29:58,CMP_101,Summer Apparel,OLV,q1_25,0.0,0.0
EVT_337482,2026-07-30 10:38:30,CMP_102,Tech Gadgets Launch,CTV,q2_50,0.0,0.0
EVT_912536,2026-07-31 01:24:23,CMP_103,B2B SaaS Trial,Display,q3_75,0.0,0.0
EVT_522778,2026-07-31 02:46:59,CMP_103,B2B SaaS Trial,Display,q1_25,0.0,0.0
EVT_619130,2026-07-30 12:04:48,CMP_103,B2B SaaS Trial,Display,q3_75,0.0,0.0
EVT_410274,2026-07-31 18:45:24,CMP_103,B2B SaaS Trial,Display,impression,0.0084,0.0
EVT_409760,2026-07-29 05:36:05,CMP_101,Summer Apparel,OLV,impression,0.005,0.0
EVT_431992,2026-07-30 18:44:33,CMP_101,Summer Apparel,OLV,impression,0.0134,0.0
EVT_216187,2026-07-29 13:16:29,CMP_102,Tech Gadgets Launch,CTV,click,0.0,0.0
EVT_889686,2026-07-29 10:51:06,CMP_101,Summer Apparel,OLV,impression,0.0134,0.0
EVT_408889,2026-07-29 14:30:37,CMP_101,Summer Apparel,OLV,q3_75,0.0,0.0
EVT_155237,2026-07-31 16:00:20,CMP_102,Tech Gadgets Launch,CTV,impression,0.0062,0.0
EVT_503504,2026-07-31 01:56:33,CMP_101,Summer Apparel,OLV,q3_75,0.0,0.0
EVT_134846,2026-07-29 14:23:54,CMP_103,B2B SaaS Trial,Display,impression,0.0038,0.0
EVT_909959,2026-07-28 23:35:19,CMP_101,Summer Apparel,OLV,impression,0.0128,0.0
EVT_454223,2026-07-31 01:26:55,CMP_102,Tech Gadgets Launch,CTV,impression,0.0036,0.0
EVT_638440,2026-07-29 12:24:36,CMP_103,B2B SaaS Trial,Display,q2_50,0.0,0.0
EVT_471138,2026-07-29 07:02:13,CMP_101,Summer Apparel,OLV,q2_50,0.0,0.0
EVT_480404,2026-07-29 18:00:08,CMP_101,Summer Apparel,OLV,impression,0.0036,0.0
EVT_297920,2026-07-30 04:05:26,CMP_101,Summer Apparel,OLV,q4_100,0.0,0.0
EVT_985366,2026-07-31 17:22:53,CMP_101,Summer Apparel,OLV,impression,0.0053,0.0
EVT_635605,2026-07-29 10:26:28,CMP_101,Summer Apparel,OLV,conversion,0.0,40.46
EVT_808630,2026-07-31 01:41:47,CMP_101,Summer Apparel,OLV,impression,0.014,0.0
EVT_190741,2026-07-30 19:10:47,CMP_102,Tech Gadgets Launch,CTV,q1_25,0.0,0.0
EVT_153108,2026-07-29 22:10:31,CMP_103,B2B SaaS Trial,Display,q1_25,0.0,0.0
EVT_736363,2026-07-31 13:03:30,CMP_103,B2B SaaS Trial,Display,q2_50,0.0,0.0
EVT_802870,2026-07-31 11:45:43,CMP_103,B2B SaaS Trial,Display,q1_25,0.0,0.0
EVT_316632,2026-07-29 09:40:28,CMP_103,B2B SaaS Trial,Display,impression,0.0096,0.0
EVT_893901,2026-07-31 17:10:37,CMP_103,B2B SaaS Trial,Display,impression,0.0105,0.0
EVT_269901,2026-07-31 20:11:25,CMP_101,Summer Apparel,OLV,impression,0.007,0.0
EVT_515972,2026-07-30 09:05:18,CMP_102,Tech Gadgets Launch,CTV,impression,0.0029,0.0
EVT_936310,2026-07-29 12:56:28,CMP_102,Tech Gadgets Launch,CTV,impression,0.0021,0.0
EVT_726179,2026-07-31 18:37:35,CMP_103,B2B SaaS Trial,Display,impression,0.014,0.0
EVT_128094,2026-07-29 11:55:40,CMP_102,Tech Gadgets Launch,CTV,q2_50,0.0,0.0
EVT_111799,2026-07-30 04:06:27,CMP_102,Tech Gadgets Launch,CTV,q2_50,0.0,0.0
EVT_362314,2026-07-30 22:32:20,CMP_102,Tech Gadgets Launch,CTV,impression,0.0093,0.0
EVT_985122,2026-07-31 17:43:24,CMP_102,Tech Gadgets Launch,CTV,q1_25,0.0,0.0
EVT_385837,2026-07-31 01:37:32,CMP_102,Tech Gadgets Launch,CTV,q1_25,0.0,0.0
EVT_402969,2026-07-29 22:21:36,CMP_101,Summer Apparel,OLV,q2_50,0.0,0.0
EVT_143259,2026-07-29 20:08:05,CMP_102,Tech Gadgets Launch,CTV,impression,0.0029,0.0
EVT_702686,2026-07-31 19:56:14,CMP_102,Tech Gadgets Launch,CTV,impression,0.0138,0.0
EVT_523221,2026-07-29 14:06:54,CMP_103,B2B SaaS Trial,Display,q3_75,0.0,0.0
EVT_984385,2026-07-30 02:13:57,CMP_102,Tech Gadgets Launch,CTV,impression,0.0127,0.0
EVT_666631,2026-07-30 06:30:48,CMP_103,B2B SaaS Trial,Display,q1_25,0.0,0.0
EVT_793624,2026-07-29 11:36:00,CMP_101,Summer Apparel,OLV,q1_25,0.0,0.0
EVT_490294,2026-07-29 14:27:46,CMP_103,B2B SaaS Trial,Display,impression,0.0096,0.0
EVT_839959,2026-07-31 03:13:51,CMP_101,Summer Apparel,OLV,impression,0.0052,0.0
EVT_870693,2026-07-31 03:06:54,CMP_102,Tech Gadgets Launch,CTV,q2_50,0.0,0.0
EVT_276957,2026-07-29 16:36:23,CMP_103,B2B SaaS Trial,Display,q2_50,0.0,0.0
EVT_488390,2026-07-31 08:57:18,CMP_101,Summer Apparel,OLV,q1_25,0.0,0.0
EVT_736847,2026-07-29 09:08:53,CMP_102,Tech Gadgets Launch,CTV,impression,0.006,0.0
EVT_945569,2026-07-31 06:34:43,CMP_101,Summer Apparel,OLV,impression,0.0032,0.0
EVT_814312,2026-07-31 13:19:12,CMP_102,Tech Gadgets Launch,CTV,q1_25,0.0,0.0
EVT_389448,2026-07-30 21:42:47,CMP_103,B2B SaaS Trial,Display,q1_25,0.0,0.0
EVT_618546,2026-07-31 03:24:42,CMP_102,Tech Gadgets Launch,CTV,impression,0.0148,0.0
EVT_351283,2026-07-30 03:28:12,CMP_102,Tech Gadgets Launch,CTV,impression,0.0067,0.0
EVT_680506,2026-07-29 15:24:34,CMP_101,Summer Apparel,OLV,q1_25,0.0,0.0
EVT_915243,2026-07-31 15:18:47,CMP_103,B2B SaaS Trial,Display,impression,0.0137,0.0
EVT_597225,2026-07-30 06:26:32,CMP_103,B2B SaaS Trial,Display,impression,0.0119,0.0
EVT_439558,2026-07-30 21:47:38,CMP_103,B2B SaaS Trial,Display,q1_25,0.0,0.0
EVT_496889,2026-07-31 16:30:06,CMP_101,Summer Apparel,OLV,impression,0.0111,0.0
EVT_173285,2026-07-29 17:45:34,CMP_101,Summer Apparel,OLV,q2_50,0.0,0.0
EVT_803146,2026-07-30 19:38:03,CMP_102,Tech Gadgets Launch,CTV,impression,0.0145,0.0
EVT_692957,2026-07-30 00:47:42,CMP_103,B2B SaaS Trial,Display,q1_25,0.0,0.0
EVT_749292,2026-07-29 20:05:10,CMP_101,Summer Apparel,OLV,impression,0.0121,0.0
EVT_479001,2026-07-30 17:59:51,CMP_101,Summer Apparel,OLV,q1_25,0.0,0.0
EVT_936750,2026-07-30 01:51:03,CMP_101,Summer Apparel,OLV,impression,0.0022,0.0
EVT_216408,2026-07-30 14:07:28,CMP_102,Tech Gadgets Launch,CTV,q1_25,0.0,0.0
EVT_191532,2026-07-29 20:51:58,CMP_103,B2B SaaS Trial,Display,impression,0.0146,0.0
EVT_621940,2026-07-29 16:01:44,CMP_102,Tech Gadgets Launch,CTV,impression,0.004,0.0
EVT_732980,2026-07-30 05:11:04,CMP_103,B2B SaaS Trial,Display,impression,0.0097,0.0
EVT_819425,2026-07-29 22:45:33,CMP_101,Summer Apparel,OLV,q1_25,0.0,0.0
EVT_286337,2026-07-28 21:19:14,CMP_101,Summer Apparel,OLV,impression,0.0059,0.0
EVT_466044,2026-07-30 14:55:21,CMP_103,B2B SaaS Trial,Display,q4_100,0.0,0.0
EVT_794528,2026-07-30 12:19:51,CMP_101,Summer Apparel,OLV,q3_75,0.0,0.0
EVT_748812,2026-07-29 07:11:12,CMP_103,B2B SaaS Trial,Display,q1_25,0.0,0.0
EVT_828795,2026-07-31 01:08:17,CMP_101,Summer Apparel,OLV,impression,0.0126,0.0
EVT_664046,2026-07-30 21:05:06,CMP_102,Tech Gadgets Launch,CTV,impression,0.0066,0.0
EVT_913998,2026-07-30 01:52:29,CMP_101,Summer Apparel,OLV,q1_25,0.0,0.0
EVT_435390,2026-07-29 07:49:21,CMP_101,Summer Apparel,OLV,impression,0.0128,0.0
EVT_903717,2026-07-29 12:01:40,CMP_101,Summer Apparel,OLV,impression,0.0072,0.0
EVT_137533,2026-07-31 04:16:13,CMP_102,Tech Gadgets Launch,CTV,q1_25,0.0,0.0
EVT_570351,2026-07-31 12:16:07,CMP_102,Tech Gadgets Launch,CTV,q1_25,0.0,0.0
EVT_384133,2026-07-31 16:54:59,CMP_102,Tech Gadgets Launch,CTV,impression,0.0021,0.0
EVT_729409,2026-07-29 06:20:32,CMP_101,Summer Apparel,OLV,q1_25,0.0,0.0
EVT_547469,2026-07-29 01:09:22,CMP_102,Tech Gadgets Launch,CTV,q1_25,0.0,0.0
EVT_907449,2026-07-29 02:12:50,CMP_103,B2B SaaS Trial,Display,q2_50,0.0,0.0
EVT_122679,2026-07-31 07:39:07,CMP_101,Summer Apparel,OLV,q1_25,0.0,0.0
EVT_926664,2026-07-29 11:50:26,CMP_102,Tech Gadgets Launch,CTV,q4_100,0.0,0.0
EVT_451612,2026-07-29 11:35:13,CMP_102,Tech Gadgets Launch,CTV,impression,0.0142,0.0
EVT_844202,2026-07-31 01:01:22,CMP_102,Tech Gadgets Launch,CTV,impression,0.0143,0.0
EVT_788405,2026-07-29 02:13:40,CMP_102,Tech Gadgets Launch,CTV,impression,0.0035,0.0
EVT_560998,2026-07-30 22:06:10,CMP_102,Tech Gadgets Launch,CTV,q1_25,0.0,0.0
EVT_619306,2026-07-31 09:15:50,CMP_103,B2B SaaS Trial,Display,q2_50,0.0,0.0
EVT_595736,2026-07-31 02:28:11,CMP_102,Tech Gadgets Launch,CTV,q1_25,0.0,0.0
EVT_378127,2026-07-28 20:47:21,CMP_103,B2B SaaS Trial,Display,impression,0.0064,0.0
EVT_537391,2026-07-29 22:04:13,CMP_101,Summer Apparel,OLV,q2_50,0.0,0.0
EVT_590357,2026-07-29 22:05:21,CMP_103,B2B SaaS Trial,Display,q1_25,0.0,0.0
EVT_596813,2026-07-29 11:20:28,CMP_101,Summer Apparel,OLV,impression,0.0073,0.0
EVT_625197,2026-07-30 21:44:31,CMP_103,B2B SaaS Trial,Display,q2_50,0.0,0.0
EVT_594319,2026-07-30 09:58:25,CMP_101,Summer Apparel,OLV,impression,0.0147,0.0
EVT_311965,2026-07-29 18:28:19,CMP_102,Tech Gadgets Launch,CTV,q1_25,0.0,0.0
EVT_562251,2026-07-29 15:36:51,CMP_103,B2B SaaS Trial,Display,impression,0.0094,0.0
EVT_251823,2026-07-31 14:45:59,CMP_102,Tech Gadgets Launch,CTV,impression,0.0114,0.0
EVT_110341,2026-07-31 08:44:18,CMP_103,B2B SaaS Trial,Display,q3_75,0.0,0.0
EVT_168605,2026-07-31 13:20:10,CMP_103,B2B SaaS Trial,Display,impression,0.0037,0.0
EVT_525274,2026-07-30 00:42:16,CMP_102,Tech Gadgets Launch,CTV,q1_25,0.0,0.0
EVT_769318,2026-07-29 06:21:44,CMP_102,Tech Gadgets Launch,CTV,q2_50,0.0,0.0
EVT_627767,2026-07-31 12:02:48,CMP_102,Tech Gadgets Launch,CTV,impression,0.0139,0.0
EVT_182322,2026-07-31 18:48:33,CMP_102,Tech Gadgets Launch,CTV,q2_50,0.0,0.0
EVT_436841,2026-07-30 06:56:51,CMP_101,Summer Apparel,OLV,impression,0.0081,0.0
EVT_154425,2026-07-28 23:48:50,CMP_103,B2B SaaS Trial,Display,q2_50,0.0,0.0
EVT_672773,2026-07-31 05:30:59,CMP_102,Tech Gadgets Launch,CTV,q1_25,0.0,0.0
EVT_638701,2026-07-31 17:57:22,CMP_102,Tech Gadgets Launch,CTV,q2_50,0.0,0.0
EVT_343719,2026-07-29 17:01:07,CMP_102,Tech Gadgets Launch,CTV,impression,0.0134,0.0
EVT_579683,2026-07-31 00:22:42,CMP_103,B2B SaaS Trial,Display,impression,0.0127,0.0
EVT_389551,2026-07-30 13:05:05,CMP_101,Summer Apparel,OLV,q2_50,0.0,0.0
EVT_874229,2026-07-30 20:16:13,CMP_102,Tech Gadgets Launch,CTV,impression,0.0132,0.0
EVT_194151,2026-07-29 15:10:02,CMP_103,B2B SaaS Trial,Display,impression,0.0022,0.0
EVT_930882,2026-07-31 15:35:18,CMP_103,B2B SaaS Trial,Display,impression,0.0025,0.0
EVT_893809,2026-07-29 07:12:21,CMP_101,Summer Apparel,OLV,impression,0.0102,0.0
EVT_616608,2026-07-29 20:04:08,CMP_101,Summer Apparel,OLV,impression,0.0099,0.0
EVT_913966,2026-07-30 14:17:15,CMP_102,Tech Gadgets Launch,CTV,impression,0.0135,0.0
EVT_815728,2026-07-29 00:21:25,CMP_101,Summer Apparel,OLV,q3_75,0.0,0.0
EVT_913843,2026-07-30 03:02:00,CMP_102,Tech Gadgets Launch,CTV,impression,0.0121,0.0
EVT_777248,2026-07-29 09:26:53,CMP_102,Tech Gadgets Launch,CTV,impression,0.0039,0.0
EVT_120337,2026-07-29 21:48:12,CMP_102,Tech Gadgets Launch,CTV,impression,0.01,0.0
EVT_772594,2026-07-30 05:33:03,CMP_103,B2B SaaS Trial,Display,q2_50,0.0,0.0
EVT_504752,2026-07-30 19:55:57,CMP_101,Summer Apparel,OLV,q4_100,0.0,0.0
EVT_875894,2026-07-29 19:40:43,CMP_101,Summer Apparel,OLV,impression,0.0035,0.0
EVT_189693,2026-07-30 03:32:17,CMP_103,B2B SaaS Trial,Display,impression,0.0062,0.0
EVT_704180,2026-07-29 09:03:34,CMP_102,Tech Gadgets Launch,CTV,q2_50,0.0,0.0
EVT_965811,2026-07-30 16:10:31,CMP_102,Tech Gadgets Launch,CTV,q2_50,0.0,0.0
EVT_653805,2026-07-31 07:25:06,CMP_102,Tech Gadgets Launch,CTV,q4_100,0.0,0.0
EVT_792535,2026-07-30 10:39:35,CMP_101,Summer Apparel,OLV,impression,0.0052,0.0
EVT_673047,2026-07-31 06:50:59,CMP_102,Tech Gadgets Launch,CTV,impression,0.0088,0.0
EVT_706582,2026-07-30 03:35:49,CMP_103,B2B SaaS Trial,Display,impression,0.0122,0.0
EVT_427917,2026-07-29 20:42:54,CMP_103,B2B SaaS Trial,Display,q4_100,0.0,0.0
EVT_514568,2026-07-28 23:36:59,CMP_101,Summer Apparel,OLV,q1_25,0.0,0.0
EVT_178713,2026-07-29 03:31:35,CMP_103,B2B SaaS Trial,Display,impression,0.0093,0.0
EVT_960062,2026-07-29 04:00:13,CMP_101,Summer Apparel,OLV,impression,0.0141,0.0
EVT_358474,2026-07-29 09:32:08,CMP_101,Summer Apparel,OLV,impression,0.006,0.0
EVT_748776,2026-07-29 09:19:50,CMP_103,B2B SaaS Trial,Display,q1_25,0.0,0.0
EVT_227207,2026-07-29 02:50:24,CMP_103,B2B SaaS Trial,Display,q1_25,0.0,0.0
EVT_280027,2026-07-31 19:53:54,CMP_103,B2B SaaS Trial,Display,q2_50,0.0,0.0
EVT_512495,2026-07-29 21:09:04,CMP_101,Summer Apparel,OLV,q3_75,0.0,0.0
EVT_738280,2026-07-30 10:04:05,CMP_102,Tech Gadgets Launch,CTV,impression,0.0109,0.0
EVT_665704,2026-07-29 08:08:49,CMP_103,B2B SaaS Trial,Display,q2_50,0.0,0.0
EVT_106285,2026-07-29 14:59:25,CMP_102,Tech Gadgets Launch,CTV,q2_50,0.0,0.0
EVT_771287,2026-07-30 15:18:55,CMP_102,Tech Gadgets Launch,CTV,impression,0.0069,0.0
EVT_510932,2026-07-30 04:32:01,CMP_101,Summer Apparel,OLV,impression,0.0106,0.0
EVT_257295,2026-07-31 04:16:59,CMP_102,Tech Gadgets Launch,CTV,impression,0.0136,0.0
EVT_950607,2026-07-31 18:06:20,CMP_103,B2B SaaS Trial,Display,q4_100,0.0,0.0
EVT_521185,2026-07-28 22:55:17,CMP_101,Summer Apparel,OLV,q2_50,0.0,0.0
EVT_867284,2026-07-31 18:22:04,CMP_103,B2B SaaS Trial,Display,impression,0.0031,0.0
EVT_337730,2026-07-29 10:28:51,CMP_103,B2B SaaS Trial,Display,impression,0.0058,0.0
EVT_643911,2026-07-31 05:17:03,CMP_102,Tech Gadgets Launch,CTV,impression,0.0132,0.0
EVT_989733,2026-07-29 12:19:50,CMP_102,Tech Gadgets Launch,CTV,impression,0.0081,0.0
EVT_773885,2026-07-29 08:47:11,CMP_103,B2B SaaS Trial,Display,impression,0.0098,0.0
EVT_443962,2026-07-31 02:20:38,CMP_101,Summer Apparel,OLV,impression,0.0136,0.0
EVT_118765,2026-07-30 23:13:31,CMP_103,B2B SaaS Trial,Display,impression,0.0023,0.0
EVT_802585,2026-07-29 08:38:17,CMP_103,B2B SaaS Trial,Display,impression,0.0129,0.0
EVT_464215,2026-07-29 10:28:00,CMP_102,Tech Gadgets Launch,CTV,impression,0.0139,0.0
EVT_459941,2026-07-30 18:25:28,CMP_102,Tech Gadgets Launch,CTV,q1_25,0.0,0.0
EVT_329979,2026-07-29 22:10:12,CMP_101,Summer Apparel,OLV,impression,0.0141,0.0
EVT_266908,2026-07-29 19:59:13,CMP_102,Tech Gadgets Launch,CTV,q1_25,0.0,0.0
EVT_633448,2026-07-30 19:12:16,CMP_102,Tech Gadgets Launch,CTV,impression,0.006,0.0
EVT_694039,2026-07-31 12:44:38,CMP_102,Tech Gadgets Launch,CTV,impression,0.0136,0.0
EVT_613676,2026-07-30 10:50:47,CMP_103,B2B SaaS Trial,Display,impression,0.0034,0.0
EVT_364644,2026-07-29 07:10:30,CMP_103,B2B SaaS Trial,Display,q1_25,0.0,0.0
EVT_518231,2026-07-29 11:24:12,CMP_103,B2B SaaS Trial,Display,impression,0.0107,0.0
EVT_724998,2026-07-30 15:02:14,CMP_102,Tech Gadgets Launch,CTV,q3_75,0.0,0.0
EVT_143517,2026-07-28 21:39:58,CMP_102,Tech Gadgets Launch,CTV,q1_25,0.0,0.0
EVT_894293,2026-07-31 02:50:28,CMP_101,Summer Apparel,OLV,impression,0.0021,0.0
EVT_416249,2026-07-31 04:42:53,CMP_101,Summer Apparel,OLV,impression,0.0136,0.0
EVT_702299,2026-07-29 08:43:59,CMP_102,Tech Gadgets Launch,CTV,impression,0.0142,0.0
EVT_161064,2026-07-29 04:57:46,CMP_102,Tech Gadgets Launch,CTV,impression,0.0057,0.0
EVT_758898,2026-07-29 09:16:30,CMP_101,Summer Apparel,OLV,q1_25,0.0,0.0
EVT_668866,2026-07-29 09:21:15,CMP_102,Tech Gadgets Launch,CTV,q1_25,0.0,0.0
EVT_982986,2026-07-29 03:25:28,CMP_101,Summer Apparel,OLV,impression,0.0041,0.0
EVT_650253,2026-07-30 07:41:39,CMP_103,B2B SaaS Trial,Display,impression,0.0081,0.0
EVT_344076,2026-07-29 00:45:09,CMP_103,B2B SaaS Trial,Display,impression,0.0103,0.0
EVT_926118,2026-07-29 21:05:30,CMP_101,Summer Apparel,OLV,q2_50,0.0,0.0
EVT_561080,2026-07-30 16:56:08,CMP_101,Summer Apparel,OLV,impression,0.0122,0.0
EVT_132807,2026-07-29 10:09:46,CMP_103,B2B SaaS Trial,Display,impression,0.0116,0.0
EVT_370882,2026-07-30 00:51:14,CMP_101,Summer Apparel,OLV,impression,0.0116,0.0
EVT_882740,2026-07-29 04:45:45,CMP_101,Summer Apparel,OLV,impression,0.0028,0.0
EVT_195867,2026-07-29 14:03:59,CMP_102,Tech Gadgets Launch,CTV,q1_25,0.0,0.0
EVT_290065,2026-07-31 15:47:04,CMP_102,Tech Gadgets Launch,CTV,impression,0.0056,0.0
EVT_192794,2026-07-29 04:49:59,CMP_101,Summer Apparel,OLV,impression,0.0105,0.0
EVT_381146,2026-07-30 10:15:44,CMP_101,Summer Apparel,OLV,q3_75,0.0,0.0
EVT_748926,2026-07-29 12:11:38,CMP_103,B2B SaaS Trial,Display,impression,0.0063,0.0
EVT_704020,2026-07-31 15:45:22,CMP_102,Tech Gadgets Launch,CTV,impression,0.0065,0.0
EVT_287031,2026-07-28 23:14:32,CMP_102,Tech Gadgets Launch,CTV,q4_100,0.0,0.0
EVT_550861,2026-07-31 19:30:15,CMP_101,Summer Apparel,OLV,q1_25,0.0,0.0
EVT_320720,2026-07-29 18:41:30,CMP_102,Tech Gadgets Launch,CTV,impression,0.0047,0.0
EVT_149445,2026-07-29 04:31:07,CMP_102,Tech Gadgets Launch,CTV,impression,0.0109,0.0
EVT_621738,2026-07-30 03:50:00,CMP_103,B2B SaaS Trial,Display,impression,0.0083,0.0
EVT_876867,2026-07-28 23:18:01,CMP_101,Summer Apparel,OLV,q3_75,0.0,0.0
EVT_170823,2026-07-31 04:01:47,CMP_102,Tech Gadgets Launch,CTV,impression,0.0055,0.0
EVT_984539,2026-07-31 01:18:28,CMP_102,Tech Gadgets Launch,CTV,impression,0.0074,0.0
EVT_515726,2026-07-31 02:52:18,CMP_102,Tech Gadgets Launch,CTV,impression,0.0115,0.0
EVT_163022,2026-07-29 23:44:42,CMP_101,Summer Apparel,OLV,q2_50,0.0,0.0
EVT_593986,2026-07-31 08:00:15,CMP_101,Summer Apparel,OLV,impression,0.0043,0.0
EVT_936227,2026-07-31 14:59:56,CMP_103,B2B SaaS Trial,Display,q1_25,0.0,0.0
EVT_542467,2026-07-29 06:37:54,CMP_101,Summer Apparel,OLV,impression,0.0062,0.0
EVT_647559,2026-07-31 06:41:29,CMP_102,Tech Gadgets Launch,CTV,q2_50,0.0,0.0
EVT_819876,2026-07-30 03:30:51,CMP_102,Tech Gadgets Launch,CTV,impression,0.0047,0.0
EVT_780692,2026-07-31 14:07:07,CMP_103,B2B SaaS Trial,Display,impression,0.0061,0.0
EVT_823332,2026-07-31 05:09:46,CMP_102,Tech Gadgets Launch,CTV,impression,0.0028,0.0
EVT_173063,2026-07-30 07:58:52,CMP_103,B2B SaaS Trial,Display,q1_25,0.0,0.0
EVT_738492,2026-07-30 13:41:21,CMP_103,B2B SaaS Trial,Display,impression,0.0049,0.0
EVT_747880,2026-07-29 06:38:53,CMP_103,B2B SaaS Trial,Display,q1_25,0.0,0.0
EVT_550002,2026-07-29 10:16:19,CMP_101,Summer Apparel,OLV,impression,0.0044,0.0
EVT_989180,2026-07-30 09:14:41,CMP_103,B2B SaaS Trial,Display,q4_100,0.0,0.0
EVT_519533,2026-07-30 10:44:02,CMP_101,Summer Apparel,OLV,q1_25,0.0,0.0
EVT_650820,2026-07-30 03:18:52,CMP_102,Tech Gadgets Launch,CTV,q1_25,0.0,0.0
EVT_204850,2026-07-30 07:39:58,CMP_103,B2B SaaS Trial,Display,impression,0.0109,0.0
EVT_251802,2026-07-29 15:27:57,CMP_102,Tech Gadgets Launch,CTV,impression,0.0076,0.0
EVT_245651,2026-07-29 09:14:50,CMP_101,Summer Apparel,OLV,click,0.0,0.0
EVT_941926,2026-07-28 22:07:19,CMP_103,B2B SaaS Trial,Display,impression,0.0117,0.0
EVT_605528,2026-07-30 22:54:49,CMP_101,Summer Apparel,OLV,q3_75,0.0,0.0
EVT_541899,2026-07-29 04:03:20,CMP_101,Summer Apparel,OLV,impression,0.0071,0.0
EVT_418034,2026-07-31 15:33:07,CMP_102,Tech Gadgets Launch,CTV,impression,0.0146,0.0
EVT_916529,2026-07-31 20:33:24,CMP_102,Tech Gadgets Launch,CTV,impression,0.0031,0.0
EVT_515972,2026-07-29 13:09:31,CMP_101,Summer Apparel,OLV,impression,0.0109,0.0
EVT_372067,2026-07-29 22:06:50,CMP_102,Tech Gadgets Launch,CTV,q2_50,0.0,0.0
EVT_438574,2026-07-29 12:22:40,CMP_103,B2B SaaS Trial,Display,impression,0.0026,0.0
EVT_958441,2026-07-31 00:22:13,CMP_103,B2B SaaS Trial,Display,q4_100,0.0,0.0
EVT_803121,2026-07-29 12:56:14,CMP_103,B2B SaaS Trial,Display,impression,0.0087,0.0
EVT_534055,2026-07-29 04:34:30,CMP_101,Summer Apparel,OLV,impression,0.0122,0.0
EVT_274790,2026-07-29 03:56:58,CMP_102,Tech Gadgets Launch,CTV,q4_100,0.0,0.0
EVT_857463,2026-07-28 21:32:29,CMP_101,Summer Apparel,OLV,impression,0.0104,0.0
EVT_506788,2026-07-31 01:59:43,CMP_103,B2B SaaS Trial,Display,impression,0.014,0.0
EVT_432907,2026-07-29 08:59:10,CMP_101,Summer Apparel,OLV,impression,0.0048,0.0
EVT_606684,2026-07-30 05:40:21,CMP_101,Summer Apparel,OLV,q3_75,0.0,0.0
EVT_210149,2026-07-29 05:23:46,CMP_103,B2B SaaS Trial,Display,q2_50,0.0,0.0
EVT_364319,2026-07-30 13:58:24,CMP_101,Summer Apparel,OLV,q3_75,0.0,0.0
EVT_559146,2026-07-31 05:45:04,CMP_101,Summer Apparel,OLV,impression,0.0032,0.0
EVT_548596,2026-07-31 04:14:08,CMP_102,Tech Gadgets Launch,CTV,q3_75,0.0,0.0
EVT_279637,2026-07-29 01:01:20,CMP_103,B2B SaaS Trial,Display,q1_25,0.0,0.0
EVT_369122,2026-07-29 03:58:17,CMP_101,Summer Apparel,OLV,impression,0.011,0.0
EVT_108810,2026-07-29 03:05:58,CMP_103,B2B SaaS Trial,Display,q3_75,0.0,0.0
EVT_530695,2026-07-29 11:23:45,CMP_101,Summer Apparel,OLV,q4_100,0.0,0.0
EVT_453007,2026-07-30 16:26:27,CMP_101,Summer Apparel,OLV,q1_25,0.0,0.0
EVT_919907,2026-07-30 18:55:47,CMP_101,Summer Apparel,OLV,q1_25,0.0,0.0
EVT_484392,2026-07-30 22:14:19,CMP_101,Summer Apparel,OLV,impression,0.006,0.0
EVT_736731,2026-07-29 18:27:17,CMP_101,Summer Apparel,OLV,q4_100,0.0,0.0
EVT_599231,2026-07-31 13:27:54,CMP_101,Summer Apparel,OLV,impression,0.0107,0.0
EVT_954626,2026-07-31 03:26:48,CMP_103,B2B SaaS Trial,Display,q2_50,0.0,0.0
EVT_589447,2026-07-30 20:20:50,CMP_102,Tech Gadgets Launch,CTV,q2_50,0.0,0.0
EVT_522422,2026-07-30 14:44:47,CMP_103,B2B SaaS Trial,Display,impression,0.0057,0.0
EVT_586888,2026-07-30 17:26:01,CMP_103,B2B SaaS Trial,Display,q1_25,0.0,0.0
EVT_787167,2026-07-29 22:05:18,CMP_101,Summer Apparel,OLV,impression,0.01,0.0
EVT_322951,2026-07-29 03:25:40,CMP_101,Summer Apparel,OLV,impression,0.0079,0.0
EVT_259746,2026-07-31 07:48:27,CMP_101,Summer Apparel,OLV,impression,0.0054,0.0
EVT_547552,2026-07-29 13:15:05,CMP_102,Tech Gadgets Launch,CTV,impression,0.0118,0.0
EVT_672394,2026-07-30 03:46:10,CMP_101,Summer Apparel,OLV,q1_25,0.0,0.0
EVT_371553,2026-07-30 13:26:36,CMP_103,B2B SaaS Trial,Display,q2_50,0.0,0.0
EVT_950796,2026-07-30 14:00:42,CMP_103,B2B SaaS Trial,Display,q4_100,0.0,0.0
EVT_776786,2026-07-30 01:51:57,CMP_102,Tech Gadgets Launch,CTV,impression,0.003,0.0
EVT_441408,2026-07-29 16:17:00,CMP_102,Tech Gadgets Launch,CTV,q1_25,0.0,0.0
EVT_446206,2026-07-31 06:46:38,CMP_101,Summer Apparel,OLV,impression,0.0088,0.0
EVT_739795,2026-07-29 08:09:23,CMP_102,Tech Gadgets Launch,CTV,impression,0.0039,0.0
EVT_577033,2026-07-30 15:56:55,CMP_103,B2B SaaS Trial,Display,impression,0.0061,0.0
EVT_380560,2026-07-30 21:49:03,CMP_103,B2B SaaS Trial,Display,impression,0.0111,0.0
EVT_639820,2026-07-30 06:54:56,CMP_103,B2B SaaS Trial,Display,q1_25,0.0,0.0
EVT_192694,2026-07-31 01:04:30,CMP_103,B2B SaaS Trial,Display,impression,0.0092,0.0
EVT_306375,2026-07-29 14:29:09,CMP_102,Tech Gadgets Launch,CTV,q1_25,0.0,0.0
EVT_379513,2026-07-31 18:58:13,CMP_103,B2B SaaS Trial,Display,impression,0.0136,0.0
EVT_446525,2026-07-30 20:33:05,CMP_103,B2B SaaS Trial,Display,impression,0.0096,0.0
EVT_986151,2026-07-29 17:23:32,CMP_101,Summer Apparel,OLV,q1_25,0.0,0.0
EVT_444541,2026-07-30 00:23:55,CMP_101,Summer Apparel,OLV,click,0.0,0.0
EVT_262764,2026-07-29 16:55:43,CMP_102,Tech Gadgets Launch,CTV,impression,0.0029,0.0
EVT_462512,2026-07-30 07:23:20,CMP_101,Summer Apparel,OLV,q2_50,0.0,0.0
EVT_339737,2026-07-30 10:52:03,CMP_102,Tech Gadgets Launch,CTV,q1_25,0.0,0.0
EVT_930572,2026-07-31 13:47:39,CMP_103,B2B SaaS Trial,Display,impression,0.0101,0.0
EVT_743788,2026-07-31 15:00:23,CMP_101,Summer Apparel,OLV,impression,0.0149,0.0
EVT_172334,2026-07-30 15:17:47,CMP_103,B2B SaaS Trial,Display,q1_25,0.0,0.0
EVT_131577,2026-07-31 09:09:19,CMP_101,Summer Apparel,OLV,impression,0.0133,0.0
EVT_271283,2026-07-31 01:59:25,CMP_103,B2B SaaS Trial,Display,q1_25,0.0,0.0
EVT_257488,2026-07-31 20:12:23,CMP_102,Tech Gadgets Launch,CTV,impression,0.0122,0.0
EVT_306965,2026-07-29 15:43:42,CMP_101,Summer Apparel,OLV,q2_50,0.0,0.0
EVT_704445,2026-07-31 19:12:38,CMP_103,B2B SaaS Trial,Display,impression,0.0139,0.0
EVT_161041,2026-07-29 17:17:25,CMP_101,Summer Apparel,OLV,impression,0.0094,0.0
EVT_545770,2026-07-30 02:24:22,CMP_103,B2B SaaS Trial,Display,q1_25,0.0,0.0
EVT_974934,2026-07-29 13:36:54,CMP_101,Summer Apparel,OLV,q2_50,0.0,0.0
EVT_700086,2026-07-30 20:24:24,CMP_102,Tech Gadgets Launch,CTV,impression,0.009,0.0
EVT_146773,2026-07-31 15:15:57,CMP_102,Tech Gadgets Launch,CTV,impression,0.0063,0.0
EVT_133224,2026-07-29 17:00:48,CMP_103,B2B SaaS Trial,Display,impression,0.0061,0.0
EVT_812558,2026-07-30 22:18:35,CMP_103,B2B SaaS Trial,Display,q1_25,0.0,0.0
EVT_140008,2026-07-31 20:07:04,CMP_102,Tech Gadgets Launch,CTV,q1_25,0.0,0.0
EVT_992294,2026-07-31 07:55:41,CMP_103,B2B SaaS Trial,Display,q1_25,0.0,0.0
EVT_562525,2026-07-29 07:49:53,CMP_101,Summer Apparel,OLV,q2_50,0.0,0.0
EVT_335979,2026-07-29 00:48:38,CMP_103,B2B SaaS Trial,Display,impression,0.0049,0.0
EVT_307279,2026-07-30 22:28:13,CMP_101,Summer Apparel,OLV,impression,0.013,0.0
EVT_424899,2026-07-29 20:25:03,CMP_103,B2B SaaS Trial,Display,impression,0.0147,0.0
EVT_782421,2026-07-31 19:42:01,CMP_101,Summer Apparel,OLV,impression,0.0139,0.0
EVT_256216,2026-07-30 02:01:02,CMP_101,Summer Apparel,OLV,q2_50,0.0,0.0
EVT_233629,2026-07-29 17:49:32,CMP_103,B2B SaaS Trial,Display,q1_25,0.0,0.0
EVT_316947,2026-07-30 18:22:41,CMP_102,Tech Gadgets Launch,CTV,impression,0.0104,0.0
EVT_388982,2026-07-28 21:41:00,CMP_101,Summer Apparel,OLV,impression,0.0114,0.0
EVT_670732,2026-07-31 00:46:48,CMP_101,Summer Apparel,OLV,q2_50,0.0,0.0
EVT_707055,2026-07-29 08:13:27,CMP_101,Summer Apparel,OLV,q1_25,0.0,0.0
EVT_966673,2026-07-30 01:43:49,CMP_102,Tech Gadgets Launch,CTV,impression,0.0101,0.0
EVT_280203,2026-07-31 06:01:44,CMP_102,Tech Gadgets Launch,CTV,click,0.0,0.0
EVT_652003,2026-07-29 23:03:07,CMP_103,B2B SaaS Trial,Display,impression,0.0048,0.0
EVT_395617,2026-07-29 13:00:47,CMP_101,Summer Apparel,OLV,impression,0.0117,0.0
EVT_945898,2026-07-29 14:58:30,CMP_101,Summer Apparel,OLV,q2_50,0.0,0.0
EVT_739600,2026-07-31 06:16:03,CMP_103,B2B SaaS Trial,Display,q2_50,0.0,0.0
EVT_836723,2026-07-29 03:41:10,CMP_102,Tech Gadgets Launch,CTV,impression,0.0083,0.0
EVT_777058,2026-07-30 08:40:23,CMP_103,B2B SaaS Trial,Display,impression,0.0073,0.0
EVT_778560,2026-07-30 11:04:14,CMP_102,Tech Gadgets Launch,CTV,q2_50,0.0,0.0
EVT_656464,2026-07-30 14:25:50,CMP_103,B2B SaaS Trial,Display,impression,0.0073,0.0
EVT_979821,2026-07-31 15:00:11,CMP_102,Tech Gadgets Launch,CTV,impression,0.0028,0.0
EVT_111933,2026-07-29 20:36:48,CMP_102,Tech Gadgets Launch,CTV,q1_25,0.0,0.0
EVT_999303,2026-07-29 06:01:35,CMP_101,Summer Apparel,OLV,impression,0.0132,0.0
EVT_517856,2026-07-29 23:15:33,CMP_102,Tech Gadgets Launch,CTV,q1_25,0.0,0.0
EVT_415933,2026-07-29 21:04:48,CMP_101,Summer Apparel,OLV,impression,0.0033,0.0
EVT_322156,2026-07-31 18:27:54,CMP_101,Summer Apparel,OLV,impression,0.005,0.0
EVT_349323,2026-07-31 11:39:05,CMP_103,B2B SaaS Trial,Display,impression,0.0108,0.0
EVT_118356,2026-07-30 11:26:15,CMP_101,Summer Apparel,OLV,q1_25,0.0,0.0
EVT_661535,2026-07-29 22:12:36,CMP_101,Summer Apparel,OLV,q2_50,0.0,0.0
EVT_399288,2026-07-30 07:37:28,CMP_101,Summer Apparel,OLV,q2_50,0.0,0.0
EVT_889181,2026-07-30 08:57:51,CMP_103,B2B SaaS Trial,Display,impression,0.0028,0.0
EVT_933551,2026-07-29 12:02:53,CMP_103,B2B SaaS Trial,Display,q1_25,0.0,0.0
EVT_223879,2026-07-30 09:18:50,CMP_103,B2B SaaS Trial,Display,impression,0.0131,0.0
EVT_797295,2026-07-29 09:40:48,CMP_102,Tech Gadgets Launch,CTV,q1_25,0.0,0.0
EVT_728868,2026-07-29 11:03:26,CMP_101,Summer Apparel,OLV,q2_50,0.0,0.0
EVT_425729,2026-07-29 20:34:25,CMP_103,B2B SaaS Trial,Display,impression,0.0142,0.0
EVT_591746,2026-07-31 02:36:09,CMP_103,B2B SaaS Trial,Display,q2_50,0.0,0.0
EVT_745786,2026-07-31 08:26:19,CMP_102,Tech Gadgets Launch,CTV,impression,0.0093,0.0
EVT_394701,2026-07-29 22:05:05,CMP_102,Tech Gadgets Launch,CTV,q1_25,0.0,0.0
EVT_651518,2026-07-31 14:59:36,CMP_102,Tech Gadgets Launch,CTV,impression,0.015,0.0
EVT_922069,2026-07-29 11:49:23,CMP_102,Tech Gadgets Launch,CTV,impression,0.0073,0.0
EVT_965636,2026-07-31 10:51:48,CMP_102,Tech Gadgets Launch,CTV,impression,0.008,0.0
EVT_525218,2026-07-31 16:58:14,CMP_101,Summer Apparel,OLV,q2_50,0.0,0.0
EVT_875112,2026-07-30 22:50:43,CMP_101,Summer Apparel,OLV,impression,0.0113,0.0
EVT_156932,2026-07-30 05:35:23,CMP_101,Summer Apparel,OLV,q1_25,0.0,0.0
EVT_322254,2026-07-31 02:28:07,CMP_102,Tech Gadgets Launch,CTV,q2_50,0.0,0.0
EVT_601750,2026-07-31 16:17:29,CMP_103,B2B SaaS Trial,Display,impression,0.0114,0.0
EVT_370762,2026-07-29 09:09:48,CMP_101,Summer Apparel,OLV,q3_75,0.0,0.0
EVT_732521,2026-07-29 05:42:45,CMP_103,B2B SaaS Trial,Display,q1_25,0.0,0.0
EVT_647548,2026-07-30 03:43:48,CMP_101,Summer Apparel,OLV,q2_50,0.0,0.0
EVT_674798,2026-07-30 00:35:28,CMP_102,Tech Gadgets Launch,CTV,q2_50,0.0,0.0
EVT_735727,2026-07-30 17:27:27,CMP_101,Summer Apparel,OLV,q1_25,0.0,0.0
EVT_125146,2026-07-29 15:58:21,CMP_101,Summer Apparel,OLV,impression,0.0024,0.0
EVT_432480,2026-07-31 09:19:14,CMP_101,Summer Apparel,OLV,impression,0.0038,0.0
EVT_116450,2026-07-30 20:09:18,CMP_103,B2B SaaS Trial,Display,q2_50,0.0,0.0
EVT_313054,2026-07-29 00:00:23,CMP_103,B2B SaaS Trial,Display,q3_75,0.0,0.0
EVT_590709,2026-07-30 00:24:09,CMP_102,Tech Gadgets Launch,CTV,q1_25,0.0,0.0
EVT_260243,2026-07-30 00:50:39,CMP_102,Tech Gadgets Launch,CTV,q4_100,0.0,0.0
EVT_246655,2026-07-28 22:09:11,CMP_101,Summer Apparel,OLV,impression,0.0144,0.0
EVT_133226,2026-07-31 16:32:04,CMP_102,Tech Gadgets Launch,CTV,q1_25,0.0,0.0
EVT_365067,2026-07-30 14:52:42,CMP_103,B2B SaaS Trial,Display,impression,0.0035,0.0
EVT_466733,2026-07-29 11:01:04,CMP_102,Tech Gadgets Launch,CTV,impression,0.0053,0.0
EVT_287928,2026-07-31 09:26:18,CMP_103,B2B SaaS Trial,Display,q2_50,0.0,0.0
EVT_548455,2026-07-30 18:38:10,CMP_101,Summer Apparel,OLV,q2_50,0.0,0.0
EVT_506381,2026-07-31 07:35:18,CMP_103,B2B SaaS Trial,Display,impression,0.0032,0.0
EVT_818981,2026-07-31 17:46:10,CMP_101,Summer Apparel,OLV,q3_75,0.0,0.0
EVT_398805,2026-07-30 01:06:49,CMP_101,Summer Apparel,OLV,q2_50,0.0,0.0
EVT_752554,2026-07-30 10:44:45,CMP_103,B2B SaaS Trial,Display,q2_50,0.0,0.0
EVT_469481,2026-07-30 10:53:08,CMP_101,Summer Apparel,OLV,q2_50,0.0,0.0
EVT_757670,2026-07-30 14:16:28,CMP_101,Summer Apparel,OLV,impression,0.0104,0.0
EVT_858697,2026-07-30 06:15:43,CMP_101,Summer Apparel,OLV,q2_50,0.0,0.0
EVT_557504,2026-07-29 22:17:30,CMP_103,B2B SaaS Trial,Display,q2_50,0.0,0.0
EVT_610861,2026-07-30 12:29:01,CMP_102,Tech Gadgets Launch,CTV,q1_25,0.0,0.0
EVT_821764,2026-07-29 11:41:14,CMP_102,Tech Gadgets Launch,CTV,q2_50,0.0,0.0
EVT_777234,2026-07-29 09:11:19,CMP_102,Tech Gadgets Launch,CTV,conversion,0.0,50.19
EVT_497335,2026-07-29 17:19:16,CMP_101,Summer Apparel,OLV,impression,0.0114,0.0
EVT_532209,2026-07-30 06:57:54,CMP_103,B2B SaaS Trial,Display,q2_50,0.0,0.0
EVT_925098,2026-07-29 18:39:40,CMP_103,B2B SaaS Trial,Display,q2_50,0.0,0.0
EVT_315470,2026-07-30 14:37:13,CMP_103,B2B SaaS Trial,Display,q3_75,0.0,0.0
EVT_982882,2026-07-31 07:41:39,CMP_101,Summer Apparel,OLV,q2_50,0.0,0.0
EVT_455152,2026-07-31 16:33:19,CMP_103,B2B SaaS Trial,Display,impression,0.0096,0.0
EVT_505608,2026-07-30 16:31:24,CMP_102,Tech Gadgets Launch,CTV,impression,0.0092,0.0
EVT_814630,2026-07-30 12:47:27,CMP_103,B2B SaaS Trial,Display,impression,0.0137,0.0
EVT_277959,2026-07-31 13:39:03,CMP_101,Summer Apparel,OLV,q2_50,0.0,0.0
EVT_749817,2026-07-29 16:05:54,CMP_101,Summer Apparel,OLV,q1_25,0.0,0.0
EVT_396147,2026-07-29 20:17:12,CMP_103,B2B SaaS Trial,Display,impression,0.0042,0.0
EVT_881731,2026-07-29 21:10:25,CMP_102,Tech Gadgets Launch,CTV,q1_25,0.0,0.0
EVT_481538,2026-07-29 14:26:46,CMP_102,Tech Gadgets Launch,CTV,impression,0.0073,0.0
EVT_554040,2026-07-30 19:09:31,CMP_102,Tech Gadgets Launch,CTV,q1_25,0.0,0.0
EVT_247732,2026-07-31 06:42:37,CMP_103,B2B SaaS Trial,Display,impression,0.0091,0.0
EVT_890200,2026-07-29 12:14:21,CMP_102,Tech Gadgets Launch,CTV,impression,0.0116,0.0
EVT_425077,2026-07-28 21:14:07,CMP_102,Tech Gadgets Launch,CTV,impression,0.0128,0.0
EVT_398958,2026-07-30 17:01:22,CMP_103,B2B SaaS Trial,Display,impression,0.0143,0.0
EVT_445389,2026-07-29 15:47:12,CMP_103,B2B SaaS Trial,Display,q1_25,0.0,0.0
EVT_271439,2026-07-29 18:31:25,CMP_101,Summer Apparel,OLV,impression,0.0071,0.0
EVT_171964,2026-07-30 23:09:17,CMP_101,Summer Apparel,OLV,impression,0.0138,0.0
EVT_118839,2026-07-31 02:23:30,CMP_102,Tech Gadgets Launch,CTV,q3_75,0.0,0.0
EVT_621654,2026-07-31 02:47:34,CMP_101,Summer Apparel,OLV,impression,0.0038,0.0
EVT_753209,2026-07-31 19:42:18,CMP_101,Summer Apparel,OLV,q2_50,0.0,0.0
EVT_929230,2026-07-30 09:06:49,CMP_103,B2B SaaS Trial,Display,impression,0.0123,0.0
EVT_379019,2026-07-29 21:49:38,CMP_103,B2B SaaS Trial,Display,q1_25,0.0,0.0
EVT_977063,2026-07-29 02:59:37,CMP_102,Tech Gadgets Launch,CTV,impression,0.0033,0.0
EVT_734788,2026-07-30 02:16:45,CMP_103,B2B SaaS Trial,Display,impression,0.015,0.0
EVT_482406,2026-07-31 11:10:22,CMP_101,Summer Apparel,OLV,q3_75,0.0,0.0
EVT_878179,2026-07-31 15:36:32,CMP_101,Summer Apparel,OLV,q2_50,0.0,0.0
EVT_326287,2026-07-29 19:38:55,CMP_101,Summer Apparel,OLV,q1_25,0.0,0.0
EVT_160478,2026-07-31 18:33:51,CMP_102,Tech Gadgets Launch,CTV,conversion,0.0,110.41
EVT_622082,2026-07-29 03:01:59,CMP_102,Tech Gadgets Launch,CTV,q2_50,0.0,0.0
EVT_741952,2026-07-31 08:58:12,CMP_101,Summer Apparel,OLV,q3_75,0.0,0.0
EVT_240448,2026-07-31 07:10:46,CMP_101,Summer Apparel,OLV,q2_50,0.0,0.0
EVT_408047,2026-07-29 19:49:36,CMP_101,Summer Apparel,OLV,click,0.0,0.0
EVT_370635,2026-07-31 15:39:48,CMP_101,Summer Apparel,OLV,q1_25,0.0,0.0
EVT_851857,2026-07-30 07:06:30,CMP_102,Tech Gadgets Launch,CTV,impression,0.0056,0.0
EVT_608178,2026-07-29 00:00:32,CMP_101,Summer Apparel,OLV,impression,0.0076,0.0
EVT_782550,2026-07-30 20:13:00,CMP_101,Summer Apparel,OLV,q1_25,0.0,0.0
EVT_869992,2026-07-28 22:32:09,CMP_102,Tech Gadgets Launch,CTV,impression,0.0021,0.0
EVT_657834,2026-07-29 13:32:36,CMP_101,Summer Apparel,OLV,impression,0.0048,0.0
EVT_633056,2026-07-29 10:30:16,CMP_101,Summer Apparel,OLV,q1_25,0.0,0.0
EVT_174954,2026-07-29 04:07:21,CMP_103,B2B SaaS Trial,Display,impression,0.0073,0.0
EVT_570291,2026-07-30 20:42:26,CMP_103,B2B SaaS Trial,Display,impression,0.0097,0.0
EVT_660875,2026-07-30 11:46:53,CMP_102,Tech Gadgets Launch,CTV,impression,0.008,0.0
EVT_174557,2026-07-31 08:07:17,CMP_101,Summer Apparel,OLV,q1_25,0.0,0.0
EVT_724604,2026-07-30 09:18:22,CMP_102,Tech Gadgets Launch,CTV,q3_75,0.0,0.0
EVT_148161,2026-07-30 04:04:51,CMP_102,Tech Gadgets Launch,CTV,impression,0.0085,0.0
EVT_212082,2026-07-29 14:36:33,CMP_102,Tech Gadgets Launch,CTV,q3_75,0.0,0.0
EVT_649891,2026-07-29 21:39:53,CMP_101,Summer Apparel,OLV,impression,0.0045,0.0
EVT_905540,2026-07-29 07:18:44,CMP_101,Summer Apparel,OLV,impression,0.0088,0.0
EVT_194193,2026-07-29 06:43:59,CMP_101,Summer Apparel,OLV,q3_75,0.0,0.0
EVT_279171,2026-07-31 05:14:41,CMP_102,Tech Gadgets Launch,CTV,impression,0.0039,0.0
EVT_233269,2026-07-29 22:40:39,CMP_101,Summer Apparel,OLV,impression,0.0037,0.0
EVT_323425,2026-07-30 19:55:39,CMP_103,B2B SaaS Trial,Display,q1_25,0.0,0.0
EVT_924589,2026-07-30 00:05:42,CMP_101,Summer Apparel,OLV,impression,0.0023,0.0
EVT_730434,2026-07-30 08:39:15,CMP_101,Summer Apparel,OLV,impression,0.0069,0.0
EVT_224965,2026-07-30 03:11:28,CMP_103,B2B SaaS Trial,Display,q1_25,0.0,0.0
EVT_961052,2026-07-29 13:36:06,CMP_101,Summer Apparel,OLV,impression,0.0146,0.0
EVT_754883,2026-07-31 01:50:55,CMP_103,B2B SaaS Trial,Display,conversion,0.0,86.9
EVT_126409,2026-07-31 12:44:24,CMP_101,Summer Apparel,OLV,q2_50,0.0,0.0
EVT_559231,2026-07-30 17:19:03,CMP_102,Tech Gadgets Launch,CTV,impression,0.0044,0.0
EVT_705852,2026-07-28 22:00:40,CMP_103,B2B SaaS Trial,Display,q1_25,0.0,0.0
EVT_203796,2026-07-29 12:55:10,CMP_103,B2B SaaS Trial,Display,q3_75,0.0,0.0
EVT_220968,2026-07-28 23:32:58,CMP_101,Summer Apparel,OLV,q3_75,0.0,0.0
EVT_461353,2026-07-30 03:29:18,CMP_103,B2B SaaS Trial,Display,q3_75,0.0,0.0
EVT_654187,2026-07-31 02:24:38,CMP_103,B2B SaaS Trial,Display,q2_50,0.0,0.0
EVT_837973,2026-07-28 22:52:12,CMP_102,Tech Gadgets Launch,CTV,impression,0.0139,0.0
EVT_106384,2026-07-31 10:05:02,CMP_101,Summer Apparel,OLV,q2_50,0.0,0.0
EVT_859830,2026-07-29 05:10:50,CMP_101,Summer Apparel,OLV,q1_25,0.0,0.0
EVT_960415,2026-07-31 15:30:07,CMP_103,B2B SaaS Trial,Display,q2_50,0.0,0.0
EVT_597370,2026-07-29 17:06:36,CMP_103,B2B SaaS Trial,Display,impression,0.0028,0.0
EVT_497723,2026-07-30 12:13:22,CMP_102,Tech Gadgets Launch,CTV,impression,0.0065,0.0
EVT_731760,2026-07-30 03:05:26,CMP_101,Summer Apparel,OLV,impression,0.0111,0.0
EVT_182708,2026-07-30 07:07:58,CMP_103,B2B SaaS Trial,Display,q1_25,0.0,0.0
EVT_361662,2026-07-29 01:16:14,CMP_103,B2B SaaS Trial,Display,q2_50,0.0,0.0
EVT_543865,2026-07-29 19:28:29,CMP_101,Summer Apparel,OLV,impression,0.0068,0.0
EVT_109237,2026-07-28 23:37:20,CMP_101,Summer Apparel,OLV,impression,0.014,0.0
EVT_824054,2026-07-31 08:36:30,CMP_101,Summer Apparel,OLV,impression,0.008,0.0
EVT_306337,2026-07-29 09:11:44,CMP_101,Summer Apparel,OLV,q2_50,0.0,0.0
EVT_499418,2026-07-31 12:11:24,CMP_103,B2B SaaS Trial,Display,q1_25,0.0,0.0
EVT_134454,2026-07-31 06:23:23,CMP_101,Summer Apparel,OLV,q2_50,0.0,0.0
EVT_911369,2026-07-31 16:15:57,CMP_102,Tech Gadgets Launch,CTV,impression,0.007,0.0
EVT_649342,2026-07-30 08:06:59,CMP_102,Tech Gadgets Launch,CTV,impression,0.0128,0.0
EVT_415167,2026-07-31 13:24:43,CMP_103,B2B SaaS Trial,Display,q1_25,0.0,0.0
EVT_462703,2026-07-29 16:01:10,CMP_103,B2B SaaS Trial,Display,q3_75,0.0,0.0
EVT_809864,2026-07-30 13:35:53,CMP_101,Summer Apparel,OLV,q1_25,0.0,0.0
EVT_202522,2026-07-31 08:54:07,CMP_103,B2B SaaS Trial,Display,q2_50,0.0,0.0
EVT_745639,2026-07-31 18:24:18,CMP_102,Tech Gadgets Launch,CTV,impression,0.0094,0.0
EVT_760910,2026-07-30 05:52:58,CMP_103,B2B SaaS Trial,Display,q2_50,0.0,0.0
EVT_646572,2026-07-30 02:42:51,CMP_101,Summer Apparel,OLV,impression,0.0053,0.0
EVT_241702,2026-07-29 16:07:19,CMP_101,Summer Apparel,OLV,q1_25,0.0,0.0
EVT_166460,2026-07-28 22:02:54,CMP_103,B2B SaaS Trial,Display,q1_25,0.0,0.0
EVT_614469,2026-07-30 16:42:18,CMP_103,B2B SaaS Trial,Display,impression,0.0022,0.0
EVT_471681,2026-07-28 20:50:09,CMP_102,Tech Gadgets Launch,CTV,impression,0.0118,0.0
EVT_846222,2026-07-30 04:27:37,CMP_102,Tech Gadgets Launch,CTV,impression,0.0118,0.0
EVT_958562,2026-07-31 00:53:56,CMP_101,Summer Apparel,OLV,impression,0.0038,0.0
EVT_427861,2026-07-29 15:46:08,CMP_102,Tech Gadgets Launch,CTV,impression,0.0058,0.0
EVT_857195,2026-07-30 18:31:00,CMP_101,Summer Apparel,OLV,q1_25,0.0,0.0
EVT_660905,2026-07-31 15:53:39,CMP_101,Summer Apparel,OLV,q1_25,0.0,0.0
EVT_747114,2026-07-30 19:42:50,CMP_102,Tech Gadgets Launch,CTV,q4_100,0.0,0.0
EVT_682528,2026-07-31 07:24:14,CMP_101,Summer Apparel,OLV,impression,0.0145,0.0
EVT_478617,2026-07-31 15:27:50,CMP_103,B2B SaaS Trial,Display,impression,0.0032,0.0
EVT_254649,2026-07-29 22:13:11,CMP_102,Tech Gadgets Launch,CTV,q1_25,0.0,0.0
EVT_955981,2026-07-30 23:47:06,CMP_101,Summer Apparel,OLV,impression,0.0043,0.0
EVT_588923,2026-07-30 16:47:48,CMP_103,B2B SaaS Trial,Display,q3_75,0.0,0.0
EVT_124598,2026-07-31 14:30:42,CMP_102,Tech Gadgets Launch,CTV,impression,0.0021,0.0
EVT_470451,2026-07-29 22:32:10,CMP_101,Summer Apparel,OLV,q1_25,0.0,0.0
EVT_595214,2026-07-29 11:19:12,CMP_102,Tech Gadgets Launch,CTV,q3_75,0.0,0.0
EVT_632848,2026-07-31 12:52:19,CMP_101,Summer Apparel,OLV,q1_25,0.0,0.0
EVT_811675,2026-07-29 01:21:49,CMP_101,Summer Apparel,OLV,q1_25,0.0,0.0
EVT_330920,2026-07-31 05:59:05,CMP_102,Tech Gadgets Launch,CTV,q1_25,0.0,0.0
EVT_619641,2026-07-31 00:19:14,CMP_103,B2B SaaS Trial,Display,q1_25,0.0,0.0
EVT_522672,2026-07-29 16:49:25,CMP_101,Summer Apparel,OLV,impression,0.0087,0.0
EVT_314456,2026-07-29 20:41:29,CMP_102,Tech Gadgets Launch,CTV,impression,0.0032,0.0
EVT_164345,2026-07-29 15:19:51,CMP_102,Tech Gadgets Launch,CTV,click,0.0,0.0
EVT_445294,2026-07-31 01:17:49,CMP_103,B2B SaaS Trial,Display,conversion,0.0,109.77
EVT_854240,2026-07-28 22:53:11,CMP_103,B2B SaaS Trial,Display,q1_25,0.0,0.0
EVT_358590,2026-07-30 10:50:46,CMP_102,Tech Gadgets Launch,CTV,impression,0.0062,0.0
EVT_935238,2026-07-29 22:15:46,CMP_103,B2B SaaS Trial,Display,impression,0.0068,0.0
EVT_444664,2026-07-30 19:40:29,CMP_101,Summer Apparel,OLV,q1_25,0.0,0.0
EVT_379955,2026-07-29 05:54:28,CMP_101,Summer Apparel,OLV,impression,0.0061,0.0
EVT_507194,2026-07-31 11:19:09,CMP_102,Tech Gadgets Launch,CTV,impression,0.015,0.0
EVT_556292,2026-07-30 18:04:25,CMP_101,Summer Apparel,OLV,impression,0.005,0.0
EVT_529299,2026-07-30 19:39:44,CMP_101,Summer Apparel,OLV,q2_50,0.0,0.0
EVT_800103,2026-07-31 00:29:23,CMP_101,Summer Apparel,OLV,impression,0.0141,0.0
EVT_693360,2026-07-30 10:43:53,CMP_101,Summer Apparel,OLV,impression,0.0063,0.0
EVT_347085,2026-07-29 19:32:40,CMP_103,B2B SaaS Trial,Display,q4_100,0.0,0.0
EVT_849048,2026-07-29 08:07:54,CMP_101,Summer Apparel,OLV,q2_50,0.0,0.0
EVT_620415,2026-07-29 20:42:23,CMP_102,Tech Gadgets Launch,CTV,impression,0.0144,0.0
EVT_925193,2026-07-28 22:25:16,CMP_102,Tech Gadgets Launch,CTV,impression,0.0118,0.0
EVT_880959,2026-07-30 17:58:36,CMP_101,Summer Apparel,OLV,impression,0.0038,0.0
EVT_963741,2026-07-30 17:45:22,CMP_103,B2B SaaS Trial,Display,q1_25,0.0,0.0
EVT_357780,2026-07-30 20:16:21,CMP_101,Summer Apparel,OLV,q1_25,0.0,0.0
EVT_441892,2026-07-29 20:13:29,CMP_101,Summer Apparel,OLV,impression,0.0028,0.0
EVT_175025,2026-07-30 11:28:27,CMP_102,Tech Gadgets Launch,CTV,impression,0.0053,0.0
EVT_500533,2026-07-29 03:52:25,CMP_101,Summer Apparel,OLV,impression,0.0045,0.0
EVT_464467,2026-07-30 21:22:07,CMP_101,Summer Apparel,OLV,impression,0.0059,0.0
EVT_406903,2026-07-28 23:20:29,CMP_102,Tech Gadgets Launch,CTV,q1_25,0.0,0.0
EVT_557112,2026-07-30 18:48:19,CMP_102,Tech Gadgets Launch,CTV,q2_50,0.0,0.0
EVT_294099,2026-07-31 18:13:27,CMP_102,Tech Gadgets Launch,CTV,impression,0.0086,0.0
EVT_630315,2026-07-28 20:38:31,CMP_103,B2B SaaS Trial,Display,impression,0.0123,0.0
EVT_182468,2026-07-30 11:02:10,CMP_103,B2B SaaS Trial,Display,q1_25,0.0,0.0
EVT_360187,2026-07-31 01:30:56,CMP_103,B2B SaaS Trial,Display,impression,0.0083,0.0
EVT_818205,2026-07-29 08:10:33,CMP_102,Tech Gadgets Launch,CTV,q1_25,0.0,0.0
EVT_171198,2026-07-29 17:29:39,CMP_103,B2B SaaS Trial,Display,impression,0.0126,0.0
EVT_436273,2026-07-29 03:31:15,CMP_103,B2B SaaS Trial,Display,impression,0.0052,0.0
EVT_365592,2026-07-29 21:14:03,CMP_103,B2B SaaS Trial,Display,q2_50,0.0,0.0
EVT_616721,2026-07-30 21:13:54,CMP_102,Tech Gadgets Launch,CTV,q2_50,0.0,0.0
EVT_879230,2026-07-29 21:25:28,CMP_103,B2B SaaS Trial,Display,impression,0.0044,0.0
EVT_548434,2026-07-30 05:14:53,CMP_101,Summer Apparel,OLV,q2_50,0.0,0.0
EVT_566882,2026-07-31 08:36:02,CMP_103,B2B SaaS Trial,Display,q1_25,0.0,0.0
EVT_586825,2026-07-29 22:15:52,CMP_103,B2B SaaS Trial,Display,impression,0.0043,0.0
EVT_862787,2026-07-29 00:24:34,CMP_102,Tech Gadgets Launch,CTV,impression,0.0138,0.0
EVT_748835,2026-07-31 14:33:41,CMP_102,Tech Gadgets Launch,CTV,impression,0.0054,0.0
EVT_402016,2026-07-30 04:53:51,CMP_102,Tech Gadgets Launch,CTV,impression,0.0126,0.0
EVT_169213,2026-07-29 18:24:47,CMP_103,B2B SaaS Trial,Display,impression,0.0108,0.0
EVT_993309,2026-07-31 07:42:19,CMP_102,Tech Gadgets Launch,CTV,impression,0.0076,0.0
EVT_755679,2026-07-29 07:57:10,CMP_103,B2B SaaS Trial,Display,impression,0.0081,0.0
EVT_637996,2026-07-30 01:51:11,CMP_102,Tech Gadgets Launch,CTV,impression,0.0112,0.0
EVT_178792,2026-07-31 11:13:48,CMP_102,Tech Gadgets Launch,CTV,impression,0.014,0.0
EVT_482005,2026-07-28 23:00:11,CMP_103,B2B SaaS Trial,Display,click,0.0,0.0
EVT_663727,2026-07-30 03:59:44,CMP_101,Summer Apparel,OLV,impression,0.0112,0.0
EVT_362310,2026-07-30 16:53:35,CMP_102,Tech Gadgets Launch,CTV,impression,0.0143,0.0
EVT_889035,2026-07-30 21:06:09,CMP_101,Summer Apparel,OLV,impression,0.0022,0.0
EVT_310973,2026-07-29 09:32:25,CMP_101,Summer Apparel,OLV,impression,0.0037,0.0
EVT_503492,2026-07-29 21:14:10,CMP_103,B2B SaaS Trial,Display,q2_50,0.0,0.0
EVT_633076,2026-07-29 15:38:59,CMP_102,Tech Gadgets Launch,CTV,click,0.0,0.0
EVT_829501,2026-07-29 14:14:17,CMP_101,Summer Apparel,OLV,impression,0.0124,0.0
EVT_630978,2026-07-29 07:50:52,CMP_103,B2B SaaS Trial,Display,q1_25,0.0,0.0
EVT_526210,2026-07-30 17:09:10,CMP_103,B2B SaaS Trial,Display,impression,0.0072,0.0
EVT_953101,2026-07-29 00:29:44,CMP_102,Tech Gadgets Launch,CTV,impression,0.0143,0.0
EVT_191978,2026-07-29 10:21:58,CMP_101,Summer Apparel,OLV,impression,0.0053,0.0
EVT_617663,2026-07-30 14:44:11,CMP_101,Summer Apparel,OLV,q2_50,0.0,0.0
EVT_103662,2026-07-29 17:27:07,CMP_103,B2B SaaS Trial,Display,q2_50,0.0,0.0
EVT_128251,2026-07-31 04:13:05,CMP_101,Summer Apparel,OLV,click,0.0,0.0
EVT_725296,2026-07-29 17:58:04,CMP_101,Summer Apparel,OLV,q2_50,0.0,0.0
EVT_418954,2026-07-30 18:23:52,CMP_103,B2B SaaS Trial,Display,impression,0.0088,0.0
EVT_367826,2026-07-29 02:53:23,CMP_102,Tech Gadgets Launch,CTV,impression,0.0131,0.0
EVT_701264,2026-07-31 19:58:16,CMP_103,B2B SaaS Trial,Display,q1_25,0.0,0.0
EVT_455346,2026-07-30 02:44:04,CMP_101,Summer Apparel,OLV,impression,0.0102,0.0
EVT_296200,2026-07-31 00:08:32,CMP_102,Tech Gadgets Launch,CTV,impression,0.012,0.0
EVT_368861,2026-07-31 18:48:21,CMP_103,B2B SaaS Trial,Display,q3_75,0.0,0.0
EVT_118030,2026-07-31 03:41:31,CMP_103,B2B SaaS Trial,Display,q4_100,0.0,0.0
EVT_501522,2026-07-29 07:38:34,CMP_103,B2B SaaS Trial,Display,impression,0.0057,0.0
EVT_625317,2026-07-29 03:19:44,CMP_103,B2B SaaS Trial,Display,q1_25,0.0,0.0
EVT_706613,2026-07-31 18:51:58,CMP_102,Tech Gadgets Launch,CTV,impression,0.0022,0.0
EVT_302385,2026-07-29 08:57:00,CMP_103,B2B SaaS Trial,Display,q2_50,0.0,0.0
EVT_524545,2026-07-31 06:14:19,CMP_101,Summer Apparel,OLV,q1_25,0.0,0.0
EVT_339220,2026-07-29 00:44:02,CMP_101,Summer Apparel,OLV,q1_25,0.0,0.0
EVT_632865,2026-07-30 16:59:01,CMP_103,B2B SaaS Trial,Display,q2_50,0.0,0.0
EVT_754038,2026-07-30 02:00:48,CMP_103,B2B SaaS Trial,Display,q4_100,0.0,0.0
EVT_905454,2026-07-30 05:04:47,CMP_101,Summer Apparel,OLV,q1_25,0.0,0.0
EVT_999189,2026-07-29 20:27:07,CMP_101,Summer Apparel,OLV,impression,0.014,0.0
EVT_468923,2026-07-29 20:57:28,CMP_102,Tech Gadgets Launch,CTV,q1_25,0.0,0.0
EVT_204181,2026-07-29 22:23:58,CMP_103,B2B SaaS Trial,Display,q2_50,0.0,0.0
EVT_813807,2026-07-31 13:11:44,CMP_101,Summer Apparel,OLV,q1_25,0.0,0.0
EVT_554415,2026-07-29 15:16:11,CMP_103,B2B SaaS Trial,Display,impression,0.0073,0.0
EVT_591176,2026-07-30 22:40:59,CMP_103,B2B SaaS Trial,Display,impression,0.0085,0.0
EVT_628566,2026-07-31 00:27:24,CMP_102,Tech Gadgets Launch,CTV,impression,0.0116,0.0
EVT_318929,2026-07-30 08:17:58,CMP_102,Tech Gadgets Launch,CTV,impression,0.011,0.0
EVT_113259,2026-07-29 00:55:59,CMP_101,Summer Apparel,OLV,q2_50,0.0,0.0
EVT_853986,2026-07-28 21:45:20,CMP_102,Tech Gadgets Launch,CTV,impression,0.0086,0.0
EVT_774947,2026-07-30 13:58:29,CMP_101,Summer Apparel,OLV,q2_50,0.0,0.0
EVT_889501,2026-07-31 08:06:25,CMP_103,B2B SaaS Trial,Display,q2_50,0.0,0.0
EVT_994004,2026-07-29 18:15:13,CMP_103,B2B SaaS Trial,Display,impression,0.0057,0.0
EVT_612004,2026-07-31 16:18:37,CMP_102,Tech Gadgets Launch,CTV,impression,0.0025,0.0
EVT_473616,2026-07-30 16:33:35,CMP_103,B2B SaaS Trial,Display,q1_25,0.0,0.0
EVT_821151,2026-07-31 20:28:24,CMP_102,Tech Gadgets Launch,CTV,impression,0.0023,0.0
EVT_178510,2026-07-30 08:30:19,CMP_102,Tech Gadgets Launch,CTV,impression,0.0037,0.0
EVT_187613,2026-07-29 00:25:30,CMP_102,Tech Gadgets Launch,CTV,q4_100,0.0,0.0
EVT_935946,2026-07-30 23:00:36,CMP_102,Tech Gadgets Launch,CTV,impression,0.0062,0.0
EVT_325390,2026-07-29 19:35:56,CMP_102,Tech Gadgets Launch,CTV,conversion,0.0,35.04
EVT_193380,2026-07-30 15:55:57,CMP_103,B2B SaaS Trial,Display,impression,0.0047,0.0
EVT_662960,2026-07-31 03:31:52,CMP_102,Tech Gadgets Launch,CTV,q2_50,0.0,0.0
EVT_962240,2026-07-30 22:54:26,CMP_102,Tech Gadgets Launch,CTV,q2_50,0.0,0.0
EVT_989679,2026-07-30 03:02:11,CMP_102,Tech Gadgets Launch,CTV,impression,0.0135,0.0
EVT_334156,2026-07-31 17:22:08,CMP_103,B2B SaaS Trial,Display,q1_25,0.0,0.0
EVT_174854,2026-07-31 07:04:56,CMP_103,B2B SaaS Trial,Display,impression,0.0136,0.0
EVT_267338,2026-07-29 02:18:09,CMP_103,B2B SaaS Trial,Display,impression,0.0142,0.0
EVT_835763,2026-07-31 20:26:08,CMP_101,Summer Apparel,OLV,impression,0.0077,0.0
EVT_839711,2026-07-31 12:38:27,CMP_102,Tech Gadgets Launch,CTV,q1_25,0.0,0.0
EVT_211730,2026-07-29 08:00:27,CMP_101,Summer Apparel,OLV,q1_25,0.0,0.0
EVT_153200,2026-07-29 05:56:13,CMP_103,B2B SaaS Trial,Display,impression,0.0127,0.0
EVT_965460,2026-07-30 11:53:07,CMP_103,B2B SaaS Trial,Display,q3_75,0.0,0.0
EVT_390695,2026-07-30 08:16:02,CMP_102,Tech Gadgets Launch,CTV,q1_25,0.0,0.0
EVT_443340,2026-07-29 15:46:03,CMP_102,Tech Gadgets Launch,CTV,impression,0.0079,0.0
EVT_931827,2026-07-30 13:19:10,CMP_103,B2B SaaS Trial,Display,q2_50,0.0,0.0
EVT_659311,2026-07-31 05:59:57,CMP_103,B2B SaaS Trial,Display,impression,0.0091,0.0
EVT_578674,2026-07-29 00:44:12,CMP_102,Tech Gadgets Launch,CTV,impression,0.0144,0.0
EVT_899022,2026-07-31 09:07:57,CMP_102,Tech Gadgets Launch,CTV,impression,0.0116,0.0
EVT_502992,2026-07-31 12:20:37,CMP_102,Tech Gadgets Launch,CTV,impression,0.0112,0.0
EVT_743424,2026-07-30 00:16:14,CMP_103,B2B SaaS Trial,Display,impression,0.0079,0.0
EVT_467417,2026-07-28 23:52:44,CMP_102,Tech Gadgets Launch,CTV,impression,0.0127,0.0
EVT_167409,2026-07-31 18:37:28,CMP_102,Tech Gadgets Launch,CTV,impression,0.0148,0.0
EVT_646201,2026-07-30 03:17:00,CMP_103,B2B SaaS Trial,Display,impression,0.0062,0.0
EVT_144948,2026-07-31 07:27:44,CMP_101,Summer Apparel,OLV,q2_50,0.0,0.0
EVT_141063,2026-07-31 18:16:18,CMP_103,B2B SaaS Trial,Display,impression,0.0075,0.0
EVT_586641,2026-07-31 08:03:06,CMP_103,B2B SaaS Trial,Display,q4_100,0.0,0.0
EVT_995270,2026-07-30 16:29:02,CMP_101,Summer Apparel,OLV,impression,0.0033,0.0
EVT_384106,2026-07-29 23:44:10,CMP_102,Tech Gadgets Launch,CTV,q1_25,0.0,0.0
EVT_786643,2026-07-30 21:45:41,CMP_102,Tech Gadgets Launch,CTV,impression,0.0105,0.0
EVT_642059,2026-07-29 09:17:15,CMP_102,Tech Gadgets Launch,CTV,impression,0.0042,0.0
EVT_770402,2026-07-29 08:57:01,CMP_102,Tech Gadgets Launch,CTV,impression,0.0045,0.0
EVT_306137,2026-07-30 19:39:59,CMP_103,B2B SaaS Trial,Display,impression,0.0046,0.0
EVT_869123,2026-07-28 21:03:43,CMP_103,B2B SaaS Trial,Display,impression,0.0143,0.0
EVT_645110,2026-07-31 17:10:05,CMP_103,B2B SaaS Trial,Display,click,0.0,0.0
EVT_150704,2026-07-31 09:42:54,CMP_102,Tech Gadgets Launch,CTV,q1_25,0.0,0.0
EVT_453360,2026-07-29 08:00:49,CMP_101,Summer Apparel,OLV,impression,0.0132,0.0
EVT_378540,2026-07-31 04:41:33,CMP_101,Summer Apparel,OLV,q1_25,0.0,0.0
EVT_984664,2026-07-31 10:43:13,CMP_101,Summer Apparel,OLV,impression,0.0072,0.0
EVT_478200,2026-07-31 03:32:12,CMP_103,B2B SaaS Trial,Display,impression,0.0121,0.0
EVT_379820,2026-07-30 04:07:35,CMP_102,Tech Gadgets Launch,CTV,q2_50,0.0,0.0
EVT_324959,2026-07-30 23:10:05,CMP_101,Summer Apparel,OLV,impression,0.0049,0.0
EVT_453996,2026-07-31 11:45:38,CMP_102,Tech Gadgets Launch,CTV,impression,0.011,0.0
EVT_752138,2026-07-29 00:02:16,CMP_103,B2B SaaS Trial,Display,q3_75,0.0,0.0
EVT_187839,2026-07-31 12:10:14,CMP_101,Summer Apparel,OLV,impression,0.0038,0.0
EVT_594821,2026-07-31 01:11:33,CMP_101,Summer Apparel,OLV,impression,0.0053,0.0
EVT_135854,2026-07-29 06:14:18,CMP_102,Tech Gadgets Launch,CTV,q3_75,0.0,0.0
EVT_725514,2026-07-31 15:30:09,CMP_103,B2B SaaS Trial,Display,q2_50,0.0,0.0
EVT_824827,2026-07-30 18:20:04,CMP_103,B2B SaaS Trial,Display,impression,0.0067,0.0
EVT_867807,2026-07-30 07:36:14,CMP_102,Tech Gadgets Launch,CTV,impression,0.0135,0.0
EVT_502126,2026-07-28 22:57:48,CMP_101,Summer Apparel,OLV,impression,0.0072,0.0
EVT_611749,2026-07-30 22:16:30,CMP_102,Tech Gadgets Launch,CTV,q1_25,0.0,0.0
EVT_416351,2026-07-29 12:50:27,CMP_102,Tech Gadgets Launch,CTV,impression,0.0146,0.0
EVT_813925,2026-07-30 23:52:28,CMP_103,B2B SaaS Trial,Display,q1_25,0.0,0.0
EVT_660924,2026-07-31 13:08:34,CMP_102,Tech Gadgets Launch,CTV,impression,0.0083,0.0
EVT_267797,2026-07-29 12:31:20,CMP_101,Summer Apparel,OLV,impression,0.012,0.0
EVT_101967,2026-07-31 12:59:15,CMP_103,B2B SaaS Trial,Display,impression,0.0069,0.0
EVT_919759,2026-07-29 15:01:35,CMP_103,B2B SaaS Trial,Display,impression,0.0047,0.0
EVT_302858,2026-07-30 15:01:33,CMP_101,Summer Apparel,OLV,impression,0.006,0.0
EVT_672226,2026-07-30 08:06:50,CMP_101,Summer Apparel,OLV,impression,0.0074,0.0
EVT_293631,2026-07-31 06:00:48,CMP_103,B2B SaaS Trial,Display,q1_25,0.0,0.0
EVT_181821,2026-07-30 00:42:05,CMP_103,B2B SaaS Trial,Display,impression,0.0135,0.0
EVT_797559,2026-07-29 13:02:47,CMP_103,B2B SaaS Trial,Display,q2_50,0.0,0.0
EVT_194684,2026-07-29 12:40:04,CMP_102,Tech Gadgets Launch,CTV,q2_50,0.0,0.0
EVT_296204,2026-07-30 04:44:40,CMP_101,Summer Apparel,OLV,q1_25,0.0,0.0
EVT_721190,2026-07-31 14:21:45,CMP_103,B2B SaaS Trial,Display,q4_100,0.0,0.0
EVT_527971,2026-07-30 01:46:05,CMP_101,Summer Apparel,OLV,impression,0.003,0.0
EVT_989328,2026-07-29 09:44:51,CMP_102,Tech Gadgets Launch,CTV,impression,0.0083,0.0
EVT_596690,2026-07-30 11:43:02,CMP_103,B2B SaaS Trial,Display,q1_25,0.0,0.0
EVT_659733,2026-07-31 06:26:35,CMP_101,Summer Apparel,OLV,q2_50,0.0,0.0
EVT_553332,2026-07-29 18:02:22,CMP_101,Summer Apparel,OLV,impression,0.0146,0.0
EVT_953717,2026-07-31 20:24:16,CMP_102,Tech Gadgets Launch,CTV,impression,0.0041,0.0
EVT_290756,2026-07-28 22:46:17,CMP_102,Tech Gadgets Launch,CTV,impression,0.0099,0.0
EVT_599716,2026-07-28 23:11:47,CMP_103,B2B SaaS Trial,Display,impression,0.0071,0.0
EVT_446114,2026-07-31 08:07:23,CMP_102,Tech Gadgets Launch,CTV,impression,0.0124,0.0
EVT_419084,2026-07-29 08:34:31,CMP_102,Tech Gadgets Launch,CTV,q1_25,0.0,0.0
EVT_131497,2026-07-29 13:10:01,CMP_102,Tech Gadgets Launch,CTV,click,0.0,0.0
EVT_484994,2026-07-28 23:10:57,CMP_103,B2B SaaS Trial,Display,click,0.0,0.0
EVT_598639,2026-07-29 01:09:43,CMP_103,B2B SaaS Trial,Display,impression,0.0119,0.0
EVT_824347,2026-07-30 17:21:09,CMP_103,B2B SaaS Trial,Display,q2_50,0.0,0.0
EVT_375301,2026-07-31 14:56:09,CMP_101,Summer Apparel,OLV,q2_50,0.0,0.0
EVT_531919,2026-07-29 20:53:42,CMP_101,Summer Apparel,OLV,q4_100,0.0,0.0
EVT_622089,2026-07-30 03:36:51,CMP_102,Tech Gadgets Launch,CTV,impression,0.0073,0.0
EVT_516111,2026-07-30 04:06:44,CMP_103,B2B SaaS Trial,Display,impression,0.0148,0.0
EVT_851927,2026-07-31 06:59:31,CMP_102,Tech Gadgets Launch,CTV,impression,0.0075,0.0
EVT_722642,2026-07-28 21:17:10,CMP_103,B2B SaaS Trial,Display,q1_25,0.0,0.0
EVT_596180,2026-07-30 23:30:39,CMP_101,Summer Apparel,OLV,impression,0.0115,0.0
EVT_704637,2026-07-30 18:12:57,CMP_101,Summer Apparel,OLV,impression,0.0111,0.0
EVT_468929,2026-07-30 05:16:16,CMP_101,Summer Apparel,OLV,click,0.0,0.0
EVT_706268,2026-07-30 21:46:03,CMP_103,B2B SaaS Trial,Display,impression,0.0108,0.0
EVT_213240,2026-07-29 18:05:45,CMP_102,Tech Gadgets Launch,CTV,q1_25,0.0,0.0
EVT_315974,2026-07-29 07:22:51,CMP_101,Summer Apparel,OLV,impression,0.0054,0.0
EVT_617959,2026-07-29 18:45:57,CMP_103,B2B SaaS Trial,Display,impression,0.007,0.0
EVT_359527,2026-07-30 22:20:12,CMP_103,B2B SaaS Trial,Display,q1_25,0.0,0.0
EVT_704904,2026-07-30 20:57:10,CMP_101,Summer Apparel,OLV,impression,0.0095,0.0
EVT_596907,2026-07-29 02:02:49,CMP_101,Summer Apparel,OLV,q3_75,0.0,0.0
EVT_119841,2026-07-29 15:05:44,CMP_102,Tech Gadgets Launch,CTV,q3_75,0.0,0.0
EVT_355501,2026-07-29 17:42:56,CMP_101,Summer Apparel,OLV,q3_75,0.0,0.0
EVT_738657,2026-07-31 01:29:59,CMP_101,Summer Apparel,OLV,q1_25,0.0,0.0
EVT_571227,2026-07-30 14:50:29,CMP_102,Tech Gadgets Launch,CTV,impression,0.0096,0.0
EVT_211792,2026-07-30 12:57:58,CMP_101,Summer Apparel,OLV,q3_75,0.0,0.0
EVT_630896,2026-07-30 11:10:41,CMP_102,Tech Gadgets Launch,CTV,q3_75,0.0,0.0
EVT_196410,2026-07-28 22:22:54,CMP_101,Summer Apparel,OLV,impression,0.0126,0.0
EVT_373854,2026-07-31 15:27:13,CMP_103,B2B SaaS Trial,Display,q3_75,0.0,0.0
EVT_419803,2026-07-31 10:21:18,CMP_102,Tech Gadgets Launch,CTV,q4_100,0.0,0.0
EVT_370686,2026-07-29 01:56:52,CMP_101,Summer Apparel,OLV,impression,0.0115,0.0
EVT_453956,2026-07-29 22:58:51,CMP_103,B2B SaaS Trial,Display,impression,0.0095,0.0
EVT_568972,2026-07-30 18:00:43,CMP_103,B2B SaaS Trial,Display,q1_25,0.0,0.0
EVT_761509,2026-07-31 03:00:31,CMP_101,Summer Apparel,OLV,impression,0.0129,0.0
EVT_187804,2026-07-31 12:50:54,CMP_102,Tech Gadgets Launch,CTV,impression,0.0059,0.0
EVT_228620,2026-07-31 03:41:16,CMP_102,Tech Gadgets Launch,CTV,q1_25,0.0,0.0
EVT_998116,2026-07-29 19:19:10,CMP_103,B2B SaaS Trial,Display,q1_25,0.0,0.0
EVT_334215,2026-07-29 01:57:15,CMP_101,Summer Apparel,OLV,q1_25,0.0,0.0
EVT_542794,2026-07-31 07:47:03,CMP_101,Summer Apparel,OLV,q1_25,0.0,0.0
EVT_453019,2026-07-29 12:58:33,CMP_103,B2B SaaS Trial,Display,q1_25,0.0,0.0
EVT_998182,2026-07-31 14:05:49,CMP_101,Summer Apparel,OLV,impression,0.0094,0.0
EVT_341960,2026-07-30 11:18:03,CMP_103,B2B SaaS Trial,Display,q1_25,0.0,0.0
EVT_355002,2026-07-29 13:57:04,CMP_101,Summer Apparel,OLV,q2_50,0.0,0.0
EVT_315255,2026-07-29 00:07:53,CMP_102,Tech Gadgets Launch,CTV,q1_25,0.0,0.0
EVT_280037,2026-07-29 19:52:21,CMP_102,Tech Gadgets Launch,CTV,impression,0.0145,0.0
EVT_679267,2026-07-30 18:39:44,CMP_102,Tech Gadgets Launch,CTV,q2_50,0.0,0.0
EVT_380864,2026-07-30 02:02:29,CMP_101,Summer Apparel,OLV,q1_25,0.0,0.0
EVT_348712,2026-07-31 11:52:32,CMP_101,Summer Apparel,OLV,impression,0.0056,0.0
EVT_514847,2026-07-31 05:15:50,CMP_102,Tech Gadgets Launch,CTV,impression,0.0149,0.0
EVT_614656,2026-07-31 20:09:28,CMP_102,Tech Gadgets Launch,CTV,q1_25,0.0,0.0
EVT_216979,2026-07-30 17:09:20,CMP_101,Summer Apparel,OLV,q2_50,0.0,0.0
EVT_317362,2026-07-30 21:49:07,CMP_103,B2B SaaS Trial,Display,impression,0.0024,0.0
EVT_666394,2026-07-28 21:36:53,CMP_101,Summer Apparel,OLV,impression,0.0029,0.0
EVT_510210,2026-07-29 19:15:03,CMP_103,B2B SaaS Trial,Display,impression,0.0114,0.0
EVT_102340,2026-07-31 10:48:54,CMP_103,B2B SaaS Trial,Display,q2_50,0.0,0.0
EVT_523667,2026-07-30 13:11:02,CMP_101,Summer Apparel,OLV,q4_100,0.0,0.0
EVT_174514,2026-07-31 04:23:22,CMP_103,B2B SaaS Trial,Display,click,0.0,0.0
EVT_707754,2026-07-28 20:52:49,CMP_103,B2B SaaS Trial,Display,q1_25,0.0,0.0
EVT_980105,2026-07-31 17:19:26,CMP_102,Tech Gadgets Launch,CTV,impression,0.008,0.0
EVT_490018,2026-07-28 21:07:06,CMP_102,Tech Gadgets Launch,CTV,q2_50,0.0,0.0
EVT_276401,2026-07-31 07:10:20,CMP_101,Summer Apparel,OLV,impression,0.0066,0.0
EVT_883059,2026-07-29 11:44:10,CMP_103,B2B SaaS Trial,Display,impression,0.0025,0.0
EVT_893536,2026-07-30 15:47:59,CMP_103,B2B SaaS Trial,Display,impression,0.0101,0.0
EVT_431726,2026-07-31 08:18:20,CMP_103,B2B SaaS Trial,Display,impression,0.0087,0.0
EVT_509714,2026-07-29 04:36:33,CMP_101,Summer Apparel,OLV,q1_25,0.0,0.0
EVT_845323,2026-07-29 16:36:18,CMP_101,Summer Apparel,OLV,q3_75,0.0,0.0
EVT_535436,2026-07-31 15:02:48,CMP_103,B2B SaaS Trial,Display,impression,0.0026,0.0
EVT_222661,2026-07-30 15:09:34,CMP_102,Tech Gadgets Launch,CTV,q2_50,0.0,0.0
EVT_614605,2026-07-31 13:22:50,CMP_103,B2B SaaS Trial,Display,q2_50,0.0,0.0
EVT_113293,2026-07-30 04:41:38,CMP_103,B2B SaaS Trial,Display,impression,0.0083,0.0
EVT_928316,2026-07-30 23:48:30,CMP_102,Tech Gadgets Launch,CTV,q3_75,0.0,0.0
EVT_249192,2026-07-31 14:38:15,CMP_101,Summer Apparel,OLV,impression,0.0133,0.0
EVT_107340,2026-07-30 13:29:19,CMP_102,Tech Gadgets Launch,CTV,impression,0.0126,0.0
EVT_520442,2026-07-31 08:34:16,CMP_101,Summer Apparel,OLV,q2_50,0.0,0.0
EVT_551982,2026-07-31 10:45:27,CMP_103,B2B SaaS Trial,Display,impression,0.0103,0.0
EVT_475876,2026-07-29 01:25:19,CMP_103,B2B SaaS Trial,Display,impression,0.0075,0.0
EVT_153410,2026-07-29 11:20:21,CMP_102,Tech Gadgets Launch,CTV,impression,0.0133,0.0
EVT_402181,2026-07-31 16:47:56,CMP_101,Summer Apparel,OLV,q1_25,0.0,0.0
EVT_901928,2026-07-29 09:02:46,CMP_102,Tech Gadgets Launch,CTV,impression,0.0086,0.0
EVT_426791,2026-07-30 15:20:48,CMP_103,B2B SaaS Trial,Display,impression,0.0054,0.0
EVT_479223,2026-07-29 23:45:51,CMP_102,Tech Gadgets Launch,CTV,impression,0.0101,0.0
EVT_368661,2026-07-29 03:28:39,CMP_101,Summer Apparel,OLV,q4_100,0.0,0.0
EVT_613433,2026-07-29 20:02:53,CMP_103,B2B SaaS Trial,Display,q2_50,0.0,0.0
EVT_713429,2026-07-29 15:33:52,CMP_101,Summer Apparel,OLV,q1_25,0.0,0.0
EVT_511310,2026-07-30 11:29:13,CMP_102,Tech Gadgets Launch,CTV,q1_25,0.0,0.0
EVT_924947,2026-07-30 09:50:02,CMP_102,Tech Gadgets Launch,CTV,impression,0.0095,0.0
EVT_782099,2026-07-30 02:01:28,CMP_101,Summer Apparel,OLV,q4_100,0.0,0.0
EVT_725094,2026-07-28 20:49:01,CMP_102,Tech Gadgets Launch,CTV,q1_25,0.0,0.0
EVT_165294,2026-07-28 22:33:57,CMP_101,Summer Apparel,OLV,impression,0.0054,0.0
EVT_269374,2026-07-30 06:13:48,CMP_102,Tech Gadgets Launch,CTV,impression,0.0038,0.0
EVT_492992,2026-07-30 23:51:02,CMP_101,Summer Apparel,OLV,impression,0.0097,0.0
EVT_145038,2026-07-29 05:40:25,CMP_102,Tech Gadgets Launch,CTV,q1_25,0.0,0.0
EVT_221092,2026-07-31 17:03:42,CMP_101,Summer Apparel,OLV,q2_50,0.0,0.0
EVT_422757,2026-07-30 09:15:22,CMP_101,Summer Apparel,OLV,impression,0.0102,0.0
EVT_756239,2026-07-29 21:11:38,CMP_101,Summer Apparel,OLV,q2_50,0.0,0.0
EVT_955378,2026-07-29 23:24:27,CMP_103,B2B SaaS Trial,Display,impression,0.0051,0.0
EVT_702908,2026-07-29 05:49:01,CMP_101,Summer Apparel,OLV,impression,0.0057,0.0
EVT_846260,2026-07-30 01:22:30,CMP_102,Tech Gadgets Launch,CTV,impression,0.0025,0.0
EVT_544740,2026-07-29 12:03:47,CMP_102,Tech Gadgets Launch,CTV,impression,0.0108,0.0
EVT_267431,2026-07-29 00:16:57,CMP_101,Summer Apparel,OLV,impression,0.0142,0.0
EVT_374525,2026-07-29 23:48:07,CMP_101,Summer Apparel,OLV,impression,0.0101,0.0
EVT_334348,2026-07-29 21:29:14,CMP_103,B2B SaaS Trial,Display,impression,0.0068,0.0
EVT_577654,2026-07-28 21:52:29,CMP_102,Tech Gadgets Launch,CTV,impression,0.0113,0.0
EVT_174539,2026-07-30 01:58:58,CMP_103,B2B SaaS Trial,Display,q2_50,0.0,0.0
EVT_189606,2026-07-31 09:55:38,CMP_101,Summer Apparel,OLV,q1_25,0.0,0.0
EVT_539849,2026-07-30 17:34:01,CMP_102,Tech Gadgets Launch,CTV,impression,0.0095,0.0
EVT_380700,2026-07-30 00:58:47,CMP_101,Summer Apparel,OLV,q2_50,0.0,0.0
EVT_907426,2026-07-31 05:25:03,CMP_103,B2B SaaS Trial,Display,q1_25,0.0,0.0
EVT_875457,2026-07-30 19:48:25,CMP_102,Tech Gadgets Launch,CTV,impression,0.0048,0.0
EVT_379579,2026-07-31 19:31:27,CMP_103,B2B SaaS Trial,Display,impression,0.0094,0.0
EVT_597572,2026-07-31 03:15:58,CMP_101,Summer Apparel,OLV,impression,0.01,0.0
EVT_311990,2026-07-31 12:08:53,CMP_101,Summer Apparel,OLV,q1_25,0.0,0.0
EVT_179088,2026-07-29 06:59:33,CMP_101,Summer Apparel,OLV,impression,0.0105,0.0
EVT_811695,2026-07-29 19:27:36,CMP_101,Summer Apparel,OLV,q2_50,0.0,0.0
EVT_171137,2026-07-28 20:47:28,CMP_102,Tech Gadgets Launch,CTV,q2_50,0.0,0.0
EVT_333054,2026-07-31 02:06:22,CMP_102,Tech Gadgets Launch,CTV,impression,0.0092,0.0
EVT_905298,2026-07-29 01:48:39,CMP_103,B2B SaaS Trial,Display,q3_75,0.0,0.0
EVT_503940,2026-07-31 04:16:55,CMP_101,Summer Apparel,OLV,impression,0.0149,0.0
EVT_478312,2026-07-29 12:31:41,CMP_103,B2B SaaS Trial,Display,q2_50,0.0,0.0
EVT_415407,2026-07-31 06:28:19,CMP_103,B2B SaaS Trial,Display,q1_25,0.0,0.0
EVT_597339,2026-07-30 10:55:12,CMP_102,Tech Gadgets Launch,CTV,impression,0.004,0.0
EVT_134242,2026-07-30 09:14:10,CMP_102,Tech Gadgets Launch,CTV,impression,0.0027,0.0
EVT_596904,2026-07-29 02:25:14,CMP_102,Tech Gadgets Launch,CTV,impression,0.0141,0.0
EVT_877690,2026-07-30 11:12:12,CMP_103,B2B SaaS Trial,Display,impression,0.0129,0.0
EVT_638874,2026-07-31 14:02:31,CMP_102,Tech Gadgets Launch,CTV,q2_50,0.0,0.0
EVT_139599,2026-07-29 22:07:03,CMP_102,Tech Gadgets Launch,CTV,q1_25,0.0,0.0
EVT_218536,2026-07-31 12:22:55,CMP_103,B2B SaaS Trial,Display,impression,0.0107,0.0
EVT_168892,2026-07-31 04:51:34,CMP_101,Summer Apparel,OLV,q4_100,0.0,0.0
EVT_929846,2026-07-30 06:01:08,CMP_103,B2B SaaS Trial,Display,q2_50,0.0,0.0
EVT_622800,2026-07-29 03:57:05,CMP_103,B2B SaaS Trial,Display,impression,0.0117,0.0
EVT_484877,2026-07-31 12:00:14,CMP_102,Tech Gadgets Launch,CTV,impression,0.0136,0.0
EVT_449022,2026-07-30 00:08:42,CMP_101,Summer Apparel,OLV,impression,0.0069,0.0
EVT_349011,2026-07-29 10:34:02,CMP_101,Summer Apparel,OLV,q1_25,0.0,0.0
EVT_123710,2026-07-30 15:40:16,CMP_101,Summer Apparel,OLV,q2_50,0.0,0.0
EVT_970440,2026-07-30 20:28:34,CMP_101,Summer Apparel,OLV,impression,0.0087,0.0
EVT_660271,2026-07-29 23:17:24,CMP_101,Summer Apparel,OLV,q3_75,0.0,0.0
EVT_959244,2026-07-31 10:58:19,CMP_101,Summer Apparel,OLV,q1_25,0.0,0.0
EVT_763252,2026-07-31 08:01:30,CMP_102,Tech Gadgets Launch,CTV,q1_25,0.0,0.0
EVT_793710,2026-07-29 19:28:37,CMP_103,B2B SaaS Trial,Display,q2_50,0.0,0.0
EVT_839837,2026-07-30 06:45:31,CMP_102,Tech Gadgets Launch,CTV,impression,0.0043,0.0
EVT_370196,2026-07-29 19:51:07,CMP_102,Tech Gadgets Launch,CTV,q2_50,0.0,0.0
EVT_730683,2026-07-31 07:42:59,CMP_101,Summer Apparel,OLV,impression,0.0051,0.0
EVT_791639,2026-07-29 07:04:04,CMP_103,B2B SaaS Trial,Display,impression,0.0092,0.0
EVT_534196,2026-07-29 07:52:53,CMP_102,Tech Gadgets Launch,CTV,q2_50,0.0,0.0
EVT_521561,2026-07-29 15:08:50,CMP_101,Summer Apparel,OLV,q4_100,0.0,0.0
EVT_369989,2026-07-29 07:02:07,CMP_103,B2B SaaS Trial,Display,q1_25,0.0,0.0
EVT_243186,2026-07-30 14:27:14,CMP_102,Tech Gadgets Launch,CTV,q4_100,0.0,0.0
EVT_139219,2026-07-31 09:37:53,CMP_103,B2B SaaS Trial,Display,impression,0.0144,0.0
EVT_672216,2026-07-31 00:06:01,CMP_103,B2B SaaS Trial,Display,q1_25,0.0,0.0
EVT_973175,2026-07-31 06:26:25,CMP_102,Tech Gadgets Launch,CTV,impression,0.0024,0.0
EVT_103724,2026-07-29 06:45:58,CMP_102,Tech Gadgets Launch,CTV,impression,0.0133,0.0
EVT_830546,2026-07-31 19:31:05,CMP_102,Tech Gadgets Launch,CTV,impression,0.0024,0.0
EVT_373394,2026-07-29 06:07:38,CMP_102,Tech Gadgets Launch,CTV,impression,0.0026,0.0
EVT_362958,2026-07-30 08:26:08,CMP_102,Tech Gadgets Launch,CTV,impression,0.0119,0.0
EVT_688804,2026-07-29 08:17:02,CMP_103,B2B SaaS Trial,Display,impression,0.0069,0.0
EVT_911512,2026-07-30 22:00:25,CMP_101,Summer Apparel,OLV,q1_25,0.0,0.0
EVT_453249,2026-07-29 12:57:02,CMP_102,Tech Gadgets Launch,CTV,impression,0.0146,0.0
EVT_626068,2026-07-29 14:09:32,CMP_102,Tech Gadgets Launch,CTV,impression,0.0021,0.0
EVT_146032,2026-07-31 12:43:03,CMP_102,Tech Gadgets Launch,CTV,click,0.0,0.0
EVT_136558,2026-07-29 06:00:06,CMP_101,Summer Apparel,OLV,q1_25,0.0,0.0
EVT_971771,2026-07-30 12:24:46,CMP_101,Summer Apparel,OLV,q4_100,0.0,0.0
EVT_571095,2026-07-31 09:25:42,CMP_102,Tech Gadgets Launch,CTV,impression,0.0054,0.0
EVT_937123,2026-07-30 22:00:16,CMP_102,Tech Gadgets Launch,CTV,q1_25,0.0,0.0
EVT_857871,2026-07-30 16:01:51,CMP_101,Summer Apparel,OLV,impression,0.0039,0.0
EVT_766434,2026-07-29 19:34:05,CMP_101,Summer Apparel,OLV,q1_25,0.0,0.0
EVT_184950,2026-07-31 17:28:36,CMP_101,Summer Apparel,OLV,impression,0.0062,0.0
EVT_734544,2026-07-30 17:28:24,CMP_101,Summer Apparel,OLV,q1_25,0.0,0.0
EVT_135806,2026-07-30 07:24:06,CMP_101,Summer Apparel,OLV,q3_75,0.0,0.0
EVT_564900,2026-07-29 14:20:46,CMP_101,Summer Apparel,OLV,impression,0.0132,0.0
EVT_119065,2026-07-30 00:37:35,CMP_101,Summer Apparel,OLV,q2_50,0.0,0.0
EVT_677699,2026-07-31 09:30:22,CMP_102,Tech Gadgets Launch,CTV,q4_100,0.0,0.0
EVT_116999,2026-07-29 07:55:48,CMP_103,B2B SaaS Trial,Display,impression,0.0056,0.0
EVT_626808,2026-07-31 08:56:41,CMP_103,B2B SaaS Trial,Display,impression,0.0061,0.0
EVT_338698,2026-07-31 17:47:01,CMP_101,Summer Apparel,OLV,q3_75,0.0,0.0
EVT_575759,2026-07-30 05:17:41,CMP_102,Tech Gadgets Launch,CTV,q2_50,0.0,0.0
EVT_565040,2026-07-31 06:22:42,CMP_102,Tech Gadgets Launch,CTV,impression,0.0104,0.0
EVT_403983,2026-07-30 14:47:13,CMP_102,Tech Gadgets Launch,CTV,q1_25,0.0,0.0
EVT_683999,2026-07-29 05:36:11,CMP_103,B2B SaaS Trial,Display,impression,0.0114,0.0
EVT_373550,2026-07-30 08:18:10,CMP_102,Tech Gadgets Launch,CTV,impression,0.0137,0.0
EVT_531217,2026-07-31 03:41:33,CMP_101,Summer Apparel,OLV,q1_25,0.0,0.0
EVT_344562,2026-07-30 05:11:01,CMP_101,Summer Apparel,OLV,impression,0.0102,0.0
EVT_100357,2026-07-31 14:44:35,CMP_101,Summer Apparel,OLV,impression,0.0139,0.0
EVT_637117,2026-07-29 12:23:24,CMP_101,Summer Apparel,OLV,q2_50,0.0,0.0
EVT_869622,2026-07-29 23:36:03,CMP_102,Tech Gadgets Launch,CTV,q1_25,0.0,0.0
EVT_996749,2026-07-30 00:14:18,CMP_101,Summer Apparel,OLV,impression,0.0032,0.0
EVT_468127,2026-07-29 03:13:30,CMP_101,Summer Apparel,OLV,impression,0.0033,0.0
EVT_654971,2026-07-31 17:03:22,CMP_101,Summer Apparel,OLV,impression,0.0129,0.0
EVT_742826,2026-07-31 14:01:27,CMP_103,B2B SaaS Trial,Display,q1_25,0.0,0.0
EVT_935537,2026-07-30 12:32:21,CMP_103,B2B SaaS Trial,Display,impression,0.0027,0.0
EVT_427178,2026-07-29 03:12:18,CMP_103,B2B SaaS Trial,Display,impression,0.0041,0.0
EVT_411157,2026-07-30 05:19:11,CMP_103,B2B SaaS Trial,Display,impression,0.0142,0.0
EVT_328895,2026-07-30 15:00:18,CMP_103,B2B SaaS Trial,Display,q1_25,0.0,0.0
EVT_642482,2026-07-29 23:18:15,CMP_103,B2B SaaS Trial,Display,impression,0.0033,0.0
EVT_319296,2026-07-30 02:24:44,CMP_103,B2B SaaS Trial,Display,q2_50,0.0,0.0
EVT_703914,2026-07-29 08:30:03,CMP_101,Summer Apparel,OLV,conversion,0.0,98.88
EVT_705277,2026-07-28 23:57:02,CMP_101,Summer Apparel,OLV,q2_50,0.0,0.0
EVT_412932,2026-07-29 19:59:59,CMP_102,Tech Gadgets Launch,CTV,impression,0.0035,0.0
EVT_701837,2026-07-31 04:13:39,CMP_101,Summer Apparel,OLV,impression,0.0144,0.0
EVT_519649,2026-07-30 11:04:50,CMP_102,Tech Gadgets Launch,CTV,q1_25,0.0,0.0
EVT_664522,2026-07-29 04:13:15,CMP_103,B2B SaaS Trial,Display,impression,0.0056,0.0
EVT_689371,2026-07-29 02:44:09,CMP_101,Summer Apparel,OLV,impression,0.0081,0.0
EVT_916285,2026-07-29 01:21:25,CMP_102,Tech Gadgets Launch,CTV,q2_50,0.0,0.0
EVT_651142,2026-07-28 21:18:19,CMP_102,Tech Gadgets Launch,CTV,impression,0.006,0.0
EVT_755970,2026-07-31 14:48:33,CMP_103,B2B SaaS Trial,Display,q3_75,0.0,0.0
EVT_662685,2026-07-29 20:03:23,CMP_101,Summer Apparel,OLV,q2_50,0.0,0.0
EVT_198351,2026-07-31 09:18:09,CMP_103,B2B SaaS Trial,Display,impression,0.0033,0.0
EVT_795587,2026-07-30 20:52:13,CMP_102,Tech Gadgets Launch,CTV,impression,0.0056,0.0
EVT_782759,2026-07-31 15:24:04,CMP_101,Summer Apparel,OLV,impression,0.0142,0.0
EVT_607163,2026-07-31 15:09:27,CMP_101,Summer Apparel,OLV,impression,0.0055,0.0
EVT_350663,2026-07-29 07:26:27,CMP_103,B2B SaaS Trial,Display,click,0.0,0.0
EVT_577725,2026-07-29 11:23:25,CMP_103,B2B SaaS Trial,Display,impression,0.0042,0.0
EVT_463662,2026-07-31 03:26:11,CMP_102,Tech Gadgets Launch,CTV,impression,0.0079,0.0
EVT_793142,2026-07-29 03:36:30,CMP_101,Summer Apparel,OLV,impression,0.0044,0.0
EVT_392712,2026-07-31 02:13:33,CMP_103,B2B SaaS Trial,Display,q3_75,0.0,0.0
EVT_849417,2026-07-31 16:37:03,CMP_103,B2B SaaS Trial,Display,impression,0.0142,0.0
EVT_706964,2026-07-29 11:21:13,CMP_102,Tech Gadgets Launch,CTV,impression,0.0112,0.0
EVT_833377,2026-07-30 21:41:07,CMP_102,Tech Gadgets Launch,CTV,impression,0.0081,0.0
EVT_579800,2026-07-31 14:51:11,CMP_103,B2B SaaS Trial,Display,impression,0.0063,0.0
EVT_140618,2026-07-29 01:18:34,CMP_101,Summer Apparel,OLV,impression,0.0063,0.0
EVT_790018,2026-07-30 17:36:01,CMP_101,Summer Apparel,OLV,q2_50,0.0,0.0
EVT_221916,2026-07-29 05:52:41,CMP_101,Summer Apparel,OLV,impression,0.0137,0.0
EVT_256671,2026-07-29 06:02:12,CMP_103,B2B SaaS Trial,Display,q2_50,0.0,0.0
EVT_495764,2026-07-30 16:48:33,CMP_101,Summer Apparel,OLV,impression,0.0032,0.0
EVT_305785,2026-07-29 22:21:54,CMP_101,Summer Apparel,OLV,impression,0.0135,0.0
EVT_229145,2026-07-31 10:44:56,CMP_101,Summer Apparel,OLV,impression,0.003,0.0
EVT_695832,2026-07-31 19:59:25,CMP_103,B2B SaaS Trial,Display,impression,0.0099,0.0
EVT_137488,2026-07-31 01:39:23,CMP_102,Tech Gadgets Launch,CTV,q1_25,0.0,0.0
EVT_192531,2026-07-29 18:14:45,CMP_101,Summer Apparel,OLV,q1_25,0.0,0.0
EVT_833348,2026-07-30 18:39:29,CMP_102,Tech Gadgets Launch,CTV,impression,0.0034,0.0
EVT_451522,2026-07-30 12:23:51,CMP_102,Tech Gadgets Launch,CTV,impression,0.0055,0.0
EVT_153952,2026-07-31 17:17:18,CMP_103,B2B SaaS Trial,Display,impression,0.0042,0.0
EVT_400685,2026-07-29 15:08:06,CMP_101,Summer Apparel,OLV,q3_75,0.0,0.0
EVT_551553,2026-07-31 00:23:31,CMP_101,Summer Apparel,OLV,impression,0.0143,0.0
EVT_363489,2026-07-30 04:46:13,CMP_101,Summer Apparel,OLV,q3_75,0.0,0.0
EVT_902764,2026-07-31 13:18:14,CMP_103,B2B SaaS Trial,Display,q1_25,0.0,0.0
EVT_685341,2026-07-30 02:51:14,CMP_101,Summer Apparel,OLV,impression,0.0073,0.0
EVT_556958,2026-07-30 05:54:35,CMP_102,Tech Gadgets Launch,CTV,q2_50,0.0,0.0
EVT_312809,2026-07-30 01:37:05,CMP_103,B2B SaaS Trial,Display,impression,0.0123,0.0
EVT_763992,2026-07-31 20:12:04,CMP_103,B2B SaaS Trial,Display,impression,0.0021,0.0
EVT_410791,2026-07-28 22:39:49,CMP_102,Tech Gadgets Launch,CTV,q1_25,0.0,0.0
EVT_701177,2026-07-30 08:29:22,CMP_101,Summer Apparel,OLV,q1_25,0.0,0.0
EVT_593911,2026-07-31 13:39:51,CMP_103,B2B SaaS Trial,Display,impression,0.0039,0.0
EVT_230839,2026-07-30 17:26:46,CMP_102,Tech Gadgets Launch,CTV,impression,0.0071,0.0
EVT_487721,2026-07-30 02:33:21,CMP_102,Tech Gadgets Launch,CTV,q2_50,0.0,0.0
EVT_630970,2026-07-29 10:04:44,CMP_101,Summer Apparel,OLV,impression,0.0022,0.0
EVT_949243,2026-07-30 11:46:14,CMP_102,Tech Gadgets Launch,CTV,q1_25,0.0,0.0
EVT_979776,2026-07-31 18:27:39,CMP_102,Tech Gadgets Launch,CTV,impression,0.0025,0.0
EVT_640919,2026-07-29 00:46:54,CMP_103,B2B SaaS Trial,Display,q2_50,0.0,0.0
EVT_359059,2026-07-30 00:52:48,CMP_102,Tech Gadgets Launch,CTV,q1_25,0.0,0.0
EVT_904600,2026-07-30 06:15:14,CMP_102,Tech Gadgets Launch,CTV,impression,0.013,0.0
EVT_105933,2026-07-31 09:04:49,CMP_101,Summer Apparel,OLV,impression,0.0036,0.0
EVT_341593,2026-07-30 00:39:32,CMP_103,B2B SaaS Trial,Display,impression,0.0085,0.0
EVT_340913,2026-07-31 07:45:54,CMP_103,B2B SaaS Trial,Display,impression,0.0073,0.0
EVT_983375,2026-07-29 02:38:15,CMP_101,Summer Apparel,OLV,q1_25,0.0,0.0
EVT_689657,2026-07-31 14:06:14,CMP_103,B2B SaaS Trial,Display,impression,0.0138,0.0
EVT_969948,2026-07-31 01:48:11,CMP_102,Tech Gadgets Launch,CTV,q1_25,0.0,0.0
EVT_603981,2026-07-29 23:30:28,CMP_103,B2B SaaS Trial,Display,impression,0.0057,0.0
EVT_800992,2026-07-29 02:50:48,CMP_101,Summer Apparel,OLV,impression,0.005,0.0
EVT_395841,2026-07-29 19:07:24,CMP_103,B2B SaaS Trial,Display,impression,0.0062,0.0
EVT_713382,2026-07-28 21:10:49,CMP_103,B2B SaaS Trial,Display,q3_75,0.0,0.0
EVT_755736,2026-07-29 18:41:19,CMP_102,Tech Gadgets Launch,CTV,q2_50,0.0,0.0
EVT_353160,2026-07-29 17:26:41,CMP_102,Tech Gadgets Launch,CTV,impression,0.0054,0.0
EVT_440579,2026-07-31 03:49:11,CMP_101,Summer Apparel,OLV,impression,0.0073,0.0
EVT_718187,2026-07-30 02:26:12,CMP_101,Summer Apparel,OLV,impression,0.0032,0.0
EVT_697758,2026-07-29 18:16:24,CMP_102,Tech Gadgets Launch,CTV,impression,0.0027,0.0
EVT_837697,2026-07-29 20:05:55,CMP_101,Summer Apparel,OLV,impression,0.0025,0.0
EVT_330179,2026-07-30 19:42:02,CMP_102,Tech Gadgets Launch,CTV,impression,0.0034,0.0
EVT_778894,2026-07-30 06:45:32,CMP_101,Summer Apparel,OLV,impression,0.0131,0.0
EVT_160996,2026-07-31 17:20:42,CMP_103,B2B SaaS Trial,Display,impression,0.0084,0.0
EVT_960197,2026-07-29 20:57:28,CMP_103,B2B SaaS Trial,Display,impression,0.0096,0.0
EVT_677970,2026-07-29 18:27:22,CMP_101,Summer Apparel,OLV,impression,0.0023,0.0
EVT_400365,2026-07-30 20:13:17,CMP_103,B2B SaaS Trial,Display,impression,0.0117,0.0
EVT_887198,2026-07-29 02:02:47,CMP_103,B2B SaaS Trial,Display,impression,0.006,0.0
EVT_914437,2026-07-29 06:29:24,CMP_101,Summer Apparel,OLV,impression,0.006,0.0
EVT_521137,2026-07-30 08:15:41,CMP_103,B2B SaaS Trial,Display,q2_50,0.0,0.0
EVT_778484,2026-07-31 04:02:21,CMP_102,Tech Gadgets Launch,CTV,impression,0.0024,0.0
EVT_212817,2026-07-29 22:49:18,CMP_102,Tech Gadgets Launch,CTV,q2_50,0.0,0.0
EVT_809459,2026-07-31 19:04:50,CMP_101,Summer Apparel,OLV,impression,0.0135,0.0
EVT_325829,2026-07-29 06:42:13,CMP_101,Summer Apparel,OLV,q4_100,0.0,0.0
EVT_558183,2026-07-29 10:12:02,CMP_103,B2B SaaS Trial,Display,q4_100,0.0,0.0
EVT_424960,2026-07-29 17:54:08,CMP_102,Tech Gadgets Launch,CTV,q1_25,0.0,0.0
EVT_815449,2026-07-29 07:50:35,CMP_102,Tech Gadgets Launch,CTV,impression,0.0125,0.0
EVT_817603,2026-07-31 05:50:03,CMP_103,B2B SaaS Trial,Display,impression,0.0074,0.0
EVT_523592,2026-07-29 12:31:10,CMP_103,B2B SaaS Trial,Display,q1_25,0.0,0.0
EVT_219781,2026-07-29 14:41:22,CMP_103,B2B SaaS Trial,Display,q3_75,0.0,0.0
EVT_981681,2026-07-31 03:11:12,CMP_102,Tech Gadgets Launch,CTV,q4_100,0.0,0.0
EVT_478542,2026-07-30 22:50:39,CMP_103,B2B SaaS Trial,Display,impression,0.0044,0.0
EVT_944139,2026-07-31 08:07:22,CMP_103,B2B SaaS Trial,Display,q2_50,0.0,0.0
EVT_849692,2026-07-30 17:59:31,CMP_101,Summer Apparel,OLV,q3_75,0.0,0.0
EVT_759673,2026-07-31 10:42:56,CMP_102,Tech Gadgets Launch,CTV,impression,0.0055,0.0
EVT_754389,2026-07-28 21:39:01,CMP_101,Summer Apparel,OLV,q3_75,0.0,0.0
EVT_675692,2026-07-29 21:23:47,CMP_102,Tech Gadgets Launch,CTV,q3_75,0.0,0.0
EVT_634533,2026-07-29 20:40:17,CMP_103,B2B SaaS Trial,Display,q1_25,0.0,0.0
EVT_241608,2026-07-29 19:39:42,CMP_102,Tech Gadgets Launch,CTV,q1_25,0.0,0.0
EVT_931066,2026-07-30 07:18:53,CMP_101,Summer Apparel,OLV,impression,0.0129,0.0
EVT_592334,2026-07-29 14:06:13,CMP_101,Summer Apparel,OLV,impression,0.013,0.0
EVT_521684,2026-07-29 08:45:56,CMP_101,Summer Apparel,OLV,impression,0.0038,0.0
EVT_572957,2026-07-30 23:01:04,CMP_103,B2B SaaS Trial,Display,impression,0.0035,0.0
EVT_148870,2026-07-29 22:09:37,CMP_103,B2B SaaS Trial,Display,click,0.0,0.0
EVT_895906,2026-07-29 08:32:53,CMP_102,Tech Gadgets Launch,CTV,impression,0.0035,0.0
EVT_546516,2026-07-31 11:04:43,CMP_101,Summer Apparel,OLV,q4_100,0.0,0.0
EVT_917071,2026-07-30 06:31:52,CMP_103,B2B SaaS Trial,Display,impression,0.0069,0.0
EVT_923975,2026-07-29 19:09:26,CMP_101,Summer Apparel,OLV,q1_25,0.0,0.0
EVT_880990,2026-07-29 15:15:51,CMP_103,B2B SaaS Trial,Display,q3_75,0.0,0.0
EVT_662787,2026-07-31 17:14:41,CMP_102,Tech Gadgets Launch,CTV,q3_75,0.0,0.0
EVT_695624,2026-07-29 21:36:44,CMP_103,B2B SaaS Trial,Display,impression,0.0075,0.0
EVT_472861,2026-07-31 04:37:34,CMP_103,B2B SaaS Trial,Display,click,0.0,0.0
EVT_595664,2026-07-30 18:24:05,CMP_102,Tech Gadgets Launch,CTV,impression,0.002,0.0
EVT_265582,2026-07-30 17:10:03,CMP_102,Tech Gadgets Launch,CTV,impression,0.0144,0.0
EVT_887356,2026-07-30 17:34:35,CMP_102,Tech Gadgets Launch,CTV,impression,0.0099,0.0
EVT_159181,2026-07-31 13:37:57,CMP_101,Summer Apparel,OLV,impression,0.0081,0.0
EVT_948435,2026-07-29 13:04:13,CMP_103,B2B SaaS Trial,Display,impression,0.0145,0.0
EVT_161325,2026-07-29 08:31:09,CMP_101,Summer Apparel,OLV,q2_50,0.0,0.0
EVT_890606,2026-07-29 07:18:58,CMP_103,B2B SaaS Trial,Display,impression,0.0076,0.0
EVT_814260,2026-07-31 18:36:06,CMP_101,Summer Apparel,OLV,impression,0.0024,0.0
EVT_925733,2026-07-28 22:12:33,CMP_101,Summer Apparel,OLV,impression,0.011,0.0
EVT_466986,2026-07-30 14:24:59,CMP_101,Summer Apparel,OLV,impression,0.011,0.0
EVT_513717,2026-07-28 23:10:55,CMP_102,Tech Gadgets Launch,CTV,impression,0.0036,0.0
EVT_571827,2026-07-29 05:35:15,CMP_103,B2B SaaS Trial,Display,impression,0.0046,0.0
EVT_319809,2026-07-30 23:31:20,CMP_103,B2B SaaS Trial,Display,q1_25,0.0,0.0
EVT_370421,2026-07-30 13:50:47,CMP_103,B2B SaaS Trial,Display,impression,0.0135,0.0
EVT_925372,2026-07-29 18:41:04,CMP_101,Summer Apparel,OLV,impression,0.0139,0.0
EVT_585543,2026-07-30 11:14:37,CMP_101,Summer Apparel,OLV,impression,0.0035,0.0
EVT_835445,2026-07-29 18:34:43,CMP_101,Summer Apparel,OLV,q1_25,0.0,0.0
EVT_876636,2026-07-28 22:26:23,CMP_102,Tech Gadgets Launch,CTV,impression,0.0149,0.0
EVT_108547,2026-07-30 22:21:40,CMP_103,B2B SaaS Trial,Display,impression,0.0042,0.0
EVT_128552,2026-07-30 01:35:41,CMP_103,B2B SaaS Trial,Display,impression,0.0025,0.0
EVT_257548,2026-07-30 06:11:02,CMP_103,B2B SaaS Trial,Display,impression,0.0096,0.0
EVT_884612,2026-07-28 22:19:29,CMP_101,Summer Apparel,OLV,q1_25,0.0,0.0
EVT_141382,2026-07-31 07:34:47,CMP_102,Tech Gadgets Launch,CTV,impression,0.0046,0.0
EVT_516890,2026-07-29 21:15:16,CMP_102,Tech Gadgets Launch,CTV,q2_50,0.0,0.0
EVT_656818,2026-07-30 16:46:38,CMP_101,Summer Apparel,OLV,impression,0.0068,0.0
EVT_211274,2026-07-31 15:36:00,CMP_102,Tech Gadgets Launch,CTV,q2_50,0.0,0.0
EVT_766126,2026-07-30 06:34:00,CMP_101,Summer Apparel,OLV,impression,0.0032,0.0
EVT_881250,2026-07-31 05:30:11,CMP_103,B2B SaaS Trial,Display,q1_25,0.0,0.0
EVT_789516,2026-07-28 23:28:26,CMP_103,B2B SaaS Trial,Display,impression,0.011,0.0
EVT_731979,2026-07-29 19:45:00,CMP_102,Tech Gadgets Launch,CTV,impression,0.0042,0.0
EVT_649527,2026-07-30 15:04:35,CMP_102,Tech Gadgets Launch,CTV,impression,0.0113,0.0
EVT_446351,2026-07-29 06:44:52,CMP_103,B2B SaaS Trial,Display,q3_75,0.0,0.0
EVT_862078,2026-07-31 09:14:18,CMP_101,Summer Apparel,OLV,q1_25,0.0,0.0
EVT_913288,2026-07-30 16:53:46,CMP_101,Summer Apparel,OLV,impression,0.0069,0.0
EVT_702928,2026-07-31 04:58:48,CMP_103,B2B SaaS Trial,Display,q1_25,0.0,0.0
EVT_728870,2026-07-29 06:30:01,CMP_101,Summer Apparel,OLV,q2_50,0.0,0.0
EVT_982468,2026-07-29 05:09:43,CMP_102,Tech Gadgets Launch,CTV,impression,0.0126,0.0
EVT_252053,2026-07-30 04:29:34,CMP_103,B2B SaaS Trial,Display,q2_50,0.0,0.0
EVT_128652,2026-07-29 19:27:15,CMP_102,Tech Gadgets Launch,CTV,q1_25,0.0,0.0
EVT_999931,2026-07-30 22:12:52,CMP_103,B2B SaaS Trial,Display,q1_25,0.0,0.0
EVT_351261,2026-07-30 16:49:19,CMP_103,B2B SaaS Trial,Display,impression,0.0098,0.0
EVT_683592,2026-07-29 03:29:14,CMP_103,B2B SaaS Trial,Display,q2_50,0.0,0.0
EVT_216902,2026-07-31 18:53:51,CMP_103,B2B SaaS Trial,Display,impression,0.0098,0.0
EVT_460087,2026-07-31 14:14:47,CMP_103,B2B SaaS Trial,Display,q3_75,0.0,0.0
EVT_692083,2026-07-30 03:44:08,CMP_102,Tech Gadgets Launch,CTV,q1_25,0.0,0.0
EVT_862190,2026-07-31 01:43:05,CMP_102,Tech Gadgets Launch,CTV,impression,0.0024,0.0
EVT_386646,2026-07-29 08:21:40,CMP_101,Summer Apparel,OLV,q3_75,0.0,0.0
EVT_971707,2026-07-29 04:53:22,CMP_102,Tech Gadgets Launch,CTV,q2_50,0.0,0.0
EVT_665589,2026-07-31 11:45:51,CMP_102,Tech Gadgets Launch,CTV,impression,0.0124,0.0
EVT_393262,2026-07-29 05:05:36,CMP_103,B2B SaaS Trial,Display,impression,0.0128,0.0
EVT_189777,2026-07-29 03:23:04,CMP_102,Tech Gadgets Launch,CTV,q1_25,0.0,0.0
EVT_341051,2026-07-29 09:38:13,CMP_101,Summer Apparel,OLV,q2_50,0.0,0.0
EVT_928607,2026-07-30 14:45:16,CMP_101,Summer Apparel,OLV,q1_25,0.0,0.0
EVT_667786,2026-07-29 00:54:52,CMP_102,Tech Gadgets Launch,CTV,q2_50,0.0,0.0
EVT_703316,2026-07-30 16:22:11,CMP_101,Summer Apparel,OLV,impression,0.008,0.0
EVT_414178,2026-07-30 08:13:53,CMP_101,Summer Apparel,OLV,q3_75,0.0,0.0
EVT_529832,2026-07-31 13:16:10,CMP_103,B2B SaaS Trial,Display,impression,0.0097,0.0
EVT_533542,2026-07-31 12:50:45,CMP_103,B2B SaaS Trial,Display,impression,0.0023,0.0
EVT_594372,2026-07-30 22:22:26,CMP_103,B2B SaaS Trial,Display,impression,0.0041,0.0
EVT_643670,2026-07-29 23:41:08,CMP_103,B2B SaaS Trial,Display,impression,0.0066,0.0
EVT_860449,2026-07-28 22:25:56,CMP_103,B2B SaaS Trial,Display,q1_25,0.0,0.0
EVT_714808,2026-07-30 10:22:50,CMP_103,B2B SaaS Trial,Display,impression,0.0147,0.0
EVT_414951,2026-07-31 15:41:50,CMP_102,Tech Gadgets Launch,CTV,impression,0.0026,0.0
EVT_814172,2026-07-31 02:19:35,CMP_103,B2B SaaS Trial,Display,impression,0.01,0.0
EVT_688745,2026-07-30 23:45:16,CMP_101,Summer Apparel,OLV,impression,0.0098,0.0
EVT_845420,2026-07-30 01:55:45,CMP_102,Tech Gadgets Launch,CTV,q1_25,0.0,0.0
EVT_443743,2026-07-30 00:08:51,CMP_102,Tech Gadgets Launch,CTV,impression,0.0048,0.0
EVT_576584,2026-07-29 19:16:17,CMP_101,Summer Apparel,OLV,impression,0.0057,0.0
EVT_669436,2026-07-30 08:23:30,CMP_102,Tech Gadgets Launch,CTV,q4_100,0.0,0.0
EVT_409827,2026-07-31 06:43:34,CMP_102,Tech Gadgets Launch,CTV,impression,0.0023,0.0
EVT_853015,2026-07-31 04:10:37,CMP_103,B2B SaaS Trial,Display,impression,0.006,0.0
EVT_269232,2026-07-31 03:53:46,CMP_102,Tech Gadgets Launch,CTV,impression,0.0023,0.0
EVT_952874,2026-07-31 03:51:56,CMP_102,Tech Gadgets Launch,CTV,impression,0.0056,0.0
EVT_744603,2026-07-30 20:18:58,CMP_102,Tech Gadgets Launch,CTV,q2_50,0.0,0.0
EVT_210630,2026-07-30 13:50:09,CMP_102,Tech Gadgets Launch,CTV,q1_25,0.0,0.0
EVT_828959,2026-07-31 16:22:35,CMP_102,Tech Gadgets Launch,CTV,impression,0.0131,0.0
EVT_237354,2026-07-30 17:20:22,CMP_101,Summer Apparel,OLV,q3_75,0.0,0.0
EVT_606913,2026-07-29 19:00:29,CMP_103,B2B SaaS Trial,Display,q1_25,0.0,0.0
EVT_259721,2026-07-31 04:32:36,CMP_103,B2B SaaS Trial,Display,impression,0.0068,0.0
EVT_469438,2026-07-29 21:17:17,CMP_101,Summer Apparel,OLV,impression,0.0021,0.0
EVT_729196,2026-07-29 09:15:23,CMP_102,Tech Gadgets Launch,CTV,q1_25,0.0,0.0
EVT_942947,2026-07-29 22:03:35,CMP_102,Tech Gadgets Launch,CTV,q1_25,0.0,0.0
EVT_339280,2026-07-30 22:52:31,CMP_102,Tech Gadgets Launch,CTV,q3_75,0.0,0.0
EVT_301661,2026-07-30 13:00:54,CMP_103,B2B SaaS Trial,Display,q3_75,0.0,0.0
EVT_715200,2026-07-29 01:50:36,CMP_103,B2B SaaS Trial,Display,impression,0.0117,0.0
EVT_118417,2026-07-30 12:19:46,CMP_103,B2B SaaS Trial,Display,q2_50,0.0,0.0
EVT_111488,2026-07-30 14:31:39,CMP_103,B2B SaaS Trial,Display,impression,0.0061,0.0
EVT_441361,2026-07-30 06:22:09,CMP_103,B2B SaaS Trial,Display,impression,0.0138,0.0
EVT_109887,2026-07-30 02:38:25,CMP_101,Summer Apparel,OLV,impression,0.0141,0.0
EVT_302870,2026-07-31 08:03:31,CMP_101,Summer Apparel,OLV,q2_50,0.0,0.0
EVT_906711,2026-07-29 07:04:29,CMP_102,Tech Gadgets Launch,CTV,impression,0.0045,0.0
EVT_756157,2026-07-28 22:12:10,CMP_101,Summer Apparel,OLV,q3_75,0.0,0.0
EVT_515848,2026-07-31 09:37:48,CMP_103,B2B SaaS Trial,Display,q1_25,0.0,0.0
EVT_105188,2026-07-29 15:35:59,CMP_103,B2B SaaS Trial,Display,impression,0.004,0.0
EVT_556820,2026-07-30 18:58:56,CMP_103,B2B SaaS Trial,Display,q2_50,0.0,0.0
EVT_653731,2026-07-29 03:56:51,CMP_103,B2B SaaS Trial,Display,q1_25,0.0,0.0
EVT_189496,2026-07-30 07:20:24,CMP_101,Summer Apparel,OLV,impression,0.0105,0.0
EVT_122167,2026-07-31 12:46:10,CMP_102,Tech Gadgets Launch,CTV,q1_25,0.0,0.0
EVT_119410,2026-07-30 12:14:24,CMP_101,Summer Apparel,OLV,impression,0.01,0.0
EVT_320831,2026-07-31 20:02:45,CMP_101,Summer Apparel,OLV,q4_100,0.0,0.0
EVT_517111,2026-07-30 18:33:42,CMP_101,Summer Apparel,OLV,q2_50,0.0,0.0
EVT_228794,2026-07-30 18:34:32,CMP_101,Summer Apparel,OLV,impression,0.0106,0.0
EVT_265339,2026-07-31 10:36:50,CMP_101,Summer Apparel,OLV,q1_25,0.0,0.0
EVT_409543,2026-07-31 06:37:50,CMP_101,Summer Apparel,OLV,impression,0.0117,0.0
EVT_740580,2026-07-29 14:49:04,CMP_101,Summer Apparel,OLV,impression,0.0142,0.0
EVT_387654,2026-07-30 04:18:14,CMP_101,Summer Apparel,OLV,impression,0.0024,0.0
EVT_567070,2026-07-30 12:12:51,CMP_103,B2B SaaS Trial,Display,impression,0.0049,0.0
EVT_943966,2026-07-29 08:35:18,CMP_103,B2B SaaS Trial,Display,q1_25,0.0,0.0
EVT_472618,2026-07-30 15:55:06,CMP_103,B2B SaaS Trial,Display,impression,0.0135,0.0
EVT_932581,2026-07-28 23:51:09,CMP_103,B2B SaaS Trial,Display,impression,0.0096,0.0
EVT_609729,2026-07-31 16:50:36,CMP_102,Tech Gadgets Launch,CTV,impression,0.0056,0.0
EVT_542073,2026-07-29 08:07:01,CMP_101,Summer Apparel,OLV,q1_25,0.0,0.0
EVT_348855,2026-07-29 11:18:57,CMP_102,Tech Gadgets Launch,CTV,impression,0.0086,0.0
EVT_410911,2026-07-29 12:33:19,CMP_101,Summer Apparel,OLV,q1_25,0.0,0.0
EVT_594702,2026-07-30 22:46:03,CMP_101,Summer Apparel,OLV,impression,0.0108,0.0
EVT_643899,2026-07-29 19:01:11,CMP_102,Tech Gadgets Launch,CTV,q2_50,0.0,0.0
EVT_254914,2026-07-30 17:36:58,CMP_103,B2B SaaS Trial,Display,q4_100,0.0,0.0
EVT_413581,2026-07-29 07:32:35,CMP_103,B2B SaaS Trial,Display,q1_25,0.0,0.0
EVT_848344,2026-07-29 08:38:24,CMP_103,B2B SaaS Trial,Display,impression,0.0138,0.0
EVT_450157,2026-07-30 08:44:41,CMP_102,Tech Gadgets Launch,CTV,q3_75,0.0,0.0
EVT_329558,2026-07-30 09:11:10,CMP_103,B2B SaaS Trial,Display,impression,0.0108,0.0
EVT_634080,2026-07-30 08:58:16,CMP_103,B2B SaaS Trial,Display,q4_100,0.0,0.0
EVT_719878,2026-07-30 03:06:27,CMP_102,Tech Gadgets Launch,CTV,q1_25,0.0,0.0
EVT_236786,2026-07-28 23:31:10,CMP_102,Tech Gadgets Launch,CTV,q1_25,0.0,0.0
EVT_628758,2026-07-29 20:20:43,CMP_102,Tech Gadgets Launch,CTV,q2_50,0.0,0.0
EVT_969857,2026-07-31 08:53:09,CMP_101,Summer Apparel,OLV,conversion,0.0,56.22
EVT_250124,2026-07-30 17:42:41,CMP_103,B2B SaaS Trial,Display,q3_75,0.0,0.0
EVT_249606,2026-07-31 10:27:29,CMP_103,B2B SaaS Trial,Display,impression,0.0096,0.0
EVT_931101,2026-07-30 15:57:18,CMP_101,Summer Apparel,OLV,q4_100,0.0,0.0
EVT_545152,2026-07-30 12:37:20,CMP_102,Tech Gadgets Launch,CTV,click,0.0,0.0
EVT_856358,2026-07-29 03:00:04,CMP_101,Summer Apparel,OLV,impression,0.0135,0.0
EVT_309036,2026-07-30 18:47:45,CMP_101,Summer Apparel,OLV,q3_75,0.0,0.0
EVT_553792,2026-07-30 18:53:08,CMP_101,Summer Apparel,OLV,impression,0.0039,0.0
EVT_732033,2026-07-29 11:50:12,CMP_102,Tech Gadgets Launch,CTV,q1_25,0.0,0.0
EVT_319319,2026-07-31 03:56:07,CMP_101,Summer Apparel,OLV,impression,0.0026,0.0
EVT_393028,2026-07-29 20:58:02,CMP_101,Summer Apparel,OLV,q1_25,0.0,0.0
EVT_124462,2026-07-31 18:48:45,CMP_101,Summer Apparel,OLV,q1_25,0.0,0.0
EVT_116734,2026-07-29 04:52:31,CMP_103,B2B SaaS Trial,Display,q2_50,0.0,0.0
EVT_927462,2026-07-31 08:59:52,CMP_103,B2B SaaS Trial,Display,q1_25,0.0,0.0
EVT_178202,2026-07-29 12:02:01,CMP_102,Tech Gadgets Launch,CTV,q1_25,0.0,0.0
EVT_203879,2026-07-31 02:23:04,CMP_103,B2B SaaS Trial,Display,impression,0.0028,0.0
EVT_567456,2026-07-29 01:32:43,CMP_103,B2B SaaS Trial,Display,q1_25,0.0,0.0
EVT_318247,2026-07-29 13:11:42,CMP_101,Summer Apparel,OLV,impression,0.0123,0.0
EVT_314199,2026-07-31 02:45:53,CMP_101,Summer Apparel,OLV,impression,0.0102,0.0
EVT_875327,2026-07-30 08:56:43,CMP_102,Tech Gadgets Launch,CTV,impression,0.0145,0.0
EVT_449457,2026-07-29 10:14:24,CMP_103,B2B SaaS Trial,Display,q1_25,0.0,0.0
EVT_754709,2026-07-30 23:41:07,CMP_103,B2B SaaS Trial,Display,impression,0.0133,0.0
EVT_992239,2026-07-29 08:55:59,CMP_101,Summer Apparel,OLV,impression,0.0129,0.0
EVT_563059,2026-07-31 03:05:39,CMP_103,B2B SaaS Trial,Display,q1_25,0.0,0.0
EVT_210545,2026-07-29 02:16:44,CMP_103,B2B SaaS Trial,Display,impression,0.0037,0.0
EVT_517210,2026-07-29 01:26:03,CMP_103,B2B SaaS Trial,Display,q1_25,0.0,0.0
EVT_175757,2026-07-31 08:48:43,CMP_102,Tech Gadgets Launch,CTV,impression,0.0127,0.0
EVT_146314,2026-07-30 23:43:36,CMP_101,Summer Apparel,OLV,q1_25,0.0,0.0
EVT_294865,2026-07-30 07:31:00,CMP_102,Tech Gadgets Launch,CTV,impression,0.0066,0.0
EVT_689188,2026-07-31 15:18:17,CMP_102,Tech Gadgets Launch,CTV,impression,0.0106,0.0
EVT_817690,2026-07-30 16:37:37,CMP_103,B2B SaaS Trial,Display,q1_25,0.0,0.0
EVT_540543,2026-07-29 03:19:14,CMP_103,B2B SaaS Trial,Display,impression,0.0055,0.0
EVT_452154,2026-07-29 18:42:57,CMP_101,Summer Apparel,OLV,q3_75,0.0,0.0
EVT_838250,2026-07-30 03:16:45,CMP_101,Summer Apparel,OLV,q2_50,0.0,0.0
EVT_268297,2026-07-31 02:00:42,CMP_101,Summer Apparel,OLV,impression,0.0094,0.0
EVT_703514,2026-07-31 08:40:00,CMP_102,Tech Gadgets Launch,CTV,impression,0.0088,0.0
EVT_997708,2026-07-29 22:49:19,CMP_102,Tech Gadgets Launch,CTV,impression,0.0103,0.0
EVT_307997,2026-07-29 17:21:41,CMP_101,Summer Apparel,OLV,impression,0.007,0.0
EVT_482975,2026-07-29 15:37:01,CMP_103,B2B SaaS Trial,Display,impression,0.0143,0.0
EVT_429989,2026-07-31 16:39:54,CMP_102,Tech Gadgets Launch,CTV,impression,0.0065,0.0
EVT_843576,2026-07-30 04:45:30,CMP_102,Tech Gadgets Launch,CTV,impression,0.0037,0.0
EVT_113436,2026-07-29 07:52:35,CMP_103,B2B SaaS Trial,Display,q3_75,0.0,0.0
EVT_551252,2026-07-29 11:31:54,CMP_103,B2B SaaS Trial,Display,q2_50,0.0,0.0
EVT_846614,2026-07-30 00:28:12,CMP_103,B2B SaaS Trial,Display,click,0.0,0.0
EVT_478199,2026-07-29 20:32:33,CMP_103,B2B SaaS Trial,Display,q1_25,0.0,0.0
EVT_240299,2026-07-30 00:23:55,CMP_103,B2B SaaS Trial,Display,impression,0.0143,0.0
EVT_679458,2026-07-30 16:54:56,CMP_101,Summer Apparel,OLV,q1_25,0.0,0.0
EVT_921084,2026-07-29 02:05:49,CMP_102,Tech Gadgets Launch,CTV,impression,0.0093,0.0
EVT_892709,2026-07-29 23:21:15,CMP_101,Summer Apparel,OLV,impression,0.0133,0.0
EVT_377163,2026-07-31 08:42:43,CMP_101,Summer Apparel,OLV,q1_25,0.0,0.0
EVT_504996,2026-07-31 11:50:21,CMP_102,Tech Gadgets Launch,CTV,q2_50,0.0,0.0
EVT_157034,2026-07-30 11:37:46,CMP_103,B2B SaaS Trial,Display,q2_50,0.0,0.0
EVT_148160,2026-07-30 11:38:46,CMP_102,Tech Gadgets Launch,CTV,impression,0.0056,0.0
EVT_603302,2026-07-29 23:48:15,CMP_101,Summer Apparel,OLV,q4_100,0.0,0.0
EVT_788756,2026-07-31 10:30:09,CMP_101,Summer Apparel,OLV,impression,0.0027,0.0
EVT_240223,2026-07-29 13:28:55,CMP_103,B2B SaaS Trial,Display,q3_75,0.0,0.0
EVT_600433,2026-07-31 13:50:36,CMP_101,Summer Apparel,OLV,impression,0.0131,0.0
EVT_905436,2026-07-29 08:42:29,CMP_101,Summer Apparel,OLV,q2_50,0.0,0.0
EVT_578826,2026-07-31 05:30:32,CMP_103,B2B SaaS Trial,Display,impression,0.0038,0.0
EVT_154547,2026-07-31 01:50:57,CMP_102,Tech Gadgets Launch,CTV,q3_75,0.0,0.0
EVT_315259,2026-07-30 15:16:21,CMP_101,Summer Apparel,OLV,q3_75,0.0,0.0
EVT_265907,2026-07-29 13:57:51,CMP_103,B2B SaaS Trial,Display,q1_25,0.0,0.0
EVT_957629,2026-07-29 03:04:10,CMP_101,Summer Apparel,OLV,q4_100,0.0,0.0
EVT_641538,2026-07-30 20:11:21,CMP_102,Tech Gadgets Launch,CTV,q2_50,0.0,0.0
EVT_299098,2026-07-30 22:31:53,CMP_102,Tech Gadgets Launch,CTV,q1_25,0.0,0.0
EVT_624001,2026-07-31 03:52:50,CMP_103,B2B SaaS Trial,Display,impression,0.0129,0.0
EVT_629616,2026-07-30 03:39:46,CMP_103,B2B SaaS Trial,Display,impression,0.0052,0.0
EVT_767425,2026-07-29 04:29:14,CMP_101,Summer Apparel,OLV,impression,0.0033,0.0
EVT_787856,2026-07-29 08:14:42,CMP_101,Summer Apparel,OLV,impression,0.003,0.0
EVT_149900,2026-07-31 00:57:55,CMP_103,B2B SaaS Trial,Display,impression,0.0123,0.0
EVT_961817,2026-07-30 12:44:22,CMP_103,B2B SaaS Trial,Display,impression,0.0119,0.0
EVT_807161,2026-07-30 07:31:34,CMP_101,Summer Apparel,OLV,q3_75,0.0,0.0
EVT_392662,2026-07-29 16:24:15,CMP_101,Summer Apparel,OLV,impression,0.0147,0.0
EVT_933234,2026-07-31 14:36:50,CMP_101,Summer Apparel,OLV,impression,0.0122,0.0
EVT_806046,2026-07-30 14:13:49,CMP_103,B2B SaaS Trial,Display,q1_25,0.0,0.0
EVT_752799,2026-07-30 01:25:47,CMP_101,Summer Apparel,OLV,q2_50,0.0,0.0
EVT_789894,2026-07-29 18:11:30,CMP_103,B2B SaaS Trial,Display,click,0.0,0.0
EVT_633900,2026-07-31 09:10:07,CMP_102,Tech Gadgets Launch,CTV,impression,0.0126,0.0
EVT_396709,2026-07-31 17:57:57,CMP_103,B2B SaaS Trial,Display,q3_75,0.0,0.0
EVT_925852,2026-07-29 21:17:26,CMP_103,B2B SaaS Trial,Display,impression,0.0089,0.0
EVT_194877,2026-07-30 06:06:07,CMP_103,B2B SaaS Trial,Display,impression,0.0057,0.0
EVT_432119,2026-07-28 20:45:43,CMP_103,B2B SaaS Trial,Display,q2_50,0.0,0.0
EVT_386903,2026-07-29 12:34:19,CMP_102,Tech Gadgets Launch,CTV,impression,0.0098,0.0
EVT_444105,2026-07-29 00:43:35,CMP_102,Tech Gadgets Launch,CTV,impression,0.0082,0.0
EVT_773551,2026-07-31 11:30:56,CMP_103,B2B SaaS Trial,Display,impression,0.0038,0.0
EVT_761160,2026-07-31 20:01:22,CMP_101,Summer Apparel,OLV,q2_50,0.0,0.0
EVT_360059,2026-07-30 16:12:19,CMP_102,Tech Gadgets Launch,CTV,impression,0.0096,0.0
EVT_705905,2026-07-29 23:20:20,CMP_101,Summer Apparel,OLV,q2_50,0.0,0.0
EVT_940883,2026-07-31 20:08:53,CMP_102,Tech Gadgets Launch,CTV,impression,0.0084,0.0
EVT_140902,2026-07-29 22:21:44,CMP_103,B2B SaaS Trial,Display,impression,0.0045,0.0
EVT_824642,2026-07-31 16:36:15,CMP_101,Summer Apparel,OLV,impression,0.0034,0.0
EVT_320282,2026-07-31 16:27:31,CMP_102,Tech Gadgets Launch,CTV,impression,0.0071,0.0
EVT_241364,2026-07-29 19:28:38,CMP_101,Summer Apparel,OLV,impression,0.0039,0.0
EVT_485820,2026-07-31 09:33:34,CMP_102,Tech Gadgets Launch,CTV,click,0.0,0.0
EVT_370961,2026-07-31 15:31:35,CMP_102,Tech Gadgets Launch,CTV,impression,0.0064,0.0
EVT_639806,2026-07-30 08:20:19,CMP_101,Summer Apparel,OLV,impression,0.004,0.0
EVT_695275,2026-07-29 17:21:48,CMP_102,Tech Gadgets Launch,CTV,q1_25,0.0,0.0
EVT_485801,2026-07-31 18:44:58,CMP_102,Tech Gadgets Launch,CTV,impression,0.0023,0.0
EVT_291768,2026-07-29 03:25:35,CMP_102,Tech Gadgets Launch,CTV,impression,0.0023,0.0
EVT_775363,2026-07-29 23:02:49,CMP_101,Summer Apparel,OLV,q1_25,0.0,0.0
EVT_255684,2026-07-28 20:45:13,CMP_102,Tech Gadgets Launch,CTV,q2_50,0.0,0.0
EVT_114994,2026-07-31 03:37:12,CMP_101,Summer Apparel,OLV,q3_75,0.0,0.0
EVT_775900,2026-07-30 07:52:46,CMP_102,Tech Gadgets Launch,CTV,q1_25,0.0,0.0
EVT_621692,2026-07-30 14:44:42,CMP_103,B2B SaaS Trial,Display,impression,0.0109,0.0
EVT_865440,2026-07-30 02:26:01,CMP_101,Summer Apparel,OLV,q4_100,0.0,0.0
EVT_568733,2026-07-29 20:53:34,CMP_103,B2B SaaS Trial,Display,conversion,0.0,68.94
EVT_440842,2026-07-28 21:24:43,CMP_101,Summer Apparel,OLV,q3_75,0.0,0.0
EVT_961660,2026-07-29 11:07:05,CMP_102,Tech Gadgets Launch,CTV,conversion,0.0,68.14
EVT_113787,2026-07-30 06:05:00,CMP_102,Tech Gadgets Launch,CTV,q2_50,0.0,0.0
EVT_710230,2026-07-30 13:47:45,CMP_102,Tech Gadgets Launch,CTV,q1_25,0.0,0.0
EVT_776643,2026-07-30 21:06:59,CMP_103,B2B SaaS Trial,Display,impression,0.002,0.0
EVT_499264,2026-07-30 20:04:10,CMP_103,B2B SaaS Trial,Display,impression,0.0078,0.0
EVT_252845,2026-07-30 20:09:32,CMP_102,Tech Gadgets Launch,CTV,q2_50,0.0,0.0
EVT_812478,2026-07-30 17:56:46,CMP_101,Summer Apparel,OLV,impression,0.0045,0.0
EVT_785868,2026-07-30 05:22:07,CMP_102,Tech Gadgets Launch,CTV,q1_25,0.0,0.0
EVT_727423,2026-07-29 05:24:09,CMP_102,Tech Gadgets Launch,CTV,q3_75,0.0,0.0
EVT_533810,2026-07-31 09:22:53,CMP_101,Summer Apparel,OLV,impression,0.0125,0.0
EVT_158081,2026-07-30 03:54:51,CMP_101,Summer Apparel,OLV,impression,0.0023,0.0
EVT_651240,2026-07-30 05:30:25,CMP_103,B2B SaaS Trial,Display,q1_25,0.0,0.0
EVT_591049,2026-07-31 08:04:30,CMP_101,Summer Apparel,OLV,q2_50,0.0,0.0
EVT_565599,2026-07-29 01:12:48,CMP_101,Summer Apparel,OLV,q2_50,0.0,0.0
EVT_986102,2026-07-29 15:13:02,CMP_103,B2B SaaS Trial,Display,q1_25,0.0,0.0
EVT_288830,2026-07-29 09:36:18,CMP_101,Summer Apparel,OLV,impression,0.0023,0.0
EVT_464963,2026-07-28 23:08:37,CMP_101,Summer Apparel,OLV,impression,0.0051,0.0
EVT_431453,2026-07-29 04:31:31,CMP_101,Summer Apparel,OLV,impression,0.0025,0.0
EVT_770523,2026-07-30 15:30:12,CMP_101,Summer Apparel,OLV,impression,0.0059,0.0
EVT_966246,2026-07-30 08:44:42,CMP_102,Tech Gadgets Launch,CTV,impression,0.0101,0.0
EVT_131891,2026-07-30 10:25:47,CMP_102,Tech Gadgets Launch,CTV,impression,0.0071,0.0
EVT_761134,2026-07-29 19:49:07,CMP_101,Summer Apparel,OLV,impression,0.0069,0.0
EVT_888987,2026-07-31 07:21:30,CMP_103,B2B SaaS Trial,Display,click,0.0,0.0
EVT_843300,2026-07-31 04:48:11,CMP_102,Tech Gadgets Launch,CTV,impression,0.0136,0.0
EVT_104501,2026-07-28 22:52:25,CMP_102,Tech Gadgets Launch,CTV,impression,0.0038,0.0
EVT_298131,2026-07-29 19:38:20,CMP_102,Tech Gadgets Launch,CTV,q1_25,0.0,0.0
EVT_144258,2026-07-30 09:00:17,CMP_103,B2B SaaS Trial,Display,impression,0.006,0.0
EVT_471404,2026-07-31 07:48:00,CMP_102,Tech Gadgets Launch,CTV,impression,0.0093,0.0
EVT_174122,2026-07-29 18:50:54,CMP_101,Summer Apparel,OLV,q1_25,0.0,0.0
EVT_478066,2026-07-31 04:33:12,CMP_103,B2B SaaS Trial,Display,q1_25,0.0,0.0
EVT_289910,2026-07-31 05:11:36,CMP_103,B2B SaaS Trial,Display,q3_75,0.0,0.0
EVT_203141,2026-07-29 07:25:04,CMP_103,B2B SaaS Trial,Display,q2_50,0.0,0.0
EVT_394710,2026-07-31 04:25:03,CMP_103,B2B SaaS Trial,Display,impression,0.0084,0.0
EVT_690706,2026-07-30 03:01:43,CMP_101,Summer Apparel,OLV,impression,0.0101,0.0
EVT_447021,2026-07-30 18:49:39,CMP_103,B2B SaaS Trial,Display,q1_25,0.0,0.0
EVT_550532,2026-07-30 05:50:48,CMP_101,Summer Apparel,OLV,impression,0.0088,0.0
EVT_682847,2026-07-30 06:15:20,CMP_102,Tech Gadgets Launch,CTV,impression,0.0031,0.0
EVT_570356,2026-07-29 00:36:00,CMP_101,Summer Apparel,OLV,impression,0.0088,0.0
EVT_613979,2026-07-29 01:24:08,CMP_103,B2B SaaS Trial,Display,impression,0.0043,0.0
EVT_260918,2026-07-29 17:15:42,CMP_101,Summer Apparel,OLV,q2_50,0.0,0.0
EVT_921214,2026-07-29 08:09:00,CMP_101,Summer Apparel,OLV,impression,0.0109,0.0
EVT_695479,2026-07-29 08:04:27,CMP_102,Tech Gadgets Launch,CTV,impression,0.0123,0.0
EVT_919134,2026-07-30 15:17:45,CMP_102,Tech Gadgets Launch,CTV,impression,0.0095,0.0
EVT_627226,2026-07-29 15:27:23,CMP_103,B2B SaaS Trial,Display,q2_50,0.0,0.0
EVT_566983,2026-07-30 15:42:14,CMP_103,B2B SaaS Trial,Display,q1_25,0.0,0.0
EVT_686457,2026-07-31 07:53:32,CMP_101,Summer Apparel,OLV,q3_75,0.0,0.0
EVT_719009,2026-07-29 14:10:27,CMP_103,B2B SaaS Trial,Display,impression,0.0054,0.0
EVT_975500,2026-07-29 20:11:35,CMP_101,Summer Apparel,OLV,impression,0.0087,0.0
EVT_882213,2026-07-29 20:54:32,CMP_103,B2B SaaS Trial,Display,impression,0.0033,0.0
EVT_253357,2026-07-30 18:16:46,CMP_102,Tech Gadgets Launch,CTV,q1_25,0.0,0.0
EVT_885354,2026-07-29 09:59:57,CMP_101,Summer Apparel,OLV,q1_25,0.0,0.0
EVT_769356,2026-07-31 12:52:18,CMP_103,B2B SaaS Trial,Display,impression,0.0039,0.0
EVT_475134,2026-07-30 16:41:40,CMP_102,Tech Gadgets Launch,CTV,impression,0.0052,0.0
EVT_553233,2026-07-29 16:51:17,CMP_102,Tech Gadgets Launch,CTV,impression,0.0069,0.0
EVT_934478,2026-07-30 15:40:29,CMP_102,Tech Gadgets Launch,CTV,click,0.0,0.0
EVT_280743,2026-07-30 08:36:06,CMP_102,Tech Gadgets Launch,CTV,q1_25,0.0,0.0
EVT_240227,2026-07-29 14:34:31,CMP_101,Summer Apparel,OLV,q1_25,0.0,0.0
EVT_909220,2026-07-29 16:50:06,CMP_101,Summer Apparel,OLV,q2_50,0.0,0.0
EVT_972195,2026-07-30 07:35:12,CMP_101,Summer Apparel,OLV,q1_25,0.0,0.0
EVT_698519,2026-07-31 00:42:42,CMP_103,B2B SaaS Trial,Display,q4_100,0.0,0.0
EVT_366995,2026-07-29 09:02:37,CMP_102,Tech Gadgets Launch,CTV,impression,0.0071,0.0
EVT_381413,2026-07-31 14:24:56,CMP_102,Tech Gadgets Launch,CTV,q2_50,0.0,0.0
EVT_959277,2026-07-30 08:25:46,CMP_103,B2B SaaS Trial,Display,impression,0.0145,0.0
EVT_391352,2026-07-29 12:22:37,CMP_103,B2B SaaS Trial,Display,impression,0.007,0.0
EVT_166884,2026-07-31 06:35:12,CMP_102,Tech Gadgets Launch,CTV,q1_25,0.0,0.0
EVT_512611,2026-07-30 06:33:38,CMP_102,Tech Gadgets Launch,CTV,impression,0.0093,0.0
EVT_856264,2026-07-29 19:01:09,CMP_103,B2B SaaS Trial,Display,q3_75,0.0,0.0
EVT_851939,2026-07-30 00:08:46,CMP_101,Summer Apparel,OLV,impression,0.0144,0.0
EVT_501973,2026-07-30 01:33:13,CMP_101,Summer Apparel,OLV,q2_50,0.0,0.0
EVT_214848,2026-07-30 03:16:58,CMP_101,Summer Apparel,OLV,impression,0.0099,0.0
EVT_902991,2026-07-30 08:53:17,CMP_102,Tech Gadgets Launch,CTV,q2_50,0.0,0.0
EVT_964172,2026-07-31 10:34:27,CMP_101,Summer Apparel,OLV,q1_25,0.0,0.0
EVT_759459,2026-07-30 07:32:14,CMP_101,Summer Apparel,OLV,click,0.0,0.0
EVT_718038,2026-07-31 17:38:09,CMP_101,Summer Apparel,OLV,impression,0.0148,0.0
EVT_984933,2026-07-28 22:00:06,CMP_102,Tech Gadgets Launch,CTV,impression,0.0143,0.0
EVT_277840,2026-07-30 22:54:33,CMP_101,Summer Apparel,OLV,impression,0.0122,0.0
EVT_554211,2026-07-30 21:15:13,CMP_103,B2B SaaS Trial,Display,q1_25,0.0,0.0
EVT_491679,2026-07-30 15:37:02,CMP_103,B2B SaaS Trial,Display,impression,0.0036,0.0
EVT_578832,2026-07-30 19:13:56,CMP_101,Summer Apparel,OLV,impression,0.0122,0.0
EVT_420198,2026-07-29 21:27:22,CMP_101,Summer Apparel,OLV,impression,0.0021,0.0
EVT_573650,2026-07-29 04:16:21,CMP_102,Tech Gadgets Launch,CTV,q1_25,0.0,0.0
EVT_966584,2026-07-30 06:33:28,CMP_103,B2B SaaS Trial,Display,q1_25,0.0,0.0
EVT_251790,2026-07-29 00:29:46,CMP_103,B2B SaaS Trial,Display,impression,0.0131,0.0
EVT_665693,2026-07-31 03:42:29,CMP_102,Tech Gadgets Launch,CTV,q1_25,0.0,0.0
EVT_154544,2026-07-30 16:35:32,CMP_102,Tech Gadgets Launch,CTV,q1_25,0.0,0.0
EVT_758873,2026-07-30 16:29:19,CMP_102,Tech Gadgets Launch,CTV,q1_25,0.0,0.0
EVT_953403,2026-07-29 11:32:30,CMP_101,Summer Apparel,OLV,impression,0.0127,0.0
EVT_325797,2026-07-29 08:54:43,CMP_101,Summer Apparel,OLV,impression,0.0149,0.0
EVT_448243,2026-07-28 20:48:06,CMP_102,Tech Gadgets Launch,CTV,q1_25,0.0,0.0
EVT_678333,2026-07-31 07:43:37,CMP_102,Tech Gadgets Launch,CTV,impression,0.0035,0.0
EVT_382456,2026-07-29 19:23:52,CMP_103,B2B SaaS Trial,Display,q3_75,0.0,0.0
EVT_490537,2026-07-30 02:12:39,CMP_102,Tech Gadgets Launch,CTV,q2_50,0.0,0.0
EVT_402598,2026-07-31 05:47:46,CMP_102,Tech Gadgets Launch,CTV,impression,0.0023,0.0
EVT_256226,2026-07-30 21:23:14,CMP_101,Summer Apparel,OLV,q1_25,0.0,0.0
EVT_704687,2026-07-29 05:36:21,CMP_103,B2B SaaS Trial,Display,impression,0.0091,0.0
EVT_786038,2026-07-29 17:57:56,CMP_103,B2B SaaS Trial,Display,impression,0.0129,0.0
EVT_831849,2026-07-31 11:54:57,CMP_103,B2B SaaS Trial,Display,impression,0.0052,0.0
EVT_201621,2026-07-31 04:36:24,CMP_103,B2B SaaS Trial,Display,q2_50,0.0,0.0
EVT_886876,2026-07-30 06:55:58,CMP_103,B2B SaaS Trial,Display,q1_25,0.0,0.0
EVT_387369,2026-07-30 05:22:06,CMP_103,B2B SaaS Trial,Display,q1_25,0.0,0.0
EVT_441568,2026-07-29 09:19:50,CMP_103,B2B SaaS Trial,Display,impression,0.0141,0.0
EVT_312662,2026-07-30 19:54:27,CMP_102,Tech Gadgets Launch,CTV,q1_25,0.0,0.0
EVT_974017,2026-07-29 17:17:25,CMP_102,Tech Gadgets Launch,CTV,q1_25,0.0,0.0
EVT_771815,2026-07-31 18:56:07,CMP_103,B2B SaaS Trial,Display,q4_100,0.0,0.0
EVT_158320,2026-07-29 17:12:34,CMP_102,Tech Gadgets Launch,CTV,impression,0.0082,0.0
EVT_755944,2026-07-30 15:20:37,CMP_101,Summer Apparel,OLV,q1_25,0.0,0.0
EVT_112730,2026-07-31 02:07:28,CMP_103,B2B SaaS Trial,Display,q1_25,0.0,0.0
EVT_670355,2026-07-29 13:47:51,CMP_103,B2B SaaS Trial,Display,q2_50,0.0,0.0
EVT_663596,2026-07-30 17:12:41,CMP_101,Summer Apparel,OLV,impression,0.0026,0.0
EVT_626519,2026-07-30 17:13:19,CMP_103,B2B SaaS Trial,Display,q1_25,0.0,0.0
EVT_776921,2026-07-30 15:37:46,CMP_103,B2B SaaS Trial,Display,q2_50,0.0,0.0
EVT_137110,2026-07-31 14:58:10,CMP_103,B2B SaaS Trial,Display,q1_25,0.0,0.0
EVT_690864,2026-07-29 12:17:31,CMP_101,Summer Apparel,OLV,impression,0.0033,0.0
EVT_739720,2026-07-30 07:38:04,CMP_103,B2B SaaS Trial,Display,impression,0.0109,0.0
EVT_679199,2026-07-29 14:26:18,CMP_102,Tech Gadgets Launch,CTV,impression,0.0136,0.0
EVT_583746,2026-07-30 18:10:26,CMP_102,Tech Gadgets Launch,CTV,impression,0.0082,0.0
EVT_936519,2026-07-30 03:56:09,CMP_102,Tech Gadgets Launch,CTV,q1_25,0.0,0.0
EVT_409045,2026-07-29 16:46:44,CMP_101,Summer Apparel,OLV,impression,0.0088,0.0
EVT_395924,2026-07-30 09:19:41,CMP_101,Summer Apparel,OLV,impression,0.0057,0.0
EVT_777806,2026-07-29 06:14:52,CMP_102,Tech Gadgets Launch,CTV,impression,0.0131,0.0
EVT_663072,2026-07-30 00:41:01,CMP_101,Summer Apparel,OLV,q1_25,0.0,0.0
EVT_101901,2026-07-30 05:36:59,CMP_101,Summer Apparel,OLV,impression,0.0145,0.0
EVT_487556,2026-07-30 12:10:02,CMP_102,Tech Gadgets Launch,CTV,impression,0.0136,0.0
EVT_343764,2026-07-30 08:32:16,CMP_101,Summer Apparel,OLV,q2_50,0.0,0.0
EVT_405436,2026-07-29 14:04:32,CMP_103,B2B SaaS Trial,Display,impression,0.0143,0.0
EVT_439437,2026-07-31 12:04:58,CMP_103,B2B SaaS Trial,Display,impression,0.0028,0.0
EVT_987393,2026-07-30 01:34:03,CMP_103,B2B SaaS Trial,Display,impression,0.0059,0.0
EVT_354517,2026-07-31 15:56:03,CMP_101,Summer Apparel,OLV,q4_100,0.0,0.0
EVT_158993,2026-07-31 13:56:02,CMP_101,Summer Apparel,OLV,impression,0.0081,0.0
EVT_421821,2026-07-31 11:02:09,CMP_101,Summer Apparel,OLV,impression,0.0103,0.0
EVT_389752,2026-07-30 06:23:26,CMP_103,B2B SaaS Trial,Display,impression,0.0041,0.0
EVT_848499,2026-07-29 03:25:48,CMP_102,Tech Gadgets Launch,CTV,q3_75,0.0,0.0
EVT_299282,2026-07-29 20:34:57,CMP_103,B2B SaaS Trial,Display,q1_25,0.0,0.0
EVT_215861,2026-07-29 13:46:14,CMP_102,Tech Gadgets Launch,CTV,q2_50,0.0,0.0
EVT_367725,2026-07-29 11:47:03,CMP_101,Summer Apparel,OLV,q3_75,0.0,0.0
EVT_574729,2026-07-31 06:54:04,CMP_102,Tech Gadgets Launch,CTV,impression,0.0044,0.0
EVT_397960,2026-07-30 05:16:25,CMP_101,Summer Apparel,OLV,click,0.0,0.0
EVT_382345,2026-07-29 06:51:58,CMP_101,Summer Apparel,OLV,q1_25,0.0,0.0
EVT_235321,2026-07-31 13:30:03,CMP_103,B2B SaaS Trial,Display,q2_50,0.0,0.0
EVT_606732,2026-07-29 08:39:59,CMP_101,Summer Apparel,OLV,impression,0.0105,0.0
EVT_623872,2026-07-29 07:25:58,CMP_101,Summer Apparel,OLV,q4_100,0.0,0.0
EVT_123091,2026-07-29 21:37:52,CMP_101,Summer Apparel,OLV,q2_50,0.0,0.0
EVT_820199,2026-07-29 13:51:04,CMP_101,Summer Apparel,OLV,q1_25,0.0,0.0
EVT_521364,2026-07-29 07:05:12,CMP_101,Summer Apparel,OLV,q1_25,0.0,0.0
EVT_714401,2026-07-30 17:47:16,CMP_103,B2B SaaS Trial,Display,q1_25,0.0,0.0
EVT_449146,2026-07-31 13:43:25,CMP_101,Summer Apparel,OLV,q2_50,0.0,0.0
EVT_716151,2026-07-29 09:43:45,CMP_102,Tech Gadgets Launch,CTV,impression,0.0139,0.0
EVT_913437,2026-07-29 07:07:54,CMP_103,B2B SaaS Trial,Display,impression,0.0108,0.0
EVT_265185,2026-07-31 16:19:36,CMP_101,Summer Apparel,OLV,impression,0.0084,0.0
EVT_157109,2026-07-31 02:07:35,CMP_102,Tech Gadgets Launch,CTV,impression,0.005,0.0
EVT_833082,2026-07-31 05:57:54,CMP_101,Summer Apparel,OLV,q1_25,0.0,0.0
EVT_227403,2026-07-30 17:08:56,CMP_102,Tech Gadgets Launch,CTV,impression,0.0028,0.0
EVT_244106,2026-07-29 02:48:03,CMP_103,B2B SaaS Trial,Display,click,0.0,0.0
EVT_650770,2026-07-30 05:53:52,CMP_102,Tech Gadgets Launch,CTV,impression,0.0142,0.0
EVT_421351,2026-07-29 15:04:07,CMP_101,Summer Apparel,OLV,q2_50,0.0,0.0
EVT_400837,2026-07-28 23:49:42,CMP_102,Tech Gadgets Launch,CTV,q2_50,0.0,0.0
EVT_624384,2026-07-31 01:49:24,CMP_101,Summer Apparel,OLV,q1_25,0.0,0.0
EVT_461333,2026-07-29 21:38:19,CMP_101,Summer Apparel,OLV,q1_25,0.0,0.0
EVT_583189,2026-07-31 07:49:44,CMP_103,B2B SaaS Trial,Display,impression,0.0035,0.0
EVT_889327,2026-07-31 18:33:29,CMP_103,B2B SaaS Trial,Display,q1_25,0.0,0.0
EVT_148619,2026-07-28 22:41:42,CMP_102,Tech Gadgets Launch,CTV,impression,0.005,0.0
EVT_381297,2026-07-29 23:33:14,CMP_103,B2B SaaS Trial,Display,q1_25,0.0,0.0
EVT_750974,2026-07-31 09:22:22,CMP_102,Tech Gadgets Launch,CTV,impression,0.0134,0.0
EVT_974663,2026-07-28 20:47:15,CMP_101,Summer Apparel,OLV,q1_25,0.0,0.0
EVT_492100,2026-07-30 02:00:03,CMP_102,Tech Gadgets Launch,CTV,impression,0.0094,0.0
EVT_139437,2026-07-31 07:11:41,CMP_101,Summer Apparel,OLV,conversion,0.0,38.59
EVT_180634,2026-07-29 14:59:57,CMP_103,B2B SaaS Trial,Display,click,0.0,0.0
EVT_904765,2026-07-28 23:20:02,CMP_102,Tech Gadgets Launch,CTV,q2_50,0.0,0.0
EVT_551147,2026-07-29 20:32:04,CMP_102,Tech Gadgets Launch,CTV,q1_25,0.0,0.0
EVT_588974,2026-07-29 01:06:19,CMP_103,B2B SaaS Trial,Display,q1_25,0.0,0.0
EVT_212218,2026-07-29 17:10:13,CMP_101,Summer Apparel,OLV,q2_50,0.0,0.0
EVT_315241,2026-07-29 14:06:51,CMP_101,Summer Apparel,OLV,q2_50,0.0,0.0
EVT_838359,2026-07-29 08:30:33,CMP_102,Tech Gadgets Launch,CTV,impression,0.0027,0.0
EVT_908446,2026-07-31 19:05:12,CMP_103,B2B SaaS Trial,Display,impression,0.0024,0.0
EVT_503332,2026-07-30 18:08:49,CMP_103,B2B SaaS Trial,Display,impression,0.0043,0.0
EVT_617643,2026-07-29 23:28:18,CMP_102,Tech Gadgets Launch,CTV,q1_25,0.0,0.0
EVT_618388,2026-07-30 21:47:40,CMP_101,Summer Apparel,OLV,q2_50,0.0,0.0
EVT_848146,2026-07-31 08:09:21,CMP_102,Tech Gadgets Launch,CTV,impression,0.0133,0.0
EVT_641711,2026-07-30 18:24:39,CMP_101,Summer Apparel,OLV,q1_25,0.0,0.0
EVT_933605,2026-07-29 13:28:42,CMP_103,B2B SaaS Trial,Display,q2_50,0.0,0.0
EVT_767754,2026-07-31 15:56:08,CMP_101,Summer Apparel,OLV,impression,0.0127,0.0
EVT_194061,2026-07-29 15:16:48,CMP_102,Tech Gadgets Launch,CTV,impression,0.0056,0.0
EVT_746508,2026-07-29 08:51:28,CMP_101,Summer Apparel,OLV,impression,0.0104,0.0
EVT_371021,2026-07-30 01:51:34,CMP_101,Summer Apparel,OLV,impression,0.014,0.0
EVT_871521,2026-07-28 20:46:16,CMP_101,Summer Apparel,OLV,impression,0.013,0.0
EVT_773858,2026-07-30 21:25:57,CMP_101,Summer Apparel,OLV,impression,0.0122,0.0
EVT_596864,2026-07-31 15:54:44,CMP_102,Tech Gadgets Launch,CTV,impression,0.0056,0.0
EVT_295091,2026-07-31 17:31:12,CMP_102,Tech Gadgets Launch,CTV,impression,0.0056,0.0
EVT_844696,2026-07-31 05:24:25,CMP_102,Tech Gadgets Launch,CTV,q1_25,0.0,0.0
EVT_120448,2026-07-30 10:10:05,CMP_103,B2B SaaS Trial,Display,impression,0.0053,0.0
EVT_580342,2026-07-31 04:05:02,CMP_101,Summer Apparel,OLV,q2_50,0.0,0.0
EVT_556195,2026-07-31 11:10:42,CMP_103,B2B SaaS Trial,Display,q2_50,0.0,0.0
EVT_676170,2026-07-28 23:05:29,CMP_102,Tech Gadgets Launch,CTV,impression,0.0121,0.0
EVT_474043,2026-07-29 08:26:35,CMP_103,B2B SaaS Trial,Display,impression,0.0021,0.0
EVT_318723,2026-07-31 09:37:59,CMP_102,Tech Gadgets Launch,CTV,q3_75,0.0,0.0
EVT_106091,2026-07-30 06:17:37,CMP_103,B2B SaaS Trial,Display,impression,0.0097,0.0
EVT_585730,2026-07-30 04:49:59,CMP_101,Summer Apparel,OLV,q2_50,0.0,0.0
EVT_854166,2026-07-30 09:46:48,CMP_103,B2B SaaS Trial,Display,impression,0.0046,0.0
EVT_607965,2026-07-31 08:25:28,CMP_102,Tech Gadgets Launch,CTV,impression,0.0088,0.0
EVT_228649,2026-07-30 04:49:45,CMP_101,Summer Apparel,OLV,q1_25,0.0,0.0
EVT_791180,2026-07-30 20:11:21,CMP_103,B2B SaaS Trial,Display,impression,0.0149,0.0
EVT_566809,2026-07-29 22:56:06,CMP_103,B2B SaaS Trial,Display,impression,0.0078,0.0
EVT_309473,2026-07-29 01:42:15,CMP_101,Summer Apparel,OLV,q2_50,0.0,0.0
EVT_152635,2026-07-29 18:53:49,CMP_101,Summer Apparel,OLV,impression,0.0082,0.0
EVT_836122,2026-07-30 17:13:27,CMP_103,B2B SaaS Trial,Display,impression,0.0069,0.0
EVT_957244,2026-07-28 21:45:41,CMP_103,B2B SaaS Trial,Display,q2_50,0.0,0.0
EVT_769312,2026-07-29 10:22:25,CMP_101,Summer Apparel,OLV,q1_25,0.0,0.0
EVT_691066,2026-07-29 19:18:46,CMP_102,Tech Gadgets Launch,CTV,impression,0.0122,0.0
EVT_614267,2026-07-29 23:59:01,CMP_103,B2B SaaS Trial,Display,impression,0.0095,0.0
EVT_147735,2026-07-31 18:56:18,CMP_102,Tech Gadgets Launch,CTV,q1_25,0.0,0.0
EVT_478639,2026-07-29 09:23:54,CMP_103,B2B SaaS Trial,Display,q1_25,0.0,0.0
EVT_880036,2026-07-31 12:18:59,CMP_102,Tech Gadgets Launch,CTV,click,0.0,0.0
EVT_981040,2026-07-31 17:34:48,CMP_102,Tech Gadgets Launch,CTV,q1_25,0.0,0.0
EVT_972657,2026-07-30 12:41:54,CMP_102,Tech Gadgets Launch,CTV,impression,0.0048,0.0
EVT_798881,2026-07-31 03:11:00,CMP_101,Summer Apparel,OLV,q3_75,0.0,0.0
EVT_893615,2026-07-31 14:52:38,CMP_103,B2B SaaS Trial,Display,impression,0.0045,0.0
EVT_125882,2026-07-29 20:17:31,CMP_102,Tech Gadgets Launch,CTV,impression,0.0067,0.0
EVT_388022,2026-07-30 13:45:00,CMP_101,Summer Apparel,OLV,impression,0.0089,0.0
EVT_137552,2026-07-29 04:21:03,CMP_101,Summer Apparel,OLV,impression,0.0131,0.0
EVT_502699,2026-07-29 04:29:53,CMP_101,Summer Apparel,OLV,conversion,0.0,99.08
EVT_241907,2026-07-31 18:59:57,CMP_102,Tech Gadgets Launch,CTV,q1_25,0.0,0.0
EVT_998632,2026-07-29 06:10:43,CMP_103,B2B SaaS Trial,Display,q1_25,0.0,0.0
EVT_992401,2026-07-30 05:35:46,CMP_103,B2B SaaS Trial,Display,impression,0.0132,0.0
EVT_927068,2026-07-31 06:46:19,CMP_102,Tech Gadgets Launch,CTV,q3_75,0.0,0.0
EVT_112246,2026-07-30 13:03:33,CMP_103,B2B SaaS Trial,Display,q3_75,0.0,0.0
EVT_709657,2026-07-28 23:58:56,CMP_102,Tech Gadgets Launch,CTV,impression,0.013,0.0
EVT_315770,2026-07-30 03:35:24,CMP_103,B2B SaaS Trial,Display,impression,0.005,0.0
EVT_685747,2026-07-29 09:27:44,CMP_102,Tech Gadgets Launch,CTV,impression,0.0065,0.0
EVT_526182,2026-07-31 12:38:02,CMP_103,B2B SaaS Trial,Display,impression,0.01,0.0
EVT_437339,2026-07-30 01:13:39,CMP_103,B2B SaaS Trial,Display,impression,0.0109,0.0
EVT_684338,2026-07-29 21:11:10,CMP_102,Tech Gadgets Launch,CTV,impression,0.0103,0.0
EVT_925995,2026-07-30 02:21:45,CMP_102,Tech Gadgets Launch,CTV,impression,0.0097,0.0
EVT_410191,2026-07-31 10:08:03,CMP_101,Summer Apparel,OLV,q2_50,0.0,0.0
EVT_734639,2026-07-30 20:00:24,CMP_103,B2B SaaS Trial,Display,impression,0.0143,0.0
EVT_129960,2026-07-29 17:12:05,CMP_103,B2B SaaS Trial,Display,q2_50,0.0,0.0
EVT_299139,2026-07-31 04:35:32,CMP_103,B2B SaaS Trial,Display,q2_50,0.0,0.0
EVT_581019,2026-07-30 17:56:57,CMP_103,B2B SaaS Trial,Display,q3_75,0.0,0.0
EVT_651815,2026-07-31 13:54:25,CMP_102,Tech Gadgets Launch,CTV,impression,0.0079,0.0
EVT_482402,2026-07-31 11:37:34,CMP_101,Summer Apparel,OLV,impression,0.0058,0.0
EVT_458553,2026-07-29 06:30:06,CMP_103,B2B SaaS Trial,Display,impression,0.0059,0.0
EVT_315888,2026-07-30 00:14:59,CMP_101,Summer Apparel,OLV,impression,0.0031,0.0
EVT_195753,2026-07-30 18:34:56,CMP_101,Summer Apparel,OLV,q1_25,0.0,0.0
EVT_417380,2026-07-29 05:12:01,CMP_101,Summer Apparel,OLV,q2_50,0.0,0.0
EVT_618099,2026-07-28 23:23:58,CMP_101,Summer Apparel,OLV,impression,0.0145,0.0
EVT_647994,2026-07-29 06:22:22,CMP_103,B2B SaaS Trial,Display,impression,0.004,0.0
EVT_966072,2026-07-29 01:01:58,CMP_102,Tech Gadgets Launch,CTV,impression,0.0051,0.0
EVT_510323,2026-07-30 11:52:12,CMP_103,B2B SaaS Trial,Display,impression,0.0125,0.0
EVT_468441,2026-07-31 04:24:45,CMP_103,B2B SaaS Trial,Display,q2_50,0.0,0.0
EVT_547564,2026-07-29 02:06:55,CMP_101,Summer Apparel,OLV,q1_25,0.0,0.0
EVT_935995,2026-07-30 17:14:50,CMP_101,Summer Apparel,OLV,impression,0.0067,0.0
EVT_775237,2026-07-30 22:01:37,CMP_101,Summer Apparel,OLV,q1_25,0.0,0.0
EVT_777347,2026-07-30 10:36:07,CMP_103,B2B SaaS Trial,Display,impression,0.0107,0.0
EVT_615216,2026-07-30 15:59:17,CMP_102,Tech Gadgets Launch,CTV,q1_25,0.0,0.0
EVT_400496,2026-07-30 07:12:25,CMP_101,Summer Apparel,OLV,q3_75,0.0,0.0
EVT_882393,2026-07-29 11:32:23,CMP_101,Summer Apparel,OLV,q1_25,0.0,0.0
EVT_969651,2026-07-31 09:13:28,CMP_101,Summer Apparel,OLV,q2_50,0.0,0.0
EVT_705370,2026-07-31 20:05:48,CMP_101,Summer Apparel,OLV,impression,0.0112,0.0
EVT_395115,2026-07-30 14:37:57,CMP_101,Summer Apparel,OLV,q1_25,0.0,0.0
EVT_829054,2026-07-30 17:02:00,CMP_101,Summer Apparel,OLV,q1_25,0.0,0.0
EVT_431000,2026-07-31 05:42:03,CMP_103,B2B SaaS Trial,Display,q3_75,0.0,0.0
EVT_181412,2026-07-29 14:49:11,CMP_103,B2B SaaS Trial,Display,q2_50,0.0,0.0
EVT_525019,2026-07-31 20:16:37,CMP_101,Summer Apparel,OLV,q1_25,0.0,0.0
EVT_747427,2026-07-28 20:41:27,CMP_103,B2B SaaS Trial,Display,impression,0.0081,0.0
EVT_807591,2026-07-31 02:30:34,CMP_101,Summer Apparel,OLV,impression,0.0056,0.0
EVT_610404,2026-07-30 11:13:10,CMP_101,Summer Apparel,OLV,q4_100,0.0,0.0
EVT_914477,2026-07-30 18:23:40,CMP_101,Summer Apparel,OLV,q1_25,0.0,0.0
EVT_255139,2026-07-31 08:10:25,CMP_101,Summer Apparel,OLV,impression,0.0133,0.0
EVT_329947,2026-07-31 04:21:41,CMP_101,Summer Apparel,OLV,impression,0.0072,0.0
EVT_113013,2026-07-31 11:41:31,CMP_101,Summer Apparel,OLV,impression,0.0064,0.0
EVT_546886,2026-07-31 18:45:37,CMP_103,B2B SaaS Trial,Display,impression,0.0032,0.0
EVT_515900,2026-07-31 07:28:25,CMP_102,Tech Gadgets Launch,CTV,impression,0.0106,0.0
EVT_442649,2026-07-30 17:47:46,CMP_103,B2B SaaS Trial,Display,impression,0.0039,0.0
EVT_165132,2026-07-29 19:31:27,CMP_102,Tech Gadgets Launch,CTV,impression,0.0045,0.0
EVT_260629,2026-07-29 23:40:13,CMP_101,Summer Apparel,OLV,q2_50,0.0,0.0
EVT_557557,2026-07-29 22:54:11,CMP_103,B2B SaaS Trial,Display,q2_50,0.0,0.0
EVT_404608,2026-07-31 00:37:36,CMP_103,B2B SaaS Trial,Display,q3_75,0.0,0.0
EVT_757214,2026-07-28 22:48:31,CMP_103,B2B SaaS Trial,Display,impression,0.01,0.0
EVT_541310,2026-07-30 04:16:34,CMP_103,B2B SaaS Trial,Display,impression,0.013,0.0
EVT_805828,2026-07-31 06:24:12,CMP_102,Tech Gadgets Launch,CTV,impression,0.0131,0.0
EVT_509131,2026-07-29 20:17:04,CMP_103,B2B SaaS Trial,Display,impression,0.0104,0.0
EVT_506938,2026-07-31 10:34:48,CMP_101,Summer Apparel,OLV,q1_25,0.0,0.0
EVT_206115,2026-07-31 05:30:39,CMP_101,Summer Apparel,OLV,impression,0.0046,0.0
EVT_188096,2026-07-30 11:43:39,CMP_103,B2B SaaS Trial,Display,impression,0.0138,0.0
EVT_838315,2026-07-29 13:55:10,CMP_101,Summer Apparel,OLV,impression,0.0075,0.0
EVT_101323,2026-07-29 17:36:57,CMP_101,Summer Apparel,OLV,impression,0.0126,0.0
EVT_985298,2026-07-31 03:55:23,CMP_102,Tech Gadgets Launch,CTV,q1_25,0.0,0.0
EVT_830332,2026-07-29 14:16:23,CMP_101,Summer Apparel,OLV,q1_25,0.0,0.0
EVT_387962,2026-07-31 06:44:49,CMP_103,B2B SaaS Trial,Display,q1_25,0.0,0.0
EVT_681509,2026-07-29 23:56:37,CMP_102,Tech Gadgets Launch,CTV,impression,0.0097,0.0
EVT_756087,2026-07-31 04:34:35,CMP_102,Tech Gadgets Launch,CTV,impression,0.0149,0.0
EVT_408636,2026-07-29 13:35:49,CMP_103,B2B SaaS Trial,Display,q1_25,0.0,0.0
EVT_958411,2026-07-30 12:08:01,CMP_103,B2B SaaS Trial,Display,q1_25,0.0,0.0
EVT_866530,2026-07-28 23:59:01,CMP_102,Tech Gadgets Launch,CTV,impression,0.011,0.0
EVT_311204,2026-07-30 13:56:24,CMP_101,Summer Apparel,OLV,q2_50,0.0,0.0
EVT_613825,2026-07-29 09:15:34,CMP_102,Tech Gadgets Launch,CTV,impression,0.0132,0.0
EVT_632891,2026-07-30 17:44:13,CMP_103,B2B SaaS Trial,Display,impression,0.0044,0.0
EVT_787145,2026-07-29 11:17:22,CMP_102,Tech Gadgets Launch,CTV,impression,0.0106,0.0
EVT_698860,2026-07-31 02:46:12,CMP_102,Tech Gadgets Launch,CTV,q1_25,0.0,0.0
EVT_548798,2026-07-31 13:26:04,CMP_101,Summer Apparel,OLV,q1_25,0.0,0.0
EVT_326229,2026-07-30 13:20:42,CMP_103,B2B SaaS Trial,Display,impression,0.0084,0.0
EVT_837268,2026-07-29 18:38:57,CMP_103,B2B SaaS Trial,Display,q2_50,0.0,0.0
EVT_381178,2026-07-30 14:45:00,CMP_102,Tech Gadgets Launch,CTV,q3_75,0.0,0.0
EVT_774372,2026-07-30 01:31:49,CMP_103,B2B SaaS Trial,Display,impression,0.0066,0.0
EVT_332968,2026-07-30 04:11:37,CMP_103,B2B SaaS Trial,Display,q2_50,0.0,0.0
EVT_559630,2026-07-30 22:39:41,CMP_102,Tech Gadgets Launch,CTV,impression,0.0077,0.0
EVT_141593,2026-07-29 00:02:06,CMP_103,B2B SaaS Trial,Display,impression,0.0146,0.0
EVT_835321,2026-07-30 14:28:57,CMP_101,Summer Apparel,OLV,q3_75,0.0,0.0
EVT_535147,2026-07-29 17:20:24,CMP_101,Summer Apparel,OLV,impression,0.0077,0.0
EVT_466797,2026-07-31 15:50:11,CMP_102,Tech Gadgets Launch,CTV,q2_50,0.0,0.0
EVT_319370,2026-07-30 08:57:33,CMP_103,B2B SaaS Trial,Display,q1_25,0.0,0.0
EVT_405138,2026-07-30 04:17:09,CMP_103,B2B SaaS Trial,Display,impression,0.0082,0.0
EVT_822992,2026-07-29 18:03:23,CMP_101,Summer Apparel,OLV,impression,0.0027,0.0
EVT_963358,2026-07-30 12:05:25,CMP_103,B2B SaaS Trial,Display,impression,0.0102,0.0
EVT_385913,2026-07-31 08:49:07,CMP_101,Summer Apparel,OLV,q2_50,0.0,0.0
EVT_492192,2026-07-29 08:43:01,CMP_103,B2B SaaS Trial,Display,impression,0.0134,0.0
EVT_577512,2026-07-30 06:20:29,CMP_102,Tech Gadgets Launch,CTV,q1_25,0.0,0.0
EVT_357560,2026-07-31 11:16:15,CMP_103,B2B SaaS Trial,Display,impression,0.0021,0.0
EVT_553241,2026-07-30 04:00:06,CMP_102,Tech Gadgets Launch,CTV,impression,0.0104,0.0
EVT_170294,2026-07-29 15:42:35,CMP_103,B2B SaaS Trial,Display,impression,0.0041,0.0
EVT_416702,2026-07-31 12:34:27,CMP_101,Summer Apparel,OLV,impression,0.0028,0.0
EVT_906652,2026-07-29 00:34:16,CMP_101,Summer Apparel,OLV,q2_50,0.0,0.0
EVT_175694,2026-07-31 14:20:27,CMP_102,Tech Gadgets Launch,CTV,impression,0.0074,0.0
EVT_376749,2026-07-30 22:31:12,CMP_101,Summer Apparel,OLV,q2_50,0.0,0.0
EVT_411971,2026-07-30 00:24:33,CMP_101,Summer Apparel,OLV,impression,0.0083,0.0
EVT_806029,2026-07-31 11:25:21,CMP_102,Tech Gadgets Launch,CTV,q1_25,0.0,0.0
EVT_741198,2026-07-29 07:29:20,CMP_102,Tech Gadgets Launch,CTV,impression,0.0061,0.0
EVT_602462,2026-07-30 10:02:52,CMP_101,Summer Apparel,OLV,impression,0.012,0.0
EVT_261783,2026-07-31 15:37:21,CMP_101,Summer Apparel,OLV,q3_75,0.0,0.0
EVT_446405,2026-07-31 03:48:47,CMP_101,Summer Apparel,OLV,impression,0.0041,0.0
EVT_666576,2026-07-29 09:59:53,CMP_103,B2B SaaS Trial,Display,impression,0.0098,0.0
EVT_855990,2026-07-30 21:43:10,CMP_103,B2B SaaS Trial,Display,q3_75,0.0,0.0
EVT_753481,2026-07-30 10:10:41,CMP_101,Summer Apparel,OLV,impression,0.0133,0.0
EVT_615614,2026-07-31 12:28:32,CMP_101,Summer Apparel,OLV,q1_25,0.0,0.0
EVT_898535,2026-07-30 07:19:54,CMP_102,Tech Gadgets Launch,CTV,impression,0.0036,0.0
EVT_999250,2026-07-31 15:36:04,CMP_102,Tech Gadgets Launch,CTV,impression,0.0059,0.0
EVT_906452,2026-07-30 17:08:05,CMP_102,Tech Gadgets Launch,CTV,q1_25,0.0,0.0
EVT_390868,2026-07-31 15:35:47,CMP_101,Summer Apparel,OLV,impression,0.0059,0.0
EVT_251175,2026-07-29 16:53:01,CMP_101,Summer Apparel,OLV,impression,0.0042,0.0
EVT_338186,2026-07-31 15:46:17,CMP_101,Summer Apparel,OLV,q1_25,0.0,0.0
EVT_820812,2026-07-29 21:01:02,CMP_101,Summer Apparel,OLV,q1_25,0.0,0.0
EVT_320666,2026-07-29 14:38:54,CMP_103,B2B SaaS Trial,Display,q2_50,0.0,0.0
EVT_727241,2026-07-31 16:59:09,CMP_101,Summer Apparel,OLV,q3_75,0.0,0.0
EVT_147400,2026-07-29 20:30:32,CMP_103,B2B SaaS Trial,Display,impression,0.0075,0.0
EVT_289501,2026-07-31 14:36:04,CMP_102,Tech Gadgets Launch,CTV,impression,0.0112,0.0
EVT_379638,2026-07-29 19:53:58,CMP_101,Summer Apparel,OLV,impression,0.004,0.0
EVT_773370,2026-07-29 23:32:14,CMP_103,B2B SaaS Trial,Display,q2_50,0.0,0.0
EVT_809876,2026-07-31 06:47:15,CMP_103,B2B SaaS Trial,Display,impression,0.0114,0.0
EVT_724304,2026-07-31 14:20:19,CMP_103,B2B SaaS Trial,Display,q2_50,0.0,0.0
EVT_443427,2026-07-30 03:12:07,CMP_103,B2B SaaS Trial,Display,q1_25,0.0,0.0
EVT_125929,2026-07-29 02:43:33,CMP_102,Tech Gadgets Launch,CTV,q1_25,0.0,0.0
EVT_532977,2026-07-31 17:00:07,CMP_102,Tech Gadgets Launch,CTV,impression,0.0057,0.0
EVT_265233,2026-07-30 13:33:25,CMP_101,Summer Apparel,OLV,q2_50,0.0,0.0
EVT_542754,2026-07-31 12:31:14,CMP_102,Tech Gadgets Launch,CTV,impression,0.0073,0.0
EVT_395103,2026-07-28 22:51:27,CMP_102,Tech Gadgets Launch,CTV,click,0.0,0.0
EVT_755854,2026-07-30 04:25:14,CMP_103,B2B SaaS Trial,Display,q3_75,0.0,0.0
EVT_671776,2026-07-31 00:39:50,CMP_101,Summer Apparel,OLV,impression,0.0101,0.0
EVT_684226,2026-07-31 07:07:50,CMP_101,Summer Apparel,OLV,q1_25,0.0,0.0
EVT_490317,2026-07-29 13:09:57,CMP_102,Tech Gadgets Launch,CTV,impression,0.0047,0.0
EVT_616132,2026-07-30 22:57:46,CMP_103,B2B SaaS Trial,Display,q1_25,0.0,0.0
EVT_168962,2026-07-30 02:38:51,CMP_101,Summer Apparel,OLV,impression,0.0032,0.0
EVT_596032,2026-07-31 12:59:14,CMP_101,Summer Apparel,OLV,impression,0.0031,0.0
EVT_726253,2026-07-29 00:57:07,CMP_103,B2B SaaS Trial,Display,q2_50,0.0,0.0
EVT_693845,2026-07-29 04:33:37,CMP_102,Tech Gadgets Launch,CTV,impression,0.0093,0.0
EVT_729032,2026-07-30 23:30:15,CMP_102,Tech Gadgets Launch,CTV,impression,0.0077,0.0
EVT_396310,2026-07-30 23:52:32,CMP_101,Summer Apparel,OLV,q3_75,0.0,0.0
EVT_339342,2026-07-30 20:25:06,CMP_102,Tech Gadgets Launch,CTV,q1_25,0.0,0.0
EVT_594804,2026-07-31 07:15:46,CMP_103,B2B SaaS Trial,Display,impression,0.0066,0.0
EVT_379628,2026-07-30 22:16:02,CMP_102,Tech Gadgets Launch,CTV,impression,0.0052,0.0
EVT_662877,2026-07-29 05:51:01,CMP_103,B2B SaaS Trial,Display,impression,0.004,0.0
EVT_796992,2026-07-29 23:27:06,CMP_101,Summer Apparel,OLV,impression,0.0065,0.0
EVT_162584,2026-07-30 03:53:47,CMP_102,Tech Gadgets Launch,CTV,click,0.0,0.0
EVT_309716,2026-07-30 22:46:17,CMP_101,Summer Apparel,OLV,impression,0.0143,0.0
EVT_445996,2026-07-31 11:10:18,CMP_102,Tech Gadgets Launch,CTV,impression,0.0139,0.0
EVT_759465,2026-07-31 09:35:41,CMP_102,Tech Gadgets Launch,CTV,q1_25,0.0,0.0
EVT_455616,2026-07-30 00:32:29,CMP_103,B2B SaaS Trial,Display,impression,0.0103,0.0
EVT_524341,2026-07-31 17:04:54,CMP_101,Summer Apparel,OLV,q2_50,0.0,0.0
EVT_836024,2026-07-31 11:56:23,CMP_103,B2B SaaS Trial,Display,impression,0.0131,0.0
EVT_125428,2026-07-30 17:33:00,CMP_101,Summer Apparel,OLV,q1_25,0.0,0.0
EVT_273378,2026-07-31 05:18:28,CMP_103,B2B SaaS Trial,Display,impression,0.0135,0.0
EVT_322888,2026-07-31 01:46:15,CMP_103,B2B SaaS Trial,Display,impression,0.003,0.0
EVT_509809,2026-07-29 21:27:44,CMP_101,Summer Apparel,OLV,impression,0.0065,0.0
EVT_993443,2026-07-29 06:06:10,CMP_102,Tech Gadgets Launch,CTV,impression,0.0149,0.0
EVT_807923,2026-07-30 05:15:20,CMP_102,Tech Gadgets Launch,CTV,impression,0.0143,0.0
EVT_715338,2026-07-30 09:57:39,CMP_103,B2B SaaS Trial,Display,impression,0.0125,0.0
EVT_758607,2026-07-31 19:04:29,CMP_103,B2B SaaS Trial,Display,q2_50,0.0,0.0
EVT_934323,2026-07-31 07:35:25,CMP_102,Tech Gadgets Launch,CTV,impression,0.0131,0.0
EVT_355232,2026-07-30 12:50:03,CMP_103,B2B SaaS Trial,Display,q4_100,0.0,0.0
EVT_989106,2026-07-30 13:18:00,CMP_102,Tech Gadgets Launch,CTV,q2_50,0.0,0.0
EVT_696540,2026-07-31 01:31:03,CMP_102,Tech Gadgets Launch,CTV,impression,0.0044,0.0
EVT_254965,2026-07-29 23:04:03,CMP_101,Summer Apparel,OLV,q1_25,0.0,0.0
EVT_546165,2026-07-31 10:38:39,CMP_103,B2B SaaS Trial,Display,q3_75,0.0,0.0
EVT_202903,2026-07-31 01:52:14,CMP_101,Summer Apparel,OLV,impression,0.006,0.0
EVT_456478,2026-07-29 12:26:09,CMP_103,B2B SaaS Trial,Display,q3_75,0.0,0.0
EVT_342809,2026-07-30 20:10:41,CMP_103,B2B SaaS Trial,Display,impression,0.0091,0.0
EVT_944968,2026-07-30 02:56:21,CMP_103,B2B SaaS Trial,Display,click,0.0,0.0
EVT_693349,2026-07-31 19:33:48,CMP_103,B2B SaaS Trial,Display,q1_25,0.0,0.0
EVT_115303,2026-07-31 05:30:39,CMP_103,B2B SaaS Trial,Display,q1_25,0.0,0.0
EVT_891967,2026-07-31 18:01:01,CMP_103,B2B SaaS Trial,Display,impression,0.0098,0.0
EVT_357798,2026-07-31 10:58:49,CMP_102,Tech Gadgets Launch,CTV,q1_25,0.0,0.0
EVT_846463,2026-07-30 18:37:58,CMP_102,Tech Gadgets Launch,CTV,impression,0.0056,0.0
EVT_401267,2026-07-30 05:34:29,CMP_103,B2B SaaS Trial,Display,impression,0.0026,0.0
EVT_157941,2026-07-31 07:53:50,CMP_103,B2B SaaS Trial,Display,q1_25,0.0,0.0
EVT_555391,2026-07-30 10:38:07,CMP_103,B2B SaaS Trial,Display,impression,0.0095,0.0
EVT_849665,2026-07-31 08:54:57,CMP_102,Tech Gadgets Launch,CTV,q3_75,0.0,0.0
EVT_219895,2026-07-30 11:56:33,CMP_101,Summer Apparel,OLV,q2_50,0.0,0.0
EVT_805310,2026-07-29 01:29:06,CMP_103,B2B SaaS Trial,Display,q1_25,0.0,0.0
EVT_855166,2026-07-29 08:06:44,CMP_101,Summer Apparel,OLV,impression,0.0142,0.0
EVT_776666,2026-07-29 07:43:11,CMP_102,Tech Gadgets Launch,CTV,impression,0.0125,0.0
EVT_866974,2026-07-31 16:43:24,CMP_101,Summer Apparel,OLV,q4_100,0.0,0.0
EVT_590010,2026-07-30 15:59:57,CMP_103,B2B SaaS Trial,Display,q1_25,0.0,0.0
EVT_634528,2026-07-29 11:48:11,CMP_102,Tech Gadgets Launch,CTV,q1_25,0.0,0.0
EVT_428931,2026-07-29 15:59:00,CMP_103,B2B SaaS Trial,Display,impression,0.012,0.0
EVT_815858,2026-07-28 21:25:36,CMP_103,B2B SaaS Trial,Display,impression,0.0028,0.0
EVT_573322,2026-07-31 16:38:10,CMP_101,Summer Apparel,OLV,impression,0.0086,0.0
EVT_426474,2026-07-30 05:50:26,CMP_102,Tech Gadgets Launch,CTV,q2_50,0.0,0.0
EVT_792964,2026-07-31 12:57:04,CMP_101,Summer Apparel,OLV,impression,0.012,0.0
EVT_409581,2026-07-29 12:16:31,CMP_103,B2B SaaS Trial,Display,impression,0.0039,0.0
EVT_565489,2026-07-30 07:06:10,CMP_102,Tech Gadgets Launch,CTV,impression,0.0059,0.0
EVT_842409,2026-07-31 17:09:06,CMP_101,Summer Apparel,OLV,impression,0.0128,0.0
EVT_308073,2026-07-29 09:19:21,CMP_103,B2B SaaS Trial,Display,q2_50,0.0,0.0
EVT_294412,2026-07-30 19:35:48,CMP_103,B2B SaaS Trial,Display,impression,0.0036,0.0
EVT_625766,2026-07-31 16:25:29,CMP_103,B2B SaaS Trial,Display,impression,0.0034,0.0
EVT_568173,2026-07-28 23:32:03,CMP_103,B2B SaaS Trial,Display,q3_75,0.0,0.0
EVT_208514,2026-07-29 13:24:26,CMP_102,Tech Gadgets Launch,CTV,q1_25,0.0,0.0
EVT_595376,2026-07-31 08:54:10,CMP_103,B2B SaaS Trial,Display,q1_25,0.0,0.0
EVT_229081,2026-07-29 16:20:24,CMP_103,B2B SaaS Trial,Display,impression,0.0089,0.0
EVT_101478,2026-07-31 06:59:55,CMP_103,B2B SaaS Trial,Display,impression,0.0046,0.0
EVT_281591,2026-07-31 07:43:01,CMP_103,B2B SaaS Trial,Display,q1_25,0.0,0.0
EVT_282277,2026-07-29 05:00:46,CMP_103,B2B SaaS Trial,Display,q4_100,0.0,0.0
EVT_407389,2026-07-30 02:07:12,CMP_103,B2B SaaS Trial,Display,q1_25,0.0,0.0
EVT_747706,2026-07-30 05:38:25,CMP_103,B2B SaaS Trial,Display,q1_25,0.0,0.0
EVT_669582,2026-07-29 20:34:13,CMP_103,B2B SaaS Trial,Display,impression,0.0116,0.0
EVT_489543,2026-07-31 04:52:16,CMP_103,B2B SaaS Trial,Display,impression,0.008,0.0
EVT_886957,2026-07-30 13:16:53,CMP_103,B2B SaaS Trial,Display,q3_75,0.0,0.0
EVT_396016,2026-07-30 04:53:13,CMP_102,Tech Gadgets Launch,CTV,impression,0.0052,0.0
EVT_423925,2026-07-30 07:26:57,CMP_101,Summer Apparel,OLV,q1_25,0.0,0.0
EVT_867542,2026-07-31 08:16:40,CMP_102,Tech Gadgets Launch,CTV,impression,0.0021,0.0
EVT_281970,2026-07-31 20:12:59,CMP_103,B2B SaaS Trial,Display,q1_25,0.0,0.0
EVT_457413,2026-07-30 22:53:14,CMP_102,Tech Gadgets Launch,CTV,impression,0.0113,0.0
EVT_708981,2026-07-30 08:00:35,CMP_103,B2B SaaS Trial,Display,impression,0.0118,0.0
EVT_972633,2026-07-31 00:43:56,CMP_102,Tech Gadgets Launch,CTV,impression,0.0122,0.0
EVT_353311,2026-07-29 04:25:47,CMP_101,Summer Apparel,OLV,impression,0.0104,0.0
EVT_295088,2026-07-28 20:48:59,CMP_101,Summer Apparel,OLV,impression,0.0148,0.0
EVT_762323,2026-07-29 06:26:25,CMP_101,Summer Apparel,OLV,q1_25,0.0,0.0
EVT_143637,2026-07-30 09:06:50,CMP_102,Tech Gadgets Launch,CTV,click,0.0,0.0
EVT_298965,2026-07-31 10:10:53,CMP_102,Tech Gadgets Launch,CTV,q2_50,0.0,0.0
EVT_935075,2026-07-30 20:01:05,CMP_101,Summer Apparel,OLV,click,0.0,0.0
EVT_736426,2026-07-31 08:27:31,CMP_102,Tech Gadgets Launch,CTV,q3_75,0.0,0.0
EVT_716287,2026-07-28 23:01:27,CMP_103,B2B SaaS Trial,Display,q1_25,0.0,0.0
EVT_168666,2026-07-30 06:19:00,CMP_102,Tech Gadgets Launch,CTV,impression,0.0068,0.0
EVT_334036,2026-07-29 15:04:24,CMP_102,Tech Gadgets Launch,CTV,impression,0.0078,0.0
EVT_711491,2026-07-29 07:24:39,CMP_103,B2B SaaS Trial,Display,click,0.0,0.0
EVT_739440,2026-07-29 01:00:01,CMP_102,Tech Gadgets Launch,CTV,impression,0.0059,0.0
EVT_946400,2026-07-29 23:37:01,CMP_103,B2B SaaS Trial,Display,q1_25,0.0,0.0
EVT_752424,2026-07-31 14:52:25,CMP_101,Summer Apparel,OLV,impression,0.0104,0.0
EVT_400933,2026-07-30 18:39:47,CMP_101,Summer Apparel,OLV,q3_75,0.0,0.0
EVT_188749,2026-07-30 21:48:46,CMP_103,B2B SaaS Trial,Display,impression,0.0057,0.0
EVT_390240,2026-07-31 08:51:05,CMP_101,Summer Apparel,OLV,impression,0.0135,0.0
EVT_352637,2026-07-29 07:37:36,CMP_103,B2B SaaS Trial,Display,impression,0.0138,0.0
EVT_954892,2026-07-29 16:44:53,CMP_103,B2B SaaS Trial,Display,impression,0.0077,0.0
EVT_491245,2026-07-31 06:51:19,CMP_103,B2B SaaS Trial,Display,impression,0.0124,0.0
EVT_608243,2026-07-30 19:17:42,CMP_101,Summer Apparel,OLV,q1_25,0.0,0.0
EVT_246545,2026-07-31 12:49:33,CMP_101,Summer Apparel,OLV,impression,0.0134,0.0
EVT_800965,2026-07-30 19:00:24,CMP_103,B2B SaaS Trial,Display,impression,0.0131,0.0
EVT_887754,2026-07-29 03:57:46,CMP_103,B2B SaaS Trial,Display,q1_25,0.0,0.0
EVT_665665,2026-07-31 13:49:55,CMP_102,Tech Gadgets Launch,CTV,conversion,0.0,72.6
EVT_947330,2026-07-29 03:38:44,CMP_101,Summer Apparel,OLV,impression,0.0133,0.0
EVT_773526,2026-07-29 16:33:35,CMP_101,Summer Apparel,OLV,impression,0.0109,0.0
EVT_915799,2026-07-31 10:07:25,CMP_101,Summer Apparel,OLV,q3_75,0.0,0.0
EVT_961304,2026-07-29 15:01:29,CMP_101,Summer Apparel,OLV,impression,0.0115,0.0
EVT_180947,2026-07-29 15:47:58,CMP_102,Tech Gadgets Launch,CTV,impression,0.0047,0.0
EVT_211861,2026-07-29 14:40:11,CMP_103,B2B SaaS Trial,Display,q1_25,0.0,0.0
EVT_980599,2026-07-29 12:54:04,CMP_103,B2B SaaS Trial,Display,impression,0.006,0.0
EVT_172741,2026-07-31 14:38:27,CMP_102,Tech Gadgets Launch,CTV,impression,0.0119,0.0
EVT_918057,2026-07-30 14:57:45,CMP_103,B2B SaaS Trial,Display,q3_75,0.0,0.0
EVT_212521,2026-07-30 17:37:05,CMP_102,Tech Gadgets Launch,CTV,impression,0.009,0.0
EVT_245682,2026-07-30 13:00:07,CMP_102,Tech Gadgets Launch,CTV,impression,0.0067,0.0
EVT_952141,2026-07-30 02:33:54,CMP_103,B2B SaaS Trial,Display,q2_50,0.0,0.0
EVT_722226,2026-07-29 17:58:55,CMP_103,B2B SaaS Trial,Display,impression,0.0024,0.0
EVT_785462,2026-07-29 07:27:45,CMP_101,Summer Apparel,OLV,q4_100,0.0,0.0
EVT_990408,2026-07-31 01:53:09,CMP_101,Summer Apparel,OLV,q3_75,0.0,0.0
EVT_623572,2026-07-29 14:45:18,CMP_103,B2B SaaS Trial,Display,impression,0.0082,0.0
EVT_654539,2026-07-30 05:17:32,CMP_101,Summer Apparel,OLV,impression,0.0095,0.0
EVT_146990,2026-07-28 23:35:05,CMP_101,Summer Apparel,OLV,q2_50,0.0,0.0
EVT_789285,2026-07-30 20:45:05,CMP_101,Summer Apparel,OLV,click,0.0,0.0
EVT_615666,2026-07-30 19:26:48,CMP_102,Tech Gadgets Launch,CTV,impression,0.0144,0.0
EVT_603916,2026-07-28 22:00:35,CMP_101,Summer Apparel,OLV,impression,0.0082,0.0
EVT_498676,2026-07-28 23:58:15,CMP_101,Summer Apparel,OLV,impression,0.0118,0.0
EVT_775032,2026-07-30 08:51:10,CMP_101,Summer Apparel,OLV,q1_25,0.0,0.0
EVT_732021,2026-07-28 21:24:52,CMP_101,Summer Apparel,OLV,q3_75,0.0,0.0
EVT_231433,2026-07-29 13:21:33,CMP_103,B2B SaaS Trial,Display,q3_75,0.0,0.0
EVT_721255,2026-07-28 21:36:57,CMP_101,Summer Apparel,OLV,impression,0.01,0.0
EVT_898249,2026-07-28 21:48:25,CMP_101,Summer Apparel,OLV,impression,0.0072,0.0
EVT_205042,2026-07-29 09:08:02,CMP_102,Tech Gadgets Launch,CTV,q1_25,0.0,0.0
EVT_979047,2026-07-30 03:28:36,CMP_102,Tech Gadgets Launch,CTV,impression,0.0066,0.0
EVT_918423,2026-07-31 04:04:54,CMP_103,B2B SaaS Trial,Display,impression,0.0133,0.0
EVT_489200,2026-07-30 21:35:01,CMP_101,Summer Apparel,OLV,q2_50,0.0,0.0
EVT_578072,2026-07-30 01:12:25,CMP_103,B2B SaaS Trial,Display,q4_100,0.0,0.0
EVT_411877,2026-07-29 21:18:24,CMP_101,Summer Apparel,OLV,impression,0.0113,0.0
EVT_738382,2026-07-30 08:51:06,CMP_102,Tech Gadgets Launch,CTV,impression,0.0119,0.0
EVT_116820,2026-07-29 10:36:03,CMP_102,Tech Gadgets Launch,CTV,q2_50,0.0,0.0
EVT_930459,2026-07-29 14:46:05,CMP_102,Tech Gadgets Launch,CTV,impression,0.0063,0.0
EVT_179818,2026-07-30 19:05:55,CMP_103,B2B SaaS Trial,Display,q1_25,0.0,0.0
EVT_365909,2026-07-30 12:28:10,CMP_103,B2B SaaS Trial,Display,click,0.0,0.0
EVT_189444,2026-07-30 17:13:42,CMP_103,B2B SaaS Trial,Display,impression,0.0058,0.0
EVT_793052,2026-07-31 06:04:19,CMP_102,Tech Gadgets Launch,CTV,impression,0.0071,0.0
EVT_534458,2026-07-28 22:39:25,CMP_102,Tech Gadgets Launch,CTV,impression,0.0038,0.0
EVT_485889,2026-07-31 19:42:12,CMP_101,Summer Apparel,OLV,q1_25,0.0,0.0
EVT_114184,2026-07-31 17:57:20,CMP_102,Tech Gadgets Launch,CTV,q1_25,0.0,0.0
EVT_941590,2026-07-31 12:46:37,CMP_102,Tech Gadgets Launch,CTV,impression,0.0117,0.0
EVT_324049,2026-07-30 07:58:47,CMP_101,Summer Apparel,OLV,q3_75,0.0,0.0
EVT_947619,2026-07-30 00:38:19,CMP_103,B2B SaaS Trial,Display,impression,0.0067,0.0
EVT_504902,2026-07-29 16:54:08,CMP_102,Tech Gadgets Launch,CTV,impression,0.0121,0.0
EVT_471461,2026-07-29 21:13:32,CMP_102,Tech Gadgets Launch,CTV,q1_25,0.0,0.0
EVT_123002,2026-07-31 09:25:45,CMP_102,Tech Gadgets Launch,CTV,q1_25,0.0,0.0
EVT_249153,2026-07-31 02:06:10,CMP_103,B2B SaaS Trial,Display,impression,0.0074,0.0
